date,gold_close,gold_log_return,usd_broad_index_lag1,sp500_index_lag1,wti_price_lag1,treasury_10y_yield_lag1
2016-04-11,1256.699951171875,0.011363719796072758,110.4213,2047.6,39.74,1.72
2016-04-12,1259.4000244140625,0.0021462376732568345,109.9758,2041.99,40.46,1.73
2016-04-13,1246.800048828125,-0.01005512838417566,109.816,2061.72,42.12,1.79
2016-04-14,1225,-0.017639464077110922,110.1436,2082.42,41.7,1.77
2016-04-15,1233.0999755859375,0.006590460098726325,110.1691,2082.78,41.45,1.8
2016-04-18,1233.5999755859375,4.0539994060484474e-4,110.1933,2080.73,40.4,1.76
2016-04-19,1253,0.015603971877910183,109.9892,2094.34,39.74,1.78
2016-04-20,1253.199951171875,1.5956521921189903e-4,109.2782,2100.8,40.88,1.79
2016-04-21,1249,-0.003357009989702675,109.3926,2102.4,42.72,1.85
2016-04-22,1228.699951171875,-0.01638657099171681,109.8533,2091.48,43.18,1.88
2016-04-25,1238.9000244140625,0.00826724869407336,110.2331,2091.58,42.76,1.89
2016-04-26,1242.199951171875,0.002660052989487127,110.1865,2087.79,41.67,1.91
2016-04-27,1249.199951171875,0.005619345503985684,109.7496,2091.7,42.52,1.94
2016-04-28,1265.5,0.012963993663771767,109.8483,2095.15,45.29,1.87
2016-04-29,1289.199951171875,0.018554532081355823,109.2148,2075.81,46.03,1.84
2016-05-02,1294.699951171875,0.004257137284213286,108.8274,2065.3,45.98,1.83
2016-05-03,1290.699951171875,-0.003094301340337502,108.671,2081.43,44.75,1.88
2016-05-04,1273.300048828125,-0.013572675083322494,109.3613,2063.37,43.65,1.81
2016-05-05,1271.4000244140625,-0.001493319222276135,109.9952,2051.12,43.77,1.79
2016-05-06,1292.9000244140625,0.01676910143887511,110.2417,2050.63,44.33,1.76
2016-05-09,1265.5999755859375,-0.021341477420802057,110.3801,2057.14,44.58,1.79
2016-05-10,1263.9000244140625,-0.001344100753353672,110.9466,2058.69,43.45,1.77
2016-05-11,1274.5999755859375,0.008430186756369196,110.8225,2084.39,44.68,1.77
2016-05-12,1270.300048828125,-0.0033792532582230805,110.2806,2064.46,46.21,1.73
2016-05-13,1271.9000244140625,0.001258733184715588,110.6935,2064.11,46.64,1.75
2016-05-16,1273.4000244140625,0.0011786431028752986,111.2521,2046.61,46.22,1.71
2016-05-17,1276.199951171875,0.0021963664184188048,111.1217,2066.66,47.72,1.75
2016-05-18,1273.699951171875,-0.0019608619136297634,111.0867,2047.21,48.29,1.76
2016-05-19,1254.199951171875,-0.01542813208282734,111.4995,2047.63,48.12,1.87
2016-05-20,1252.4000244140625,-0.001436150231157285,112.2331,2040.04,48.16,1.85
2016-05-23,1251.0999755859375,-0.0010385851367962218,112.1822,2052.32,47.67,1.85
2016-05-24,1228.9000244140625,-0.017903664652126672,112.284,2048.04,48.12,1.84
2016-05-25,1223.5,-0.004403876274423624,112.2912,2076.06,48.04,1.86
2016-05-26,1220.0999755859375,-0.0027828013113238015,112.2001,2090.54,49.1,1.87
2016-05-27,1213.800048828125,-0.00517682794215979,111.8979,2090.1,49,1.83
2016-05-31,1214.800048828125,8.23519736724343e-4,112.0822,2099.06,49.36,1.85
2016-06-01,1211.9000244140625,-0.002390098246246808,112.4276,2096.96,49.1,1.84
2016-06-02,1209.800048828125,-0.0017342990864133156,112.462,2099.33,49.07,1.85
2016-06-03,1240.0999755859375,0.02473690478824775,112.4564,2105.26,49.14,1.81
2016-06-06,1244.5999755859375,0.00362217169757173,111.4451,2099.13,48.69,1.71
2016-06-07,1244.4000244140625,-1.6066787650093062e-4,111.2295,2109.41,49.71,1.73
2016-06-08,1259.800048828125,0.012299511303835331,110.8378,2112.13,50.37,1.72
2016-06-09,1270.199951171875,0.008221312981124385,110.1916,2119.12,51.23,1.71
2016-06-10,1273.4000244140625,0.002516177827683208,110.6168,2115.48,50.52,1.68
2016-06-13,1284.4000244140625,0.008601194468236706,111.1027,2096.07,49.09,1.64
2016-06-14,1285.5999755859375,9.338142093948676e-4,111.5036,2079.06,48.89,1.62
2016-06-15,1285.800048828125,1.556142495848789e-4,111.9826,2075.32,48.49,1.62
2016-06-16,1296.0999755859375,0.007978605910286873,111.7671,2071.5,47.92,1.6
2016-06-17,1292.5,-0.0027814092101872134,112.2347,2077.99,46.14,1.57
2016-06-20,1290,-0.0019361090268663617,111.5332,2071.22,48,1.62
2016-06-21,1270.5,-0.015231694595499334,110.8693,2083.25,49.4,1.67
2016-06-22,1268,-0.0019696677630474113,111.0077,2088.9,48.95,1.71
2016-06-23,1261.199951171875,-0.005377246041874173,110.7681,2085.45,49.16,1.69
2016-06-24,1320,0.045568126625119554,110.262,2113.32,49.34,1.74
2016-06-27,1322.5,0.0018921481520379757,112.1355,2037.41,46.7,1.57
2016-06-28,1315.300048828125,-0.005459071134537474,113.1301,2000.54,45.8,1.46
2016-06-29,1323.9000244140625,0.006517130786710901,112.7545,2036.09,47.93,1.46
2016-06-30,1318.4000244140625,-0.004163045711472968,111.8597,2070.77,49.85,1.5
2016-07-01,1336.699951171875,0.013784954775413638,112.1618,2098.86,48.27,1.49
2016-07-05,1356.4000244140625,0.014630295802076532,111.6509,2102.95,49.02,1.46
2016-07-06,1364.9000244140625,0.006247034498574777,112.4231,2088.55,46.73,1.37
2016-07-07,1360.0999755859375,-0.0035229752607088827,112.5438,2099.73,47.37,1.38
2016-07-08,1356.5999755859375,-0.0025766569730398814,112.5775,2097.9,45.22,1.4
2016-07-11,1355,-0.001180097201669561,112.3963,2129.9,45.37,1.37
2016-07-12,1334.0999755859375,-0.015544565429065571,112.5254,2137.16,44.73,1.43
2016-07-13,1342.4000244140625,0.006202186015081601,112.1102,2152.14,46.82,1.53
2016-07-14,1331.300048828125,-0.008303129784920316,112.0266,2152.43,44.87,1.48
2016-07-15,1326.5,-0.0036120505371028955,111.7692,2163.75,45.64,1.53
2016-07-18,1328.4000244140625,0.0014313343033443005,112.2833,2161.74,45.93,1.6
2016-07-19,1331.5,0.0023308973728486393,112.2463,2166.89,45.23,1.59
2016-07-20,1318.800048828125,-0.009583857031749687,112.638,2163.78,44.64,1.56
2016-07-21,1330.5,0.008832542195506221,112.6743,2173.02,44.96,1.59
2016-07-22,1323.0999755859375,-0.005577361821545779,112.6239,2165.17,43.96,1.57
2016-07-25,1319.300048828125,-0.0028761196958368984,112.989,2175.03,43.41,1.57
2016-07-26,1320.699951171875,0.001060532177999285,113.1784,2168.48,42.4,1.58
2016-07-27,1326.5999755859375,0.004457397609610503,113.0593,2169.18,42.16,1.57
2016-07-28,1332.300048828125,0.004287548927691454,113.217,2166.58,41.9,1.52
2016-07-29,1349,0.012456768592093326,112.7393,2170.06,41.13,1.52
2016-08-01,1351.4000244140625,0.001777532976074525,111.874,2173.6,41.54,1.46
2016-08-02,1364.4000244140625,0.009573679254285317,111.9757,2170.84,40.05,1.51
2016-08-03,1356.0999755859375,-0.006101874347359093,111.7124,2157.03,39.5,1.55
2016-08-04,1358.800048828125,0.0019890781304123806,111.9419,2163.79,40.8,1.55
2016-08-05,1336.4000244140625,-0.016622543470038664,111.9149,2164.25,41.92,1.51
2016-08-08,1333.4000244140625,-0.0022473602575390217,112.3589,2182.87,41.83,1.59
2016-08-09,1339,0.004190977197580992,112.1456,2180.89,43.06,1.59
2016-08-10,1344.300048828125,0.003950401091376676,111.722,2181.74,42.78,1.55
2016-08-11,1342.5,-0.0013399203995287934,111.3238,2175.49,41.75,1.5
2016-08-12,1335.800048828125,-0.005003147538015007,111.1954,2185.79,43.51,1.57
2016-08-15,1340.300048828125,0.0033631060701884152,111.1787,2184.05,44.47,1.51
2016-08-16,1350.5,0.0075813883174769,110.9212,2190.15,45.72,1.55
2016-08-17,1342.699951171875,-0.005792418519633635,110.4295,2178.15,46.57,1.57
2016-08-18,1351.199951171875,0.006310574643693556,110.9459,2182.22,46.81,1.56
2016-08-19,1340.4000244140625,-0.008024955279562818,110.3134,2187.02,48.2,1.53
2016-08-22,1337.699951171875,-0.002016410277178693,110.8163,2183.87,48.48,1.58
2016-08-23,1340.5999755859375,0.00216557191257305,110.9997,2182.64,46.8,1.55
2016-08-24,1324.4000244140625,-0.012157711605415678,110.9414,2186.9,47.54,1.55
2016-08-25,1320.0999755859375,-0.003252072314532839,111.2958,2175.44,46.29,1.56
2016-08-26,1321.5,0.0010599822517303181,111.1726,2172.47,46.97,1.58
2016-08-29,1322.9000244140625,0.0010588598789471604,111.2035,2169.04,47.64,1.62
2016-08-30,1311.699951171875,-0.00850234632726199,111.8775,2180.38,46.97,1.57
2016-08-31,1306.9000244140625,-0.003666029312142882,112.2928,2176.12,46.32,1.57
2016-09-01,1312.199951171875,0.004047141416004152,112.4036,2170.95,44.68,1.58
2016-09-02,1322.0999755859375,0.0075162823500365405,112.1733,2170.86,43.17,1.57
2016-09-06,1349.4000244140625,0.020438704235930416,112.0009,2179.98,44.39,1.6
2016-09-07,1344.300048828125,-0.0037865995033081745,110.9613,2186.48,44.85,1.55
2016-09-08,1336.800048828125,-0.0055947329752399355,110.9717,2186.16,45.47,1.54
2016-09-09,1330.0999755859375,-0.005024625803116578,111.2609,2181.3,47.63,1.61
2016-09-12,1321,-0.006865083481867096,111.9879,2127.81,45.88,1.67
2016-09-13,1319,-0.0015151518050107171,112.1516,2159.04,46.28,1.68
2016-09-14,1321.5,0.0018935813270291035,112.5207,2127.02,44.91,1.73
2016-09-15,1313.5,-0.006072124918748756,112.4678,2125.77,43.62,1.7
2016-09-16,1305.800048828125,-0.005879412979798104,112.4753,2147.26,43.85,1.71
2016-09-19,1313.5,0.005879412979798104,113.1765,2139.16,43.04,1.7
2016-09-20,1313.699951171875,1.5221618146821214e-4,112.903,2139.12,43.34,1.7
2016-09-21,1326.9000244140625,0.009997866634651409,113.1848,2139.76,43.85,1.69
2016-09-22,1340.4000244140625,0.010122682135452976,112.9842,2163.12,45.33,1.66
2016-09-23,1337.199951171875,-0.0023902560464241773,112.2592,2177.18,46.1,1.63
2016-09-26,1339.699951171875,0.0018678328051375814,112.7166,2164.69,44.36,1.62
2016-09-27,1325.9000244140625,-0.010354179302007438,112.7112,2146.1,45.6,1.59
2016-09-28,1319.4000244140625,-0.004914386241190449,112.5515,2159.93,44.65,1.56
2016-09-29,1321.699951171875,0.0017416435276524922,112.6283,2171.37,47.07,1.57
2016-09-30,1313.300048828125,-0.006375659049503213,112.2879,2151.13,47.72,1.56
2016-10-03,1309,-0.0032796038609319567,112.2795,2168.27,47.72,1.6
2016-10-04,1266.300048828125,-0.03316418589365622,112.5077,2161.2,48.8,1.63
2016-10-05,1265.199951171875,-8.691271779577292e-4,112.6579,2150.49,48.67,1.69
2016-10-06,1249.800048828125,-0.012246596274554378,112.7946,2159.73,49.75,1.72
2016-10-07,1248.9000244140625,-7.203941462403662e-4,113.0066,2160.77,50.44,1.75
2016-10-11,1253,0.0032774924785767823,113.2915,2153.74,49.76,1.73
2016-10-12,1251.0999755859375,-0.00151753108679209,113.4461,2136.73,50.72,1.77
2016-10-13,1255,0.003112427756607694,113.7442,2139.18,50.14,1.79
2016-10-14,1253.0999755859375,-0.0015151108775768307,113.6238,2132.55,50.47,1.75
2016-10-17,1254.4000244140625,0.001036928370576895,113.7119,2132.98,50.35,1.8
2016-10-18,1260.800048828125,0.005089088772621153,113.5488,2126.5,49.97,1.77
2016-10-19,1267.9000244140625,0.005615528957908289,113.1393,2139.6,50.3,1.75
2016-10-20,1265.5999755859375,-0.0018157090665287257,113.0547,2144.29,51.59,1.76
2016-10-21,1265.9000244140625,2.3705220583014608e-4,113.4033,2141.34,50.31,1.76
2016-10-24,1262,-0.0030855868275567744,113.9015,2141.16,50.61,1.74
2016-10-25,1271.9000244140625,0.00781410055123466,113.8571,2151.33,50.18,1.77
2016-10-26,1264.800048828125,-0.005597819151719641,113.6801,2143.16,49.45,1.77
2016-10-27,1267.9000244140625,0.002447962288740335,113.8131,2139.43,48.75,1.79
2016-10-28,1275.5,0.005976250792453008,114.1998,2133.04,49.71,1.85
2016-10-31,1271.5,-0.0031409527196926135,114.0931,2126.41,48.72,1.86
2016-11-01,1286.4000244140625,0.011650332541121244,114.0188,2126.15,46.83,1.84
2016-11-02,1306.800048828125,0.01573379968826938,113.9915,2111.72,46.66,1.83
2016-11-03,1302.0999755859375,-0.0036031111066421317,113.9206,2097.94,45.32,1.81
2016-11-04,1303.300048828125,9.212200167434403e-4,113.7664,2088.66,44.66,1.82
2016-11-07,1278.300048828125,-0.019368438629986606,113.5828,2085.18,44.07,1.79
2016-11-08,1273.4000244140625,-0.003840600616411116,113.5443,2131.52,44.88,1.83
2016-11-09,1272.5999755859375,-6.284751409726397e-4,113.3017,2139.56,44.96,1.88
2016-11-10,1265.5,-0.005594731629116723,114.6956,2163.26,45.2,2.07
2016-11-14,1221.199951171875,-0.035633359108182106,115.9375,2167.48,44.62,2.15
2016-11-15,1224,0.0022902421952748497,117.2245,2164.2,43.29,2.23
2016-11-16,1223.4000244140625,-4.902963078956546e-4,116.7724,2180.39,45.86,2.23
2016-11-17,1216.5,-0.005656004540798953,116.8062,2176.94,45.56,2.22
2016-11-18,1208.5,-0.006597962080038933,116.8952,2187.12,45.37,2.29
2016-11-21,1209.5999755859375,9.097850981474309e-4,117.5936,2181.9,45.69,2.34
2016-11-22,1211,0.0011567583114064917,117.4762,2198.18,47.48,2.33
2016-11-23,1189.0999755859375,-0.018249766641106113,117.4508,2202.94,48.07,2.31
2016-11-25,1178.199951171875,-0.00920888926738428,118.0356,2204.72,46.72,2.36
2016-11-28,1190.5999755859375,0.010469552569007945,118.02,2213.35,46.72,2.36
2016-11-29,1187.9000244140625,-0.0022702983658282605,117.7278,2201.72,45.66,2.32
2016-11-30,1170.800048828125,-0.014499745325127655,117.644,2204.66,45.29,2.3
2016-12-01,1166.9000244140625,-0.0033366367884370973,117.7636,2198.81,49.41,2.37
2016-12-02,1175.0999755859375,0.007002548829521338,117.6642,2191.08,51.08,2.45
2016-12-05,1174,-9.365081756955718e-4,117.3116,2191.95,51.7,2.4
2016-12-06,1167.5999755859375,-0.005466382317694141,117.1008,2204.71,51.72,2.39
2016-12-07,1175,0.0063178085079114155,116.9225,2212.23,50.95,2.39
2016-12-08,1169.800048828125,-0.004435311828759225,116.672,2241.35,49.85,2.34
2016-12-09,1159.4000244140625,-0.008930184786370532,117.0327,2246.19,50.84,2.4
2016-12-12,1163.5,0.00353005277921703,117.2834,2259.53,51.51,2.47
2016-12-13,1156.699951171875,-0.005861622654292908,116.9161,2256.96,52.74,2.49
2016-12-14,1161.300048828125,0.003969028209747982,116.8029,2271.72,52.99,2.48
2016-12-15,1127.800048828125,-0.029271233629700077,116.7332,2253.28,51.01,2.54
2016-12-16,1135.300048828125,0.0066281005113921765,118.8072,2262.03,50.9,2.6
2016-12-19,1140.5,0.004569786544949217,118.3584,2258.07,51.93,2.6
2016-12-20,1131.5,-0.007922576650851276,118.3875,2262.53,52.13,2.54
2016-12-21,1131.0999755859375,-3.535971206103383e-4,118.63,2270.76,52.22,2.57
2016-12-22,1128.800048828125,-0.0020354241577118515,118.581,2265.18,51.44,2.55
2016-12-23,1131.9000244140625,0.0027424934122031175,118.8209,2260.96,51.98,2.55
2016-12-27,1137.300048828125,0.004759416916297887,118.7856,2263.79,52.01,2.55
2016-12-28,1139.4000244140625,0.0018447543496460383,118.9506,2268.88,52.82,2.57
2016-12-29,1156.4000244140625,0.014809922780900209,119.2305,2249.92,54.01,2.51
2016-12-30,1150,-0.005549809897020808,118.6637,2249.26,53.8,2.49
2017-01-03,1160.4000244140625,0.009002851929303723,118.3466,2238.83,53.75,2.45
2017-01-04,1163.800048828125,0.0029257608917383493,119.0903,2257.83,52.36,2.45
2017-01-05,1179.699951171875,0.013569572279167552,118.8803,2270.75,53.26,2.46
2017-01-06,1171.9000244140625,-0.006633743360060507,117.9999,2269,53.77,2.37
2017-01-09,1183.5,0.009849765856593251,118.3495,2276.98,53.98,2.42
2017-01-10,1184.199951171875,5.912499106308644e-4,118.4111,2268.9,51.95,2.38
2017-01-11,1195.5999755859375,0.009580731125188535,118.5386,2268.9,50.82,2.38
2017-01-12,1198.9000244140625,0.0027563590874688515,119.0219,2275.32,52.19,2.38
2017-01-13,1195.300048828125,-0.0030072493432919956,117.8001,2270.44,53.01,2.36
2017-01-17,1212,0.013874646895224885,117.9884,2274.64,52.36,2.4
2017-01-18,1211.300048828125,-5.776842959903661e-4,117.2656,2267.89,52.45,2.33
2017-01-19,1200.9000244140625,-0.008622907336826913,117.7242,2271.89,51.12,2.42
2017-01-20,1204.300048828125,0.002827229814809762,118.3182,2263.69,51.39,2.47
2017-01-23,1215,0.008845550963396676,118.3182,2271.31,52.33,2.48
2017-01-24,1210.300048828125,-0.0038757736862713443,117.2479,2265.2,52.77,2.41
2017-01-25,1197.300048828125,-0.010799240583716951,117.0516,2280.07,52.38,2.47
2017-01-26,1189.5,-0.006536011761648197,116.9355,2298.37,52.14,2.53
2017-01-27,1188.0999755859375,-0.0011776788275987826,117.2766,2296.68,53.24,2.51
2017-01-30,1193.199951171875,0.004283360803183811,117.0735,2294.69,53.18,2.49
2017-01-31,1208.5999755859375,0.012823912008577132,116.7325,2280.9,52.63,2.49
2017-02-01,1205.5999755859375,-0.0024852966654380637,116.2241,2278.87,52.75,2.45
2017-02-02,1216.699951171875,0.00916488760006029,116.3914,2279.55,53.9,2.48
2017-02-03,1218.5,0.0014783584034638864,115.903,2280.85,53.55,2.48
2017-02-06,1230,0.00939357530120244,115.6259,2297.42,53.81,2.49
2017-02-07,1234.199951171875,0.003408777957932152,116.0504,2292.56,53.01,2.42
2017-02-08,1237.5999755859375,0.0027510532075201155,116.4082,2293.08,52.19,2.4
2017-02-09,1235.0999755859375,-0.002022081854818225,116.1382,2294.67,52.37,2.34
2017-02-10,1234.4000244140625,-5.668768500655119e-4,116.306,2307.87,52.99,2.4
2017-02-13,1224.4000244140625,-0.008134093816161148,116.148,2316.1,53.84,2.41
2017-02-14,1223.9000244140625,-4.0844667481820807e-4,116.3427,2328.25,52.96,2.43
2017-02-15,1231.699951171875,0.006352787968514129,116.3949,2337.58,53.21,2.47
2017-02-16,1240,0.006716090294516697,116.2162,2349.25,53.11,2.51
2017-02-17,1237.5999755859375,-0.0019373790671677327,116.0067,2347.22,53.41,2.45
2017-02-21,1237.5,-8.078508906983473e-5,116.4035,2351.16,53.41,2.42
2017-02-22,1232,-0.004454350349380576,116.5921,2365.38,54.02,2.43
2017-02-23,1250.199951171875,0.014664634347995253,116.2136,2362.82,53.61,2.42
2017-02-24,1256.9000244140625,0.005344891913360961,115.6527,2363.81,54.48,2.38
2017-02-27,1257.4000244140625,3.9772501044499364e-4,115.8143,2367.34,53.99,2.31
2017-02-28,1252.5999755859375,-0.0038247447646631016,115.6764,2369.75,54.04,2.36
2017-03-01,1248.9000244140625,-0.002958188183111332,116.0032,2363.64,54,2.36
2017-03-02,1231.9000244140625,-0.013705470631345307,116.438,2395.96,53.82,2.46
2017-03-03,1225.5,-0.0052087888179785935,116.8429,2381.92,52.63,2.49
2017-03-06,1224.5,-8.163265759453253e-4,116.6438,2383.12,53.33,2.49
2017-03-07,1215.0999755859375,-0.007706239569881035,116.4313,2375.31,53.19,2.49
2017-03-08,1208.5,-0.005446436678803401,116.4303,2368.39,52.68,2.52
2017-03-09,1202.4000244140625,-0.005060341400330515,116.875,2362.98,49.83,2.57
2017-03-10,1200.699951171875,-0.0014149003729180265,116.9959,2364.87,48.75,2.6
2017-03-13,1202.4000244140625,0.0014149003729180265,116.616,2372.6,48.05,2.58
2017-03-14,1201.9000244140625,-4.15921471574876e-4,116.4004,2373.47,47.95,2.62
2017-03-15,1200.0999755859375,-0.0014987919775935055,116.5646,2365.45,47.24,2.6
2017-03-16,1226.5,0.02175971840450508,116.3584,2385.26,48.34,2.51
2017-03-17,1229.800048828125,0.0026870095249433845,115.4456,2381.38,48.3,2.53
2017-03-20,1233.5999755859375,0.003085109794670693,115.2783,2378.25,48.34,2.5
2017-03-21,1246.0999755859375,0.010081950338284962,115.0426,2373.47,47.79,2.47
2017-03-22,1249.300048828125,0.0025647791657270602,114.8119,2344.02,47.02,2.43
2017-03-23,1246.9000244140625,-0.001922942939821759,114.7937,2348.45,47.29,2.4
2017-03-24,1248.199951171875,0.0010419837987623026,114.7899,2345.96,47,2.41
2017-03-27,1255.4000244140625,0.005751791949558438,114.63720000000001,2343.98,47.3,2.4
2017-03-28,1255.300048828125,-7.96396089333129e-5,114.2347,2341.59,47.02,2.38
2017-03-29,1253.4000244140625,-0.0015147484528919009,114.419,2358.57,48.36,2.42
2017-03-30,1245,-0.006724348370036104,114.7167,2361.13,49.47,2.39
2017-03-31,1247.300048828125,0.0018457243799128165,114.5245,2368.06,50.3,2.42
2017-04-03,1250.800048828125,0.0028021313424808625,114.7938,2362.72,50.54,2.4
2017-04-04,1255,0.0033521869446824226,114.8734,2358.84,50.25,2.35
2017-04-05,1245.4000244140625,-0.00767878952414236,115.0038,2360.16,50.99,2.36
2017-04-06,1250.300048828125,0.003926778512338913,114.9494,2352.95,51.14,2.34
2017-04-07,1254.300048828125,0.003194125405133086,115.0181,2357.49,51.69,2.34
2017-04-10,1251.0999755859375,-0.0025545421499373333,115.0547,2355.54,52.25,2.38
2017-04-11,1271.199951171875,0.015938153002180933,115.11,2357.16,53.06,2.37
2017-04-12,1275.300048828125,0.003220185508955531,115.009,2353.78,53.38,2.32
2017-04-13,1285.9000244140625,0.008277397941952813,114.9162,2344.93,53.12,2.28
2017-04-17,1289.4000244140625,0.0027181315485904634,114.5059,2328.95,53.19,2.24
2017-04-18,1291.699951171875,0.0017821296255693397,114.3283,2349.01,52.62,2.26
2017-04-19,1281.4000244140625,-0.00800589317895728,114.2575,2342.19,52.46,2.18
2017-04-20,1281.9000244140625,3.901221057365234e-4,114.7923,2338.17,50.49,2.21
2017-04-21,1287.4000244140625,0.0042813282190623525,114.6205,2355.84,50.26,2.24
2017-04-24,1275.800048828125,-0.009051228501958164,114.8128,2348.69,49.64,2.24
2017-04-25,1265.5999755859375,-0.008027172357524037,114.3659,2374.15,48.9,2.28
2017-04-26,1262.0999755859375,-0.002769317802299831,114.5111,2388.61,49.22,2.35
2017-04-27,1263.699951171875,0.0012669062050330027,114.9479,2387.45,49.22,2.32
2017-04-28,1266.0999755859375,0.0018974031177032558,114.9946,2388.77,48.96,2.3
2017-05-01,1253.300048828125,-0.010161178666199255,114.7877,2384.2,49.31,2.29
2017-05-02,1255.0999755859375,0.0014351196373922903,114.5921,2388.33,48.83,2.33
2017-05-03,1246.4000244140625,-0.0069558155103681685,114.6792,2391.17,47.65,2.29
2017-05-04,1226.5,-0.01609483100560194,114.6637,2388.13,47.79,2.33
2017-05-05,1224.800048828125,-0.001386979488867901,114.9076,2389.52,45.55,2.36
2017-05-08,1225.300048828125,4.081465956584651e-4,114.7725,2399.29,46.23,2.36
2017-05-09,1214.300048828125,-0.009017932534638007,115.0895,2399.38,46.46,2.39
2017-05-10,1217.300048828125,0.0024675122566781837,115.3933,2396.92,45.84,2.42
2017-05-11,1222.699951171875,0.0044261566880958725,115.1145,2399.63,47.28,2.41
2017-05-12,1226.199951171875,0.002858428292429771,115.0669,2394.44,47.81,2.39
2017-05-15,1228.5999755859375,0.001955373350477352,114.7479,2390.9,47.83,2.33
2017-05-16,1235,0.005195680203700093,114.3504,2402.32,48.86,2.34
2017-05-17,1257.5,0.018054652911816405,113.9923,2400.67,48.64,2.33
2017-05-18,1251.699951171875,-0.0046230346493647545,113.7506,2357.03,49.04,2.22
2017-05-19,1252.699951171875,7.985945473087952e-4,114.2683,2365.72,49.36,2.23
2017-05-22,1260.699951171875,0.006365900634421884,113.7001,2381.73,50.32,2.23
2017-05-23,1254.800048828125,-0.004690847276664023,113.5442,2394.02,50.81,2.25
2017-05-24,1252.4000244140625,-0.0019145062835237425,113.6862,2398.42,51.12,2.29
2017-05-25,1255.800048828125,0.002711128616023295,113.675,2404.39,50.99,2.26
2017-05-26,1267.5999755859375,0.009352470994601347,113.3719,2415.07,48.57,2.25
2017-05-30,1262.0999755859375,-0.00434834863611222,113.4839,2415.82,49.58,2.25
2017-05-31,1272,0.007813483979482783,113.5552,2412.91,49.63,2.21
2017-06-01,1267,-0.003938563578929077,113.2956,2411.8,48.29,2.21
2017-06-02,1276.800048828125,0.007705084616984159,113.3017,2430.06,48.32,2.21
2017-06-05,1279.300048828125,0.001956105552711307,113.1908,2439.07,47.68,2.15
2017-06-06,1294.4000244140625,0.011734194674689391,112.9755,2436.1,47.4,2.18
2017-06-07,1290.0999755859375,-0.003327570358595544,112.7095,2429.33,48.13,2.14
2017-06-08,1276.300048828125,-0.010754410560722683,112.8191,2433.14,45.8,2.18
2017-06-09,1268.5,-0.006130205206869022,112.8351,2433.79,45.68,2.19
2017-06-12,1266.0999755859375,-0.0018938097960150557,112.9562,2431.77,45.82,2.21
2017-06-13,1265.800048828125,-2.3691832720373895e-4,112.9837,2429.39,46.1,2.21
2017-06-14,1272.800048828125,0.005514864470222314,112.6271,2440.35,46.41,2.21
2017-06-15,1252.199951171875,-0.016317271069000938,112.0734,2437.92,44.79,2.15
2017-06-16,1254,0.0014364768755275037,112.8708,2432.46,44.47,2.16
2017-06-19,1244.199951171875,-0.007845728356542736,112.6155,2433.15,44.73,2.16
2017-06-20,1241,-0.0025752076317164807,112.7576,2453.46,44.24,2.19
2017-06-21,1243.4000244140625,0.0019320762655521406,113.2698,2437.03,43.34,2.16
2017-06-22,1247.5999755859375,0.0033721036946667837,113.3327,2435.61,42.48,2.16
2017-06-23,1256.199951171875,0.0068695659857471725,113.1654,2434.5,42.53,2.15
2017-06-26,1246.300048828125,-0.007912051139774334,112.8665,2438.3,42.86,2.15
2017-06-27,1246.4000244140625,8.021469334718034e-5,112.7633,2439.07,43.24,2.14
2017-06-28,1248,0.0012828542252272257,112.55,2419.38,44.25,2.21
2017-06-29,1244.199951171875,-0.003049556093049688,112.07470000000001,2440.69,44.74,2.22
2017-06-30,1240.699951171875,-0.002817016742802103,111.998,2419.7,44.88,2.27
2017-07-03,1217.9000244140625,-0.018547612954424864,111.9896,2423.41,46.02,2.31
2017-07-05,1220.4000244140625,0.0020506097083856645,112.4268,2429.01,46.02,2.35
2017-07-06,1222.199951171875,0.0014737796623212063,112.6534,2432.54,45.11,2.33
2017-07-07,1208.5999755859375,-0.011189828782629085,112.4199,2409.75,45.52,2.37
2017-07-10,1212.0999755859375,0.002891727607337913,112.3137,2425.18,44.25,2.39
2017-07-11,1213.5999755859375,0.0012367565827515747,112.1587,2427.43,44.4,2.38
2017-07-12,1218.0999755859375,0.003701118745908616,112.1434,2425.53,45.06,2.37
2017-07-13,1216.300048828125,-0.001478743893978951,111.5904,2443.25,45.48,2.33
2017-07-14,1226.5999755859375,0.008432590518839156,111.5365,2447.83,46.06,2.35
2017-07-17,1232.800048828125,0.00504195032537158,110.9075,2459.27,46.53,2.33
2017-07-18,1241.0999755859375,0.006710018850760946,110.9304,2459.14,46.02,2.31
2017-07-19,1241.199951171875,8.055077060920013e-5,110.4356,2460.61,46.4,2.27
2017-07-20,1244.800048828125,0.0028962994150303345,110.4339,2473.83,47.1,2.27
2017-07-21,1254.300048828125,0.007602773309408839,110.2512,2473.45,46.73,2.27
2017-07-24,1253.9000244140625,-3.189732922193045e-4,110.191,2472.54,45.78,2.24
2017-07-25,1251.699951171875,-0.0017561253424647205,110.2004,2469.91,46.21,2.26
2017-07-26,1249,-0.0021593571989519944,110.2835,2477.13,47.77,2.33
2017-07-27,1259.5999755859375,0.008450959718898865,110.3811,2477.83,48.58,2.29
2017-07-28,1268.4000244140625,0.006962092067635872,110.216,2475.42,49.05,2.32
2017-07-31,1266.5999755859375,-0.0014201571050573847,109.92,2472.1,49.72,2.3
2017-08-01,1272.5999755859375,0.004725906807240499,109.8177,2470.3,50.21,2.3
2017-08-02,1271.800048828125,-6.287743880610819e-4,109.8495,2476.35,49.19,2.26
2017-08-03,1267.800048828125,-0.0031501048621089822,109.7503,2477.57,49.6,2.27
2017-08-04,1258.300048828125,-0.007521510961367994,109.8332,2472.16,49.03,2.24
2017-08-07,1258.199951171875,-7.955307474905027e-5,110.2808,2476.83,49.57,2.27
2017-08-08,1256.4000244140625,-0.0014315812317580168,110.373,2480.91,49.37,2.26
2017-08-09,1273,0.013125811461156545,110.396,2474.92,49.07,2.29
2017-08-10,1283.699951171875,0.00837017549645136,110.3671,2474.02,49.59,2.24
2017-08-11,1287.699951171875,0.0031111483070125345,110.1886,2438.21,48.54,2.2
2017-08-14,1284.199951171875,-0.0027217250231359458,110.0422,2441.32,48.81,2.19
2017-08-15,1273.699951171875,-0.008209906077677687,110.095,2465.84,47.59,2.22
2017-08-16,1276.9000244140625,0.0025092722903705678,110.4846,2464.61,47.57,2.27
2017-08-17,1286.4000244140625,0.007412353852867426,110.4394,2468.11,46.8,2.23
2017-08-18,1285.699951171875,-5.443592909450956e-4,110.1673,2430.01,47.07,2.19
2017-08-21,1290.800048828125,0.0039589398932564634,110.041,2425.55,48.59,2.19
2017-08-22,1285.0999755859375,-0.004425701690303541,109.7349,2428.37,47.39,2.18
2017-08-23,1288.9000244140625,0.0029526430372124324,109.8386,2452.51,47.65,2.22
2017-08-24,1286.5,-0.001863807630716252,109.8095,2444.04,48.45,2.17
2017-08-25,1292.5,0.00465297466078507,109.7524,2438.97,47.24,2.19
2017-08-28,1309.699951171875,0.013219738670856351,109.3415,2443.05,47.65,2.17
2017-08-29,1313.0999755859375,0.0025926692188278366,109.1815,2444.24,46.4,2.16
2017-08-30,1308.0999755859375,-0.0038150512418457794,109.0946,2446.3,46.46,2.13
2017-08-31,1316.199951171875,0.006173075893794788,109.4052,2457.59,45.96,2.15
2017-09-01,1324.5,0.006286269787906917,109.3686,2471.65,47.26,2.12
2017-09-05,1339.199951171875,0.011037354562419388,109.0504,2476.55,47.32,2.16
2017-09-06,1333.9000244140625,-0.003965383824777291,108.8664,2457.85,48.63,2.07
2017-09-07,1345.0999755859375,0.008361341114399679,108.4897,2465.54,49.13,2.1
2017-09-08,1346,6.688896405071532e-4,107.9224,2465.1,49.1,2.05
2017-09-11,1331,-0.011206691809561242,107.808,2461.43,47.44,2.06
2017-09-12,1328,-0.002256488358733044,108.153,2488.11,48.06,2.14
2017-09-13,1323.4000244140625,-0.003469850010435316,108.3239,2496.48,48.21,2.17
2017-09-14,1324.699951171875,9.817808045111676e-4,108.6628,2498.37,49.3,2.2
2017-09-15,1320.4000244140625,-0.0032512423615180808,108.618,2495.62,49.86,2.2
2017-09-18,1306.300048828125,-0.010735988597468271,108.3147,2500.23,49.9,2.2
2017-09-19,1306.199951171875,-7.662978472566806e-5,108.6401,2503.87,49.88,2.23
2017-09-20,1312,0.004430569417291252,108.6142,2506.65,49.54,2.24
2017-09-21,1290.5999755859375,-0.016445482919126064,108.4329,2508.24,50.29,2.28
2017-09-22,1293.300048828125,0.0020899215909677693,108.9267,2500.6,50.58,2.27
2017-09-25,1306.800048828125,0.010384308915688756,108.7542,2502.22,50.33,2.26
2017-09-26,1297,-0.007527532775120527,109.3302,2496.66,51.85,2.22
2017-09-27,1283.4000244140625,-0.010541079977072876,109.7769,2496.84,51.59,2.24
2017-09-28,1285.5,0.001634922366573477,110.0722,2507.04,52.14,2.31
2017-09-29,1281.5,-0.003116480901819152,110.2415,2510.06,51.62,2.31
2017-10-02,1272.699951171875,-0.006890677171901949,110.0867,2519.36,51.67,2.33
2017-10-03,1271.5,-9.432837700495966e-4,110.3686,2529.12,50.59,2.34
2017-10-04,1273.699951171875,0.0017287063978832506,110.3281,2534.58,50.44,2.33
2017-10-05,1269.9000244140625,-0.0029878358398844895,110.2425,2537.74,50,2.33
2017-10-06,1271.5999755859375,0.0013377544169914657,110.5823,2552.07,50.79,2.35
2017-10-09,1281.800048828125,0.007989447326365529,110.7841,2549.33,49.34,2.37
2017-10-10,1290.5999755859375,0.006841829421378343,110.7841,2544.73,49.58,2.37
2017-10-11,1285.800048828125,-0.0037260769024234364,110.3034,2550.64,50.93,2.35
2017-10-12,1293.300048828125,0.005815998493391206,110.3037,2555.24,51.3,2.35
2017-10-13,1301.5,0.006320316258744185,110.3152,2550.93,50.61,2.33
2017-10-16,1299.9000244140625,-0.00123008823915427,110.2669,2553.17,51.43,2.28
2017-10-17,1283,-0.013086271579829223,110.5432,2557.64,51.86,2.3
2017-10-18,1279.9000244140625,-0.002419116678914257,110.9141,2559.36,51.87,2.3
2017-10-19,1286.9000244140625,0.005454275534116704,110.7214,2561.26,52.05,2.34
2017-10-20,1277.4000244140625,-0.007409463231041968,110.4577,2562.1,51.29,2.33
2017-10-23,1277.699951171875,2.3476714183878755e-4,111.0375,2575.21,51.63,2.39
2017-10-24,1275,-0.0021153697891094225,111.2134,2564.98,51.91,2.38
2017-10-25,1275.4000244140625,3.1369543092374386e-4,111.4027,2569.13,52.32,2.42
2017-10-26,1266.300048828125,-0.0071605730072059615,111.3904,2557.15,51.97,2.44
2017-10-27,1268.5,0.0017357990230921772,111.6418,2560.4,52.41,2.46
2017-10-30,1274.0999755859375,0.004404927786188395,112.1495,2581.07,53.92,2.42
2017-10-31,1267,-0.005588126504386004,111.901,2572.83,54.11,2.37
2017-11-01,1274.0999755859375,0.005588126504386004,111.8052,2575.26,54.36,2.38
2017-11-02,1274.9000244140625,6.277354683383862e-4,111.7942,2579.36,54.32,2.37
2017-11-03,1266.5,-0.0066105728521330676,111.5474,2579.85,54.55,2.35
2017-11-06,1279.4000244140625,0.010134046656737894,111.9383,2587.84,55.63,2.34
2017-11-07,1273.699951171875,-0.00446522483841072,111.7197,2591.13,57.34,2.32
2017-11-08,1281.5999755859375,0.006183266004363475,111.9446,2590.64,57.19,2.32
2017-11-09,1285.5999755859375,0.0031162381684790574,111.6935,2594.38,56.82,2.32
2017-11-10,1272.4000244140625,-0.010320616370499636,111.5626,2584.62,57.16,2.33
2017-11-13,1277.300048828125,0.003843613213939001,111.5626,2582.3,56.75,2.4
2017-11-14,1281.5,0.0032827535277863973,111.7833,2584.84,56.77,2.4
2017-11-15,1276.5,-0.003909309122587246,111.5097,2578.87,55.67,2.38
2017-11-16,1277.4000244140625,7.048235582587381e-4,111.4809,2564.62,55.28,2.33
2017-11-17,1295.800048828125,0.014301521457896982,111.2568,2585.64,55.14,2.37
2017-11-20,1274.5999755859375,-0.016495917971793617,111.0016,2578.85,56.21,2.35
2017-11-21,1281.0999755859375,0.00508668007937807,111.2599,2582.14,56.21,2.37
2017-11-22,1291.5999755859375,0.008162676176656447,110.9828,2599.03,56.84,2.36
2017-11-24,1286.699951171875,-0.003800977739327749,110.5632,2597.08,57.88,2.32
2017-11-27,1293.800048828125,0.005502899107364456,110.0253,2602.42,58.94,2.34
2017-11-28,1294.699951171875,6.95308000776329e-4,110.1136,2601.42,58.1,2.32
2017-11-29,1282.0999755859375,-0.009779630834338526,110.3018,2627.04,57.96,2.34
2017-11-30,1273.199951171875,-0.0069659614591834895,110.3265,2626.07,57.25,2.37
2017-12-01,1278.800048828125,0.004388798311229181,110.4648,2647.58,57.4,2.42
2017-12-04,1274.300048828125,-0.003525129832616436,110.1413,2642.22,58.35,2.37
2017-12-05,1261.5999755859375,-0.01001630923867669,110.397,2639.44,57.48,2.37
2017-12-06,1262.800048828125,9.507790532286009e-4,110.4905,2629.57,57.66,2.36
2017-12-07,1249.800048828125,-0.010347938786658517,110.8711,2629.27,55.79,2.33
2017-12-08,1245.199951171875,-0.003687457209357703,111.0178,2636.98,56.5,2.37
2017-12-11,1243.699951171875,-0.0012053519550523362,111.2273,2651.5,57.15,2.38
2017-12-12,1238.5,-0.004189798469907302,111.0827,2659.99,57.84,2.39
2017-12-13,1245.4000244140625,0.005555813112327002,111.5214,2664.11,57.12,2.4
2017-12-14,1253.800048828125,0.006722195742235648,111.2759,2662.85,56.59,2.36
2017-12-15,1254.300048828125,3.987081752363508e-4,111.0893,2652.01,57,2.35
2017-12-18,1262.199951171875,0.006278504505989879,111.1286,2675.81,57.29,2.35
2017-12-19,1260.699951171875,-0.0011891079589432252,110.9086,2690.16,57.17,2.39
2017-12-20,1266.0999755859375,0.004274206737060915,111.1255,2681.47,57.49,2.46
2017-12-21,1267.300048828125,9.474013739518838e-4,110.8361,2679.25,58.09,2.49
2017-12-22,1275.4000244140625,0.006371182406176956,110.8786,2684.57,58.34,2.48
2017-12-26,1284.0999755859375,0.006798190801191595,111.0997,2683.34,58.25,2.48
2017-12-27,1287,0.0022558637714853447,110.9758,2680.5,59.55,2.47
2017-12-28,1294.0999755859375,0.005501525365827931,110.8553,2682.62,59.67,2.42
2017-12-29,1306.300048828125,0.009383296909513561,110.5154,2687.54,59.84,2.43
2018-01-02,1313.699951171875,0.0056487954355946,110.0783,2673.61,60.46,2.4
2018-01-03,1316.199951171875,0.0019012136171543403,109.6445,2695.81,60.37,2.46
2018-01-04,1319.4000244140625,0.0024283463684655615,109.6751,2713.06,61.61,2.44
2018-01-05,1320.300048828125,6.819141750700197e-4,109.4777,2723.99,61.98,2.46
2018-01-08,1318.5999755859375,-0.0012884713036926954,109.3496,2743.15,61.49,2.47
2018-01-09,1311.699951171875,-0.005246580568031511,109.5681,2747.71,61.73,2.49
2018-01-10,1317.4000244140625,0.004336147142567803,109.9025,2751.29,62.92,2.55
2018-01-11,1320.5999755859375,0.0024260445347756843,109.628,2748.23,63.6,2.55
2018-01-12,1333.4000244140625,0.009645929220218896,109.4888,2767.56,63.81,2.54
2018-01-16,1335.4000244140625,0.00149880121238688,108.901,2786.24,64.22,2.55
2018-01-17,1338,0.0019450709821953183,108.3218,2776.42,63.82,2.54
2018-01-18,1326,-0.0090090699423655,108.1526,2802.56,63.92,2.57
2018-01-19,1331.9000244140625,0.004439620791428567,108.0655,2798.03,63.96,2.62
2018-01-22,1330.9000244140625,-7.510891007012077e-4,107.9455,2810.3,63.38,2.64
2018-01-23,1335.699951171875,0.0036000389903172447,108.107,2832.97,63.66,2.66
2018-01-24,1355.9000244140625,0.015009996047209206,107.9979,2839.13,64.45,2.63
2018-01-25,1362.4000244140625,0.004782409794310105,107.0802,2837.54,65.69,2.65
2018-01-26,1351.5999755859375,-0.007958810491319745,106.5052,2839.25,65.62,2.63
2018-01-30,1335.4000244140625,-0.012058167071073989,106.6911,2872.87,66.27,2.66
2018-01-31,1339,0.002692175985194112,107.1064,2822.43,64.64,2.73
2018-02-01,1344.300048828125,0.003950401091376676,106.7696,2823.81,64.82,2.72
2018-02-02,1333.699951171875,-0.00791646976522653,106.4877,2821.98,65.92,2.78
2018-02-05,1333,-0.00052495683861319975,107.1151,2762.13,65.5,2.84
2018-02-06,1326.0999755859375,-0.005189755905579574,107.33,2648.94,64.18,2.77
2018-02-07,1311.5999755859375,-0.010994537916590552,107.5204,2695.14,63.48,2.79
2018-02-08,1316.9000244140625,0.004032760898676102,107.7175,2681.66,61.91,2.84
2018-02-09,1313.0999755859375,-0.002889772982946681,108.3025,2581,61.3,2.85
2018-02-12,1324.199951171875,0.008417731344798618,108.2582,2619.55,59.2,2.83
2018-02-13,1328.0999755859375,0.0029408644064385925,108.0332,2656,59.41,2.86
2018-02-14,1355.5,0.02042105891521473,107.7574,2662.94,59.33,2.83
2018-02-15,1352.0999755859375,-0.0025114686304110734,107.4691,2698.63,60.7,2.91
2018-02-16,1353.199951171875,8.132005147931665e-4,106.9867,2731.2,61.48,2.9
2018-02-20,1328.800048828125,-0.01819580577798785,107.0359,2732.22,61.89,2.87
2018-02-21,1330,9.026261706850391e-4,107.6249,2716.26,61.91,2.88
2018-02-22,1330.5999755859375,4.5100774382689224e-4,107.8679,2701.33,61.73,2.94
2018-02-23,1328.199951171875,-0.0018053446156436337,107.8668,2703.96,62.72,2.92
2018-02-26,1330.699951171875,0.001880477512149703,107.6804,2747.3,63.52,2.88
2018-02-27,1315.5,-0.011488261375784958,107.7347,2779.6,63.81,2.86
2018-02-28,1315.5,0,108.1731,2744.28,62.94,2.9
2018-03-01,1302.9000244140625,-0.0096242535332145,108.3903,2713.83,61.43,2.87
2018-03-02,1321.0999755859375,0.013872136457073303,108.5358,2677.67,60.98,2.81
2018-03-05,1318.0999755859375,-0.0022734172079488246,108.5358,2691.25,61.19,2.86
2018-03-06,1333.5999755859375,0.011690746933441076,108.3614,2720.94,62.49,2.88
2018-03-07,1326,-0.005715142383890814,107.7969,2728.12,62.54,2.88
2018-03-08,1319.9000244140625,-0.004610897113995982,108.0911,2726.8,61.09,2.89
2018-03-09,1322.4000244140625,0.0018922913369374683,108.2671,2738.97,60.13,2.86
2018-03-12,1319.4000244140625,-0.0022711796760663816,107.923,2786.57,62.02,2.9
2018-03-13,1325.9000244140625,0.004914386241190449,107.9438,2783.02,61.35,2.87
2018-03-14,1324.4000244140625,-0.0011319474267272867,107.7384,2765.31,60.69,2.84
2018-03-15,1316.800048828125,-0.00575495710344498,107.8623,2749.48,60.89,2.81
2018-03-16,1311.300048828125,-0.004185539229897728,108.2032,2747.33,61.16,2.82
2018-03-19,1316.800048828125,0.004185539229897728,108.4332,2752.01,62.29,2.85
2018-03-20,1311.0999755859375,-0.004338127119398294,108.3145,2712.92,62.01,2.85
2018-03-21,1320.699951171875,0.0072954011940575825,108.4953,2716.94,63.37,2.89
2018-03-22,1326.5999755859375,0.004457397609610503,108.4953,2711.93,65.1,2.89
2018-03-23,1349.300048828125,0.016966715936515442,107.9935,2643.69,64.25,2.83
2018-03-26,1354.4000244140625,0.0037725942201793927,107.7495,2588.26,65.8,2.82
2018-03-27,1341.300048828125,-0.009719240533039297,107.1819,2658.55,65.49,2.85
2018-03-28,1324.199951171875,-0.012830862694559464,107.3359,2612.62,65.21,2.78
2018-03-29,1322.800048828125,-0.0010577275967262878,107.5733,2605,64.3,2.77
2018-04-02,1342.0999755859375,0.014484794192477501,107.665,2640.87,64.87,2.74
2018-04-03,1332.800048828125,-0.0069535041644925855,107.7033,2581.88,63.05,2.73
2018-04-04,1335.800048828125,0.0022483707966793887,107.5624,2614.45,63.41,2.79
2018-04-05,1324.300048828125,-0.00864634504119266,107.6361,2644.69,63.35,2.79
2018-04-06,1331.9000244140625,0.005722457733424058,107.7281,2662.84,63.53,2.83
2018-04-09,1336.300048828125,0.0032981247895707,107.7886,2604.47,62.03,2.77
2018-04-10,1342,0.004256401204820293,107.5316,2613.16,63.4,2.78
2018-04-11,1356.5,0.010746814567358598,107.3659,2656.87,65.48,2.8
2018-04-12,1338.4000244140625,-0.013432964185141394,107.1224,2642.19,66.81,2.79
2018-04-13,1344.800048828125,0.004770450489398392,107.2905,2663.99,67.07,2.83
2018-04-16,1347.5,0.0020056843799087787,107.2368,2656.3,67.35,2.82
2018-04-17,1347.199951171875,-2.2269553924481045e-4,107.0595,2677.84,66.23,2.83
2018-04-18,1351.199951171875,0.0029647221128232815,107.0344,2706.39,66.5,2.82
2018-04-19,1346.800048828125,-0.003261605814892654,107.1096,2708.64,68.44,2.87
2018-04-20,1336.699951171875,-0.007527591093269059,107.5197,2693.13,68.3,2.92
2018-04-23,1322.5,-0.010679968716114097,108.1787,2670.14,68.26,2.96
2018-04-24,1331.4000244140625,0.006707153771284169,108.9332,2670.29,67.61,2.98
2018-04-25,1321.199951171875,-0.007690660944510874,108.7906,2634.56,67.66,3
2018-04-26,1316.300048828125,-0.0037155700328845853,109.3447,2639.4,68,3.03
2018-04-27,1320.300048828125,0.0030342129414098196,109.3646,2666.94,68.18,3
2018-04-30,1316.199951171875,-0.0031102605435355812,109.1735,2669.91,68.11,2.96
2018-05-01,1303.800048828125,-0.009465644983154498,109.3363,2648.05,68.56,2.95
2018-05-02,1302.5999755859375,-9.208665713247299e-4,109.7445,2654.8,67.28,2.97
2018-05-03,1310.699951171875,0.006199060002289869,110.1625,2635.67,67.91,2.97
2018-05-04,1312.699951171875,0.001524739240619688,110.1803,2629.73,68.45,2.94
2018-05-07,1312.199951171875,-3.8096691275768535e-4,110.25,2663.42,69.71,2.95
2018-05-08,1312,-1.5239019585600033e-4,110.5721,2672.63,70.74,2.95
2018-05-09,1311.300048828125,-5.336417302306273e-4,111.063,2671.92,68.83,2.97
2018-05-10,1320.800048828125,0.007218601800712321,110.8818,2697.79,71.16,3
2018-05-11,1319,-0.0013637768572012376,110.405,2723.07,71.36,2.97
2018-05-14,1316.5,-0.0018971737809501121,110.2847,2727.72,70.69,2.97
2018-05-15,1288.9000244140625,-0.021187539583849002,110.408,2730.13,71.01,3
2018-05-16,1290.199951171875,0.0010080469002327064,111.2292,2711.45,71.34,3.08
2018-05-17,1288.199951171875,-0.0015513500441075578,111.3068,2722.46,71.43,3.09
2018-05-18,1290.199951171875,0.0015513500441075578,111.3547,2720.13,71.47,3.11
2018-05-21,1290.199951171875,0,111.7171,2712.97,71.23,3.06
2018-05-22,1291.699951171875,0.001161935183777274,111.6394,2733.01,72.26,3.06
2018-05-23,1289.300048828125,-0.0018596691479242367,111.1945,2724.44,72.09,3.06
2018-05-24,1303.699951171875,0.011106864926633264,111.6933,2733.29,71.85,3.01
2018-05-25,1303.300048828125,-3.067912135685802e-4,111.4885,2727.76,70.77,2.98
2018-05-29,1298.699951171875,-0.003535820483316243,111.5843,2721.33,67.92,2.93
2018-05-30,1301.5,0.002153718916270364,112.2127,2689.86,66.8,2.77
2018-05-31,1300.0999755859375,-0.0010762796451002643,111.6731,2724.01,68.24,2.84
2018-06-01,1294.800048828125,-0.004084885026490959,111.9894,2705.27,66.98,2.83
2018-06-04,1293.0999755859375,-0.001313863341481536,111.8265,2734.62,65.81,2.89
2018-06-05,1297.5,0.0033969186184963363,111.82470000000001,2746.87,64.76,2.94
2018-06-06,1297.0999755859375,-3.0835151545183237e-4,112.264,2748.8,65.51,2.92
2018-06-07,1298.699951171875,0.001232741993757891,111.7525,2772.35,64.75,2.97
2018-06-08,1298.0999755859375,-4.6208842693662433e-4,112.0725,2770.37,65.96,2.93
2018-06-11,1298.9000244140625,6.161331177771956e-4,112.1066,2779.03,65.77,2.93
2018-06-12,1295.0999755859375,-0.0029298778307511597,112.1106,2782,66.1,2.96
2018-06-13,1296.9000244140625,0.0013889267881950218,112.2138,2786.85,66.38,2.96
2018-06-14,1304,0.005459643319964513,112.2577,2775.63,66.63,2.98
2018-06-15,1274.5999755859375,-0.022804078760698232,112.8593,2782.49,66.91,2.94
2018-06-18,1276.199951171875,0.0012544894477866109,113.3379,2779.66,65.01,2.93
2018-06-19,1275.5999755859375,-0.00047023717706196067,113.4899,2773.75,65.91,2.92
2018-06-20,1271.199951171875,-0.003455339185167716,113.639,2762.59,65.09,2.89
2018-06-21,1267.199951171875,-0.0031515942835920185,113.4784,2767.32,65.92,2.93
2018-06-22,1267.4000244140625,1.5787362465857768e-4,113.6109,2749.76,65.68,2.9
2018-06-25,1265.5999755859375,-0.0014212784296390168,113.3047,2754.88,69.02,2.9
2018-06-26,1256.5999755859375,-0.007136657182704731,113.286,2717.07,69.91,2.87
2018-06-27,1252.800048828125,-0.0030285563284468964,113.3016,2723.06,75.23,2.88
2018-06-28,1247.800048828125,-0.003999045403676682,113.8971,2699.63,77.41,2.83
2018-06-29,1251.300048828125,0.0028010100848696595,113.8405,2716.31,73.45,2.84
2018-07-02,1239.800048828125,-0.009232934241235391,113.2586,2718.37,74.13,2.85
2018-07-03,1251.5999755859375,0.00947259763675401,114.1673,2726.71,73.89,2.87
2018-07-05,1257.300048828125,0.004543890146389451,113.3222,2713.22,74.19,2.83
2018-07-06,1254.300048828125,-0.0023889164756205616,112.9759,2736.61,73.05,2.84
2018-07-09,1258.0999755859375,0.003024939992369191,112.6428,2759.82,73.78,2.82
2018-07-10,1253.800048828125,-0.003423648167605542,112.6425,2784.17,73.93,2.86
2018-07-11,1242.800048828125,-0.008812040976282631,112.5794,2793.84,74.11,2.87
2018-07-12,1245,0.0017685920911132413,112.8582,2774.02,70.47,2.85
2018-07-13,1239.5999755859375,-0.004346802680328388,112.779,2798.29,70.28,2.85
2018-07-16,1238.0999755859375,-0.001210800510808241,113.0705,2801.31,71.03,2.83
2018-07-17,1225.699951171875,-0.010065857197482764,112.8437,2798.43,68.22,2.85
2018-07-18,1226.300048828125,4.894760752298666e-4,113.1504,2809.55,68.03,2.86
2018-07-19,1222.4000244140625,-0.0031853862009256773,113.3348,2815.62,68.78,2.88
2018-07-20,1229.5,0.005791423271754859,113.9463,2804.49,69.42,2.84
2018-07-23,1224,-0.0044833985839760615,113.3213,2801.83,70.31,2.89
2018-07-24,1223.9000244140625,-8.168273621933508e-5,113.4246,2806.98,67.9,2.96
2018-07-25,1231.4000244140625,0.006109251967322038,113.2045,2820.4,70.77,2.95
2018-07-26,1225.300048828125,-0.004966001498039496,112.9221,2846.07,71.13,2.94
2018-07-27,1222.5999755859375,-0.0022060331796796007,112.9179,2837.44,71.59,2.98
2018-07-30,1221.300048828125,-0.001063813468161534,112.8125,2818.82,68.66,2.96
2018-07-31,1223.699951171875,0.0019631109320892293,112.6044,2802.6,71.19,2.98
2018-08-01,1217.9000244140625,-0.004750931950486148,112.7299,2816.29,69.88,2.96
2018-08-02,1210.5999755859375,-0.006011999848420935,112.8899,2813.36,68.8,3
2018-08-03,1214.199951171875,0.002969299191421193,113.1679,2827.22,68.95,2.98
2018-08-06,1208.5999755859375,-0.004622738754922473,113.012,2840.35,68.49,2.95
2018-08-07,1209.5999755859375,8.270615145109517e-4,113.229,2850.4,69.01,2.94
2018-08-08,1212.5999755859375,0.002477088262295979,112.9759,2858.45,69.17,2.98
2018-08-09,1211.9000244140625,-5.773983842614072e-4,113.1411,2857.7,66.92,2.96
2018-08-10,1211.0999755859375,-6.603787513004278e-4,113.3806,2853.58,66.81,2.93
2018-08-13,1191.300048828125,-0.01648382857584263,114.3005,2833.28,67.61,2.87
2018-08-14,1193,0.0014259543053389834,114.851,2821.93,67.25,2.88
2018-08-15,1177.5,-0.013077596207343056,114.658,2839.96,67.04,2.89
2018-08-16,1176.199951171875,-0.001104685378172654,115.1526,2818.37,65.07,2.86
2018-08-17,1176.5,2.550676550168163e-4,114.6416,2840.69,65.44,2.87
2018-08-20,1186.800048828125,0.00871672139192281,114.5339,2850.13,65.93,2.87
2018-08-21,1192.5999755859375,0.004875126658373752,114.3504,2857.05,66.5,2.82
2018-08-22,1196.300048828125,0.0030977237750970943,113.8604,2862.96,67.32,2.85
2018-08-23,1187,-0.0078043853831424315,113.663,2861.82,67.85,2.82
2018-08-24,1206.300048828125,0.016128748439265372,114.0932,2856.98,69.13,2.82
2018-08-27,1209,0.002235707565859002,113.5985,2874.69,69.71,2.82
2018-08-28,1207.4000244140625,-0.0013242640321067256,113.2721,2896.74,69.97,2.85
2018-08-29,1204.5,-0.0024047645277596175,113.3444,2897.52,68.54,2.88
2018-08-30,1197.699951171875,-0.005661532869709163,113.6461,2914.04,69.68,2.89
2018-08-31,1200.300048828125,0.0021685560260156223,114.0899,2901.13,70.25,2.86
2018-09-04,1192.699951171875,-0.006351962565760871,114.2755,2901.52,69.84,2.86
2018-09-05,1194.9000244140625,0.0018429166421238818,114.8584,2896.72,69.82,2.9
2018-09-06,1197.9000244140625,0.002507523830407976,114.7477,2888.6,68.69,2.9
2018-09-07,1193.5999755859375,-0.003596114122648153,114.6479,2878.05,67.81,2.88
2018-09-10,1193,-5.027868974396554e-4,114.5816,2871.68,67.73,2.94
2018-09-11,1195.4000244140625,0.0020097347155791923,114.6802,2877.13,67.55,2.94
2018-09-12,1204.699951171875,0.007749654927954985,114.7051,2887.89,69.29,2.98
2018-09-13,1202,-0.0022436966462970886,114.2192,2888.92,70.37,2.97
2018-09-14,1195,-0.005840650729542318,113.9268,2904.18,68.6,2.97
2018-09-17,1199.699951171875,0.003925299454992093,114.0657,2904.98,68.98,2.99
2018-09-18,1196.800048828125,-0.0024201158014891533,113.9158,2888.8,68.86,2.99
2018-09-19,1202.199951171875,0.004501801970304697,113.7739,2904.31,69.87,3.05
2018-09-20,1206.199951171875,0.0033217105465146446,113.6532,2907.95,71.08,3.08
2018-09-21,1196.199951171875,-0.00832505674484274,113.4989,2930.75,70.77,3.07
2018-09-24,1199.300048828125,0.0025882691604381947,113.5099,2929.67,70.8,3.07
2018-09-25,1200,5.834628245633411e-4,113.5301,2919.37,73.23,3.08
2018-09-26,1194,-0.005012541823544048,113.7202,2915.56,73.4,3.1
2018-09-27,1182.300048828125,-0.009847279784212404,113.6739,2905.97,72.22,3.06
2018-09-28,1191.5,0.007751282370461965,113.9784,2914,72.18,3.06
2018-10-01,1187.0999755859375,-0.0036996800454476286,113.8077,2913.98,73.16,3.05
2018-10-02,1202.4000244140625,0.012806242249857824,113.8235,2924.59,75.37,3.09
2018-10-03,1198.300048828125,-0.0034156533069067407,113.8954,2923.43,75.16,3.05
2018-10-04,1197.199951171875,-9.184702430271585e-4,114.1569,2925.51,76.4,3.15
2018-10-05,1201.199951171875,0.0033355602664464357,114.6867,2901.61,74.44,3.19
2018-10-08,1184.4000244140625,-0.014084678619262547,114.561,2885.57,74.26,3.23
2018-10-09,1187.199951171875,0.0023612144438462934,114.561,2884.43,74.27,3.23
2018-10-10,1189.300048828125,0.0017673875050832066,114.6583,2880.34,74.95,3.21
2018-10-11,1223.5,0.028350664093339084,114.6072,2785.68,73.18,3.22
2018-10-12,1218.0999755859375,-0.004423356219553476,114.4074,2728.37,70.97,3.14
2018-10-15,1226.4000244140625,0.006790820801527708,114.3691,2767.13,71.41,3.15
2018-10-16,1227.300048828125,7.336059237568193e-4,114.045,2750.79,71.84,3.16
2018-10-17,1223.699951171875,-0.0029376582988742683,113.8963,2809.92,71.93,3.16
2018-10-18,1226.5,0.0022855686089613414,114.1755,2809.21,69.63,3.19
2018-10-19,1225.300048828125,-9.78832893209436e-4,114.8164,2768.78,68.63,3.17
2018-10-22,1221.199951171875,-0.0033518099283380565,114.8567,2767.78,69.16,3.2
2018-10-23,1233.4000244140625,0.009940661474511892,115.1782,2755.88,69.25,3.2
2018-10-24,1227.800048828125,-0.004550613589319852,115.1651,2740.69,66.49,3.17
2018-10-25,1229.0999755859375,0.0010581845953803182,115.3755,2656.1,66.56,3.1
2018-10-26,1232.5,0.002762452559275985,115.4831,2705.57,67.25,3.14
2018-10-29,1224.5,-0.006512029524622598,115.473,2658.69,67.58,3.08
2018-10-30,1222.5999755859375,-0.0015528787665672894,115.8936,2641.25,67,3.08
2018-10-31,1212.300048828125,-0.008460296595855787,116.2357,2682.63,66.18,3.12
2018-11-01,1236,0.019360936987836475,116.5281,2711.74,65.31,3.15
2018-11-02,1230.9000244140625,-0.004134730067067771,115.8657,2740.37,63.67,3.14
2018-11-05,1229.800048828125,-8.940347270804949e-4,115.643,2723.06,63.12,3.22
2018-11-06,1223.800048828125,-0.0048907822962700465,115.703,2738.31,63.12,3.2
2018-11-07,1226.199951171875,0.0019591045806830465,115.5622,2755.45,62.16,3.22
2018-11-08,1222.9000244140625,-0.0026948093485055225,115.2519,2813.89,61.69,3.22
2018-11-09,1206.4000244140625,-0.013584368668582592,115.6478,2806.83,60.71,3.24
2018-11-12,1201.300048828125,-0.004236394117413056,116.4778,2781.01,60.19,3.19
2018-11-13,1199.199951171875,-0.0017497173022613666,116.4778,2726.22,59.85,3.19
2018-11-14,1207.9000244140625,0.007228707752084063,116.6694,2722.18,55.63,3.14
2018-11-15,1212.800048828125,0.004048441325541496,116.498,2701.58,56.16,3.12
2018-11-16,1220.800048828125,0.006574645378254473,116.3861,2730.2,56.45,3.11
2018-11-19,1223.0999755859375,0.0018821780054922854,115.9258,2736.27,56.49,3.08
2018-11-20,1219,-0.0033577490512390895,115.9859,2690.73,57.16,3.06
2018-11-21,1225.800048828125,0.005562881404039821,116.2367,2641.89,53.39,3.06
2018-11-23,1221,-0.00392353677460644,116.092,2649.93,54.41,3.06
2018-11-26,1220.199951171875,-6.554554094462262e-4,116.4713,2632.56,54.41,3.05
2018-11-27,1211.199951171875,-0.007403176331916228,116.6208,2673.45,51.46,3.07
2018-11-28,1221.4000244140625,0.008386198408280698,116.9001,2682.17,51.31,3.06
2018-11-29,1224.0999755859375,0.0022080983593433245,116.8343,2743.79,50.06,3.06
2018-11-30,1220.199951171875,-0.003191120435707795,116.1961,2737.76,51.46,3.03
2018-12-03,1233.9000244140625,0.011165164989324516,116.413,2760.17,50.78,3.01
2018-12-04,1241.0999755859375,0.0058181587735823825,115.9057,2790.37,52.98,2.98
2018-12-06,1238.0999755859375,-0.0024201367564939957,116.0028,2700.06,53.21,2.91
2018-12-07,1246.800048828125,0.007002381348266695,116.3991,2695.95,51.54,2.87
2018-12-10,1243.699951171875,-0.0024895396566160244,116.0847,2633.08,52.76,2.85
2018-12-11,1241.9000244140625,-0.0014482837866971465,116.6746,2637.72,51.07,2.85
2018-12-12,1244.4000244140625,0.002011021030000393,116.7564,2636.78,51.65,2.89
2018-12-13,1242.699951171875,-0.0013671131226420385,116.2214,2651.07,51.04,2.91
2018-12-14,1237,-0.004597299127495624,116.3974,2650.54,52.69,2.91
2018-12-17,1247.4000244140625,0.008372311271494404,116.79,2599.95,51.26,2.89
2018-12-18,1249.199951171875,0.0014419026574250537,116.4532,2545.94,49.8,2.86
2018-12-19,1252.0999755859375,0.0023188148550019605,116.4127,2546.16,46.12,2.82
2018-12-20,1263.5999755859375,0.00914264843048418,116.0676,2506.96,47.96,2.77
2018-12-21,1253.800048828125,-0.007785791822915833,116.0183,2467.42,45.64,2.79
2018-12-24,1267.5,0.010867477681361315,116.2227,2416.62,45.38,2.79
2018-12-26,1269.199951171875,0.0013402857721249717,116.2182,2351.1,45.38,2.74
2018-12-27,1277.300048828125,0.0063617710388754745,116.1162,2467.7,46.04,2.81
2018-12-28,1279.9000244140625,0.0020334556603831544,115.9927,2488.83,44.48,2.77
2018-12-31,1278.300048828125,-0.0012508605650429772,115.7232,2485.74,45.15,2.72
2019-01-02,1281,0.0021099145250547124,115.5674,2506.85,45.15,2.69
2019-01-03,1291.800048828125,0.008395609500155388,115.7689,2510.03,46.31,2.66
2019-01-04,1282.699951171875,-0.007069439157760371,115.4622,2447.89,46.92,2.56
2019-01-07,1286.800048828125,0.003191361071129606,114.9821,2531.94,47.76,2.67
2019-01-08,1283.199951171875,-0.0028016342498524693,114.5628,2549.69,48.27,2.7
2019-01-09,1289.300048828125,0.004742553228195057,114.7281,2574.41,49.58,2.73
2019-01-10,1284.699951171875,-0.0035742832584517714,114.1406,2584.96,52.19,2.74
2019-01-11,1287.0999755859375,0.0018664166569104523,114.0496,2596.64,52.42,2.74
2019-01-14,1289.0999755859375,0.0015526748231557974,114.0404,2596.26,51.44,2.71
2019-01-15,1286.199951171875,-0.0022521847725425204,114.0404,2582.61,50.31,2.71
2019-01-16,1291.5999755859375,0.004189644244261714,114.3402,2610.3,51.8,2.72
2019-01-17,1291,-4.646291352923271e-4,114.137,2616.1,52.08,2.73
2019-01-18,1281.300048828125,-0.0075418862228433525,114.4115,2635.96,51.83,2.75
2019-01-22,1282.5,9.360724211253668e-4,114.558,2670.71,53.6,2.79
2019-01-23,1283.0999755859375,4.67707828643249e-4,114.7541,2632.9,52.59,2.74
2019-01-24,1279.0999755859375,-0.003122319355127523,114.5759,2638.7,52.44,2.76
2019-01-25,1297.4000244140625,0.01420559407819777,114.617,2642.33,52.94,2.72
2019-01-28,1302.4000244140625,0.003846454397078425,114.0197,2664.76,53.53,2.76
2019-01-29,1308.199951171875,0.004443374208731754,114.0522,2643.85,51.79,2.75
2019-01-30,1309.9000244140625,0.0012987078392665552,114.026,2640,53.07,2.72
2019-01-31,1319.699951171875,0.0074535839816558536,114.0731,2681.05,54.18,2.7
2019-02-01,1316.9000244140625,-0.0021238927681554998,113.5504,2704.1,53.84,2.63
2019-02-04,1314.300048828125,-0.0019762666158227304,113.7548,2706.53,55.29,2.7
2019-02-05,1314.199951171875,-7.616332988291674e-5,113.8766,2724.87,54.57,2.73
2019-02-06,1309.5,-0.0035826933617428836,114.0431,2737.7,53.69,2.71
2019-02-07,1309.4000244140625,-7.634929554711789e-5,114.2305,2731.61,53.94,2.7
2019-02-08,1313.699951171875,0.003278510654843636,114.4339,2706.05,52.68,2.65
2019-02-11,1307,-0.0051131116828413425,114.5003,2707.88,52.75,2.63
2019-02-12,1309.199951171875,0.0016817917066491717,115.031,2709.8,52.43,2.65
2019-02-13,1310.800048828125,0.0012214487444177635,114.7297,2744.73,53.14,2.68
2019-02-14,1309.800048828125,-7.631840122668265e-4,114.9407,2753.03,53.84,2.71
2019-02-15,1318.0999755859375,0.006316796133235769,115.1007,2745.73,54.4,2.66
2019-02-19,1340.0999755859375,0.01655293261183477,114.9923,2775.6,55.58,2.66
2019-02-20,1343.300048828125,0.002385089610256408,114.57,2779.76,56.12,2.65
2019-02-21,1323.5,-0.014849566751192533,114.57,2784.7,56.9,2.65
2019-02-22,1329.199951171875,0.0042974780783104904,114.5091,2774.88,56.95,2.69
2019-02-25,1325.9000244140625,-0.002485728211593319,114.2716,2792.67,57.01,2.65
2019-02-26,1325.0999755859375,-6.035826876003014e-4,114.1457,2796.11,55.32,2.67
2019-02-27,1317.699951171875,-0.005600154350637432,114.0687,2793.9,55.4,2.64
2019-02-28,1312.800048828125,-0.0037254575258760525,114.0363,2792.38,56.92,2.69
2019-03-01,1296.4000244140625,-0.01257108687016828,114.1991,2784.49,57.21,2.73
2019-03-04,1284.800048828125,-0.008988108902638459,114.537,2803.69,55.76,2.76
2019-03-05,1282,-0.002181743716337614,114.6925,2792.81,56.6,2.72
2019-03-06,1284.9000244140625,0.0022595548095685203,114.804,2789.65,56.55,2.72
2019-03-07,1283.800048828125,-8.564453784476456e-4,114.9714,2771.45,56.22,2.69
2019-03-08,1297,0.01022943740470783,115.4919,2748.93,56.6,2.64
2019-03-11,1288.800048828125,-0.006342314567176821,115.3599,2743.07,55.77,2.62
2019-03-12,1296.300048828125,0.005802499524032001,115.2967,2783.3,56.79,2.64
2019-03-13,1307.5,0.008602826665779162,114.939,2791.52,56.89,2.61
2019-03-14,1293.4000244140625,-0.010842488050706756,114.7372,2810.92,58.27,2.61
2019-03-15,1301.800048828125,0.006473530758076329,114.79,2808.48,58.59,2.63
2019-03-18,1300.300048828125,-0.0011529150377436181,114.5815,2822.48,58.51,2.59
2019-03-19,1305,0.0036079961480899314,114.4375,2832.94,59.09,2.6
2019-03-20,1300.5,-0.0034542348680881574,114.2324,2832.57,59.12,2.61
2019-03-21,1306.0999755859375,0.004296773002431031,114.1509,2824.23,60.12,2.54
2019-03-22,1311.5999755859375,0.00420216846540189,114.1684,2854.88,59.98,2.54
2019-03-25,1321.9000244140625,0.007822366697732619,114.6856,2800.71,58.87,2.44
2019-03-26,1314.300048828125,-0.005765872414879247,114.4171,2798.36,58.71,2.43
2019-03-27,1309.9000244140625,-0.0033534245976776234,114.6414,2818.46,59.87,2.41
2019-03-28,1289.800048828125,-0.015463611608309336,115.1243,2805.37,59.39,2.39
2019-03-29,1293,0.0024778943384520247,115.2581,2815.44,59.29,2.39
2019-04-01,1288.4000244140625,-0.0035639423656812497,115.1371,2834.4,60.19,2.41
2019-04-02,1290,0.0012410609495416836,114.9362,2867.19,61.59,2.49
2019-04-03,1289.9000244140625,-7.750345753088084e-5,115.1173,2867.24,62.53,2.48
2019-04-04,1289,-6.979909589999167e-4,114.7211,2873.4,62.46,2.52
2019-04-05,1290.4000244140625,0.0010855427915750226,114.9697,2879.39,62.12,2.51
2019-04-08,1297.0999755859375,0.0051787177938296125,114.9726,2892.74,63.1,2.5
2019-04-09,1303.5,0.004921969848965091,114.6893,2895.77,64.37,2.52
2019-04-10,1309.0999755859375,0.004286905162994792,114.5321,2878.2,64.05,2.51
2019-04-11,1288.5999755859375,-0.015783520778200888,114.4269,2888.21,64.62,2.48
2019-04-12,1290.5999755859375,0.0015508688265573056,114.6303,2888.32,63.61,2.51
2019-04-15,1286.800048828125,-0.0029486532746494376,114.3531,2907.41,63.86,2.56
2019-04-16,1272.5999755859375,-0.01109652169596309,114.495,2905.58,63.43,2.55
2019-04-17,1272.199951171875,-3.1438575044795414e-4,114.6756,2907.06,64.01,2.6
2019-04-18,1271.9000244140625,-2.357822114547048e-4,114.5141,2900.45,63.74,2.59
2019-04-22,1273.5,0.001257150767118631,114.7073,2905.03,64.02,2.57
2019-04-23,1269.300048828125,-0.0033034095568353905,114.7694,2907.97,65.66,2.59
2019-04-24,1275.5,0.004872652719190462,115.1578,2933.68,66.24,2.57
2019-04-25,1275.800048828125,2.352124985423032e-4,115.4187,2927.25,65.96,2.53
2019-04-26,1284.9000244140625,0.0071074422097749945,115.7709,2926.17,65.23,2.54
2019-04-29,1278.5999755859375,-0.004915203051928607,115.4767,2939.88,63.29,2.51
2019-04-30,1282.800048828125,0.0032795166444525847,115.5227,2943.03,63.39,2.54
2019-05-01,1281.4000244140625,-0.001091977625139684,115.3281,2945.83,63.83,2.51
2019-05-02,1269.699951171875,-0.009172635638249993,115.0022,2923.73,63.55,2.52
2019-05-03,1279.199951171875,0.0074542307295963894,115.5617,2917.52,61.75,2.55
2019-05-06,1281.699951171875,0.0019524392904868293,115.2646,2945.64,61.98,2.54
2019-05-07,1283.5,0.0014034376717937391,115.3811,2932.47,62.3,2.51
2019-05-08,1279.4000244140625,-0.0031994842127271994,115.6116,2884.05,61.41,2.45
2019-05-09,1283.5,0.0031994842127271994,115.5171,2879.42,62.13,2.49
2019-05-10,1285.699951171875,0.0017125578011549791,115.8421,2870.72,61.58,2.45
2019-05-13,1300.0999755859375,0.01113788667716964,115.5334,2881.4,61.65,2.47
2019-05-14,1294.699951171875,-0.004162195438771832,115.915,2811.87,60.97,2.4
2019-05-15,1296.300048828125,0.0012351199225513199,115.9425,2834.41,61.82,2.42
2019-05-16,1285,-0.008755371943978574,115.8565,2850.96,62.03,2.37
2019-05-17,1274.5,-0.00820477351315052,116.0346,2876.32,62.93,2.4
2019-05-20,1276.0999755859375,0.0012545877919816206,116.448,2859.53,62.77,2.39
2019-05-21,1272,-0.0032180677080839715,116.3119,2840.23,63.12,2.41
2019-05-22,1273.5999755859375,0.001257052020717353,116.2844,2864.36,63.02,2.43
2019-05-23,1284.800048828125,0.008755585276167821,116.2412,2856.27,61.42,2.39
2019-05-24,1283,-0.0014020165813164454,116.2368,2822.24,57.65,2.31
2019-05-28,1276.5,-0.00507912793409826,116.0806,2826.06,58.4,2.32
2019-05-29,1280.5999755859375,0.003206741338613206,116.3174,2802.39,58.91,2.26
2019-05-30,1287.0999755859375,0.005062907666908423,116.5535,2783.02,58.84,2.25
2019-05-31,1305.800048828125,0.014424310458736933,116.3989,2788.86,56.47,2.22
2019-06-03,1322.699951171875,0.012859147970709195,116.7273,2752.06,53.49,2.14
2019-06-04,1323.4000244140625,5.291359094377057e-4,116.4764,2744.45,53.25,2.07
2019-06-05,1328.300048828125,0.003695764872375662,116.091,2803.27,53.5,2.12
2019-06-06,1337.5999755859375,0.00697697917997786,116.03,2826.15,51.57,2.12
2019-06-07,1341.199951171875,0.0026877541074794564,115.9771,2843.49,52.59,2.12
2019-06-10,1324.699951171875,-0.012378717355321811,115.7368,2873.34,53.95,2.09
2019-06-11,1326.4000244140625,0.0012825419568347485,115.5001,2886.73,53.33,2.15
2019-06-12,1331.9000244140625,0.004137988749946864,115.3794,2885.72,53.3,2.15
2019-06-13,1339.199951171875,0.005465871737307282,115.438,2879.84,51.13,2.13
2019-06-14,1340.0999755859375,6.718355335486592e-4,115.6275,2891.64,52.38,2.1
2019-06-17,1338.699951171875,-0.0010452624905257224,115.9057,2886.98,52.47,2.09
2019-06-18,1346.5999755859375,0.005883921663461855,115.9684,2889.67,51.94,2.09
2019-06-19,1344.5999755859375,-0.0014863261032118658,115.8797,2917.75,53.86,2.06
2019-06-20,1392.9000244140625,0.03529136934367472,115.7889,2926.46,53.74,2.03
2019-06-21,1396.199951171875,0.0023663033426526425,114.8046,2954.18,56.88,2.01
2019-06-24,1414.300048828125,0.012880517986897821,114.8377,2950.46,57.35,2.07
2019-06-25,1414.9000244140625,4.241309058388154e-4,114.6559,2945.35,57.73,2.02
2019-06-26,1411.5999755859375,-0.0023350789510780956,114.6363,2917.38,57.63,2
2019-06-27,1408.4000244140625,-0.002269469890296527,114.5608,2913.78,59.17,2.05
2019-06-28,1409.699951171875,9.225555241272332e-4,114.665,2924.92,59.18,2.01
2019-07-01,1385.5999755859375,-0.017243639951311174,114.5821,2941.76,58.2,2
2019-07-02,1404.5999755859375,0.013619306155092659,114.7239,2964.33,58.91,2.03
2019-07-03,1417.699951171875,0.00928325833838084,114.8258,2973.01,56,1.98
2019-07-05,1396.699951171875,-0.014923529329707641,114.8135,2995.82,57.06,1.96
2019-07-08,1397,2.148039048739392e-4,115.1132,2990.41,57.06,2.04
2019-07-09,1397.5,3.5784577229236447e-4,115.0254,2975.95,57.35,2.05
2019-07-10,1410.0999755859375,0.008975680500220129,115.1017,2979.63,57.57,2.07
2019-07-11,1404.300048828125,-0.0041216137849033885,115.0879,2993.07,60.28,2.07
2019-07-12,1409.9000244140625,0.003979804442910684,114.8361,2999.91,59.93,2.13
2019-07-15,1411.4000244140625,0.0010633396770112213,114.7685,3013.77,59.99,2.12
2019-07-16,1409.199951171875,-0.0015600040469463394,114.6819,3014.3,59.3,2.09
2019-07-17,1421.300048828125,0.008549847281971168,115.0111,3004.04,57.44,2.13
2019-07-18,1426.0999755859375,0.003371448523743048,114.8819,2984.42,56.5,2.06
2019-07-19,1425.0999755859375,-7.014590755680672e-4,114.8744,2995.11,55.08,2.04
2019-07-22,1425.300048828125,1.4038257143056398e-4,114.8695,2976.61,55.42,2.05
2019-07-23,1420.0999755859375,-0.0036550776599471035,115.0018,2985.03,55.87,2.05
2019-07-24,1422.800048828125,0.0018995209334571328,115.2995,3005.47,56.58,2.08
2019-07-25,1413.9000244140625,-0.006274934527660925,115.2436,3019.56,55.9,2.05
2019-07-26,1418.5,0.0032481143839335758,115.2982,3003.67,55.88,2.08
2019-07-29,1419.5999755859375,7.751493255891972e-4,115.5449,3025.86,56.04,2.08
2019-07-30,1429.699951171875,0.007089473307916094,115.5885,3020.97,56.85,2.06
2019-07-31,1426.0999755859375,-0.0025211692591504686,115.6211,3013.18,58.04,2.06
2019-08-01,1420.9000244140625,-0.0036529377971197263,115.4946,2980.38,58.53,2.02
2019-08-02,1445.5999755859375,0.0172339525633447,116.0499,2953.56,53.64,1.9
2019-08-05,1464.5999755859375,0.013057707568043142,116.1864,2932.05,55.67,1.86
2019-08-06,1472.4000244140625,0.005311588128471989,116.5851,2844.74,54.63,1.75
2019-08-07,1507.300048828125,0.023426264124912777,116.6904,2881.77,53.6,1.73
2019-08-08,1497.699951171875,-0.006389437814637411,116.7987,2883.98,51.14,1.71
2019-08-09,1496.5999755859375,-7.347130630357412e-4,116.474,2938.09,52.6,1.72
2019-08-12,1505.300048828125,0.005796393970688207,116.4419,2918.65,54.41,1.74
2019-08-13,1502.199951171875,-0.0020615785564279676,116.7548,2883.75,54.98,1.65
2019-08-14,1515.9000244140625,0.009078670323797056,116.7267,2926.32,57.05,1.68
2019-08-15,1519.5999755859375,0.0024377881760617726,117.0913,2840.6,55.16,1.59
2019-08-16,1512.5,-0.004683215342362601,117.2239,2847.6,54.51,1.52
2019-08-19,1500.4000244140625,-0.008032155425562237,117.0786,2888.68,54.83,1.55
2019-08-20,1504.5999755859375,0.0027953104204057055,117.3886,2923.65,56.24,1.6
2019-08-21,1504.5999755859375,0,117.3726,2900.51,56.18,1.55
2019-08-22,1497.300048828125,-0.004863547145385283,117.1764,2924.43,55.65,1.59
2019-08-23,1526.5999755859375,0.019379505617472148,117.3558,2922.95,55.33,1.62
2019-08-26,1526.300048828125,-1.9648645968040057e-4,117.3009,2847.11,54.08,1.52
2019-08-27,1541,0.009585018407868517,117.6658,2878.38,53.54,1.54
2019-08-28,1537.800048828125,-0.0020787009701006554,117.75,2869.16,54.99,1.49
2019-08-29,1526.5,-0.007375322175081855,117.8767,2887.94,55.76,1.47
2019-08-30,1519.0999755859375,-0.004859495032714989,118.0625,2924.58,56.67,1.5
2019-09-03,1545.9000244140625,0.017488242652852648,118.1575,2926.46,55.07,1.5
2019-09-04,1550.300048828125,0.002842211273165418,118.3113,2906.27,53.91,1.47
2019-09-05,1515.4000244140625,-0.022769045460323767,117.6729,2937.78,56.22,1.47
2019-09-06,1506.199951171875,-0.006089556358749526,117.4776,2976,56.33,1.57
2019-09-09,1502.199951171875,-0.002659222501661951,117.1292,2978.71,56.45,1.55
2019-09-10,1490.300048828125,-0.007953193028797045,117.0601,2978.43,57.88,1.63
2019-09-11,1494.4000244140625,0.0027473300929079514,117.0887,2979.39,57.37,1.72
2019-09-12,1498.699951171875,0.002873228259018923,117.3125,3000.93,55.66,1.75
2019-09-13,1490.9000244140625,-0.005218052260891781,116.8375,3009.57,55.13,1.79
2019-09-16,1503.0999755859375,0.008149645086967361,116.7677,3007.39,54.76,1.9
2019-09-17,1505.0999755859375,0.0013296990407196674,117.0251,2997.96,63.1,1.84
2019-09-18,1507.5,0.0015933246639150411,116.9826,3005.7,59.26,1.81
2019-09-19,1498.4000244140625,-0.006054761178041268,116.9766,3006.73,58.19,1.8
2019-09-20,1507.300048828125,0.005922114787614063,117.0861,3006.79,58.19,1.79
2019-09-23,1523.699951171875,0.010821552218634345,117.1819,2992.07,57.92,1.74
2019-09-24,1532.0999755859375,0.0054977719571276396,117.2986,2991.78,58.69,1.72
2019-09-25,1504.5999755859375,-0.0181122614868352,117.2227,2966.6,57.22,1.64
2019-09-26,1507.5,0.0019255837015004218,117.6527,2984.87,56.38,1.73
2019-09-27,1499.0999755859375,-0.005587737868885334,117.7267,2977.62,56.24,1.7
2019-09-30,1465.699951171875,-0.02253200101306163,117.7218,2961.79,55.95,1.69
2019-10-01,1482,0.011059616136638084,117.9461,2976.74,54.09,1.68
2019-10-02,1501,0.012739025777429802,117.9595,2940.25,53.6,1.65
2019-10-03,1507.0999755859375,0.004055705592803882,117.9671,2887.61,52.67,1.6
2019-10-04,1506.199951171875,-5.973679771029694e-4,117.6608,2910.63,52.41,1.54
2019-10-07,1497.699951171875,-0.005659324852886449,117.5288,2952.01,52.84,1.52
2019-10-08,1497.199951171875,-3.33900978963797e-4,117.5533,2938.79,52.76,1.56
2019-10-09,1506.0999755859375,0.005926847590369988,117.7407,2893.06,52.64,1.54
2019-10-10,1494.800048828125,-0.007531060731031047,117.6835,2919.4,52.63,1.59
2019-10-11,1482.699951171875,-0.008127734184569135,117.2801,2938.13,53.57,1.67
2019-10-14,1491.699951171875,0.006051659334595172,116.8239,2970.27,54.76,1.76
2019-10-15,1477.5999755859375,-0.009497243064429561,116.8239,2966.15,53.57,1.76
2019-10-16,1488,0.007013803030789134,116.8111,2995.68,52.81,1.77
2019-10-17,1492.300048828125,0.0028856502644307724,116.6425,2989.69,53.42,1.75
2019-10-18,1488.199951171875,-0.0027512835044971595,116.2615,2997.95,53.89,1.76
2019-10-21,1482.4000244140625,-0.0039048907125396326,116.1344,2986.2,53.75,1.76
2019-10-22,1481.699951171875,-4.7236817986640034e-4,116.0436,3006.72,53.28,1.8
2019-10-23,1489.9000244140625,0.0055189757191058675,115.9851,2995.99,54.21,1.78
2019-10-24,1498.9000244140625,0.006022502044865874,116.0586,3004.52,55.9,1.77
2019-10-25,1499.5,4.0019716452732723e-4,116.1278,3010.29,56.11,1.77
2019-10-28,1490,-0.00635559924955853,116.0774,3022.55,56.52,1.8
2019-10-29,1487,-0.0020154524793500883,116.0222,3039.42,55.6,1.85
2019-10-30,1493.199951171875,0.004160767879948679,115.9797,3036.89,55.34,1.84
2019-10-31,1511.4000244140625,0.012114954399792488,116.1636,3046.77,54.85,1.78
2019-11-01,1508,-0.0022521201719944983,115.9125,3037.56,54.02,1.69
2019-11-04,1508,0,115.7312,3066.91,56.04,1.73
2019-11-05,1480.800048828125,-0.018201754334461917,115.8624,3078.27,56.33,1.79
2019-11-06,1490.199951171875,0.006327791120031456,116.1138,3074.62,57.04,1.86
2019-11-07,1464.199951171875,-0.01760132148891813,116.1004,3076.78,56.15,1.81
2019-11-08,1461.300048828125,-0.001982500969778478,116.1172,3085.18,56.91,1.92
2019-11-11,1455.5,-0.003976999709096596,116.3436,3093.08,57.02,1.94
2019-11-12,1452.0999755859375,-0.0023387164619208534,116.3436,3087.01,57.02,1.94
2019-11-13,1461.699951171875,0.00658934076646478,116.5837,3091.84,56.67,1.92
2019-11-14,1471.800048828125,0.006886066178064532,116.8397,3094.04,56.88,1.88
2019-11-15,1467.300048828125,-0.003062164177332072,116.8022,3096.63,56.57,1.82
2019-11-18,1470.9000244140625,0.00245046443238639,116.4401,3120.46,57.54,1.84
2019-11-19,1473.300048828125,0.0016303409319782247,116.3625,3122.03,56.82,1.81
2019-11-20,1473.300048828125,0,116.5391,3120.18,54.93,1.79
2019-11-21,1463.0999755859375,-0.006947360157733229,116.828,3108.46,56.71,1.73
2019-11-22,1463.0999755859375,0,116.7435,3103.54,58.36,1.77
2019-11-25,1456.5999755859375,-0.004452519674764233,116.9137,3110.29,57.68,1.77
2019-11-26,1459.800048828125,0.0021945374432128517,117.0098,3133.64,57.79,1.76
2019-11-27,1453.4000244140625,-0.00439381748560308,117.0513,3140.52,58.25,1.74
2019-11-29,1465.5999755859375,0.008359042281367302,117.1273,3153.63,58.12,1.77
2019-12-02,1462.300048828125,-0.002254126252647204,117.1204,3140.98,58.12,1.78
2019-12-03,1478.199951171875,0.010814526309483874,116.9647,3113.87,55.97,1.83
2019-12-04,1474,-0.0028453045693535017,116.8898,3093.2,56.15,1.72
2019-12-05,1476.9000244140625,0.00196551921359589,116.692,3112.76,58.46,1.77
2019-12-06,1459.0999755859375,-0.012125522425176172,116.3838,3117.43,58.42,1.8
2019-12-09,1459.300048828125,1.3711159596141442e-4,116.5381,3145.91,59.2,1.84
2019-12-10,1462.5999755859375,0.00225875501095274,116.3283,3135.96,58.99,1.83
2019-12-11,1469.4000244140625,0.0046385136565483265,116.2542,3132.52,59.22,1.85
2019-12-12,1466.699951171875,-0.0018392248396015276,116.1478,3141.63,58.74,1.79
2019-12-13,1475.5999755859375,0.006049724215781538,115.8741,3168.57,59.18,1.9
2019-12-16,1475,-4.0668040342417555e-4,115.6967,3168.8,60.11,1.82
2019-12-17,1474.5999755859375,-2.7123977476684047e-4,115.555,3191.45,60.21,1.89
2019-12-18,1472.5999755859375,-0.0013572206434195877,115.5553,3192.52,60.88,1.89
2019-12-19,1478.199951171875,0.0037955689629018963,115.6618,3191.14,60.93,1.92
2019-12-20,1474.699951171875,-0.0023705521722883205,115.5988,3205.37,61.3,1.92
2019-12-23,1482.5,0.005275305725533919,115.7598,3221.22,60.43,1.92
2019-12-24,1499.0999755859375,0.011135059860574614,115.8059,3224.01,60.51,1.93
2019-12-26,1509.300048828125,0.0067810877844305395,115.8059,3223.38,61.17,1.9
2019-12-27,1513.800048828125,0.0029770786135143723,115.634,3239.91,61.72,1.9
2019-12-30,1514.5,4.622733368915277e-4,115.22,3240.02,61.76,1.88
2019-12-31,1519.5,0.0032959818895559323,114.9631,3221.29,61.66,1.9
2020-01-02,1524.5,0.003285154071461349,114.669,3230.78,61.14,1.92
2020-01-03,1549.199951171875,0.016072149694004167,114.9745,3257.85,61.17,1.88
2020-01-06,1566.199951171875,0.010913635018348522,114.9867,3234.85,63,1.8
2020-01-07,1571.800048828125,0.0035692183565130264,114.9557,3246.28,63.27,1.81
2020-01-08,1557.4000244140625,-0.009203710678121979,115.1477,3237.18,62.7,1.83
2020-01-09,1551.699951171875,-0.0036667071971185905,115.1328,3253.05,59.65,1.87
2020-01-10,1557.5,0.0037308990396738295,115.2331,3274.7,59.56,1.85
2020-01-13,1548.4000244140625,-0.005859816190831424,115.0677,3265.35,59.02,1.83
2020-01-14,1542.4000244140625,-0.0038824947858762116,115.0342,3288.13,58.17,1.85
2020-01-15,1552.0999755859375,0.006269176242541086,115.0239,3283.15,58.34,1.82
2020-01-16,1549,-0.0019992755105731064,114.9528,3289.29,57.86,1.79
2020-01-17,1558.800048828125,0.006306764371860396,115.0006,3316.81,58.52,1.81
2020-01-21,1556.4000244140625,-0.0015408479920910878,115.0656,3329.62,58.55,1.84
2020-01-22,1555.300048828125,-7.069933514571858e-4,115.1876,3320.79,58.25,1.78
2020-01-23,1564.5999755859375,0.005961700201771336,115.2273,3321.75,56.76,1.77
2020-01-24,1571.0999755859375,0.004145810767128388,115.5545,3325.54,55.51,1.74
2020-01-27,1576.800048828125,0.003621512391023707,115.5556,3295.47,54.09,1.7
2020-01-28,1569.199951171875,-0.0048316035862789874,115.8004,3243.63,53.09,1.61
2020-01-29,1569.800048828125,3.823495785670872e-4,115.7239,3276.24,53.33,1.65
2020-01-30,1583.5,0.008689333181302494,115.7003,3273.4,53.29,1.6
2020-01-31,1582.9000244140625,-3.789638633726611e-4,115.8077,3283.66,52.19,1.57
2020-02-03,1577.199951171875,-0.0036075310705907526,115.7345,3225.52,51.58,1.51
2020-02-04,1550.4000244140625,-0.017138114161284967,116.1172,3248.92,50.06,1.54
2020-02-05,1557.800048828125,0.004761622946684696,115.9291,3297.59,49.59,1.61
2020-02-06,1565.0999755859375,0.004675103267282488,116.009,3334.69,50.87,1.66
2020-02-07,1568.5999755859375,0.002233782116915606,116.1518,3345.78,50.94,1.65
2020-02-10,1574.699951171875,0.0038812607041434077,116.5086,3327.71,50.34,1.59
2020-02-11,1565.5999755859375,-0.0057956254306672506,116.5711,3352.09,49.59,1.56
2020-02-12,1567.4000244140625,0.0011490897071118056,116.3585,3357.75,50,1.59
2020-02-13,1575.0999755859375,0.0049005356127649335,116.2794,3379.45,51.13,1.62
2020-02-14,1582.699951171875,0.0048134716803991395,116.3999,3373.94,51.41,1.61
2020-02-18,1600,0.010871410739791365,116.4223,3380.16,52.03,1.59
2020-02-19,1607.5,0.004676547883901705,116.6039,3370.29,52.1,1.55
2020-02-20,1616.5999755859375,0.005644986085864723,116.7829,3386.15,53.31,1.56
2020-02-21,1644.5999755859375,0.0171720154941708,117.2454,3373.23,53.77,1.52
2020-02-24,1672.4000244140625,0.016762556388819405,117.0473,3337.75,53.36,1.46
2020-02-25,1646.9000244140625,-0.015364987376213612,117.4018,3225.89,51.36,1.38
2020-02-26,1640,-0.004198505886171766,117.2425,3128.21,49.78,1.33
2020-02-27,1640,0,117.405,3116.39,48.67,1.33
2020-02-28,1564.0999755859375,-0.04738567874706412,117.3678,2978.76,47.17,1.3
2020-03-02,1592.300048828125,0.01786897945635424,117.6568,2954.22,44.83,1.13
2020-03-03,1642.0999755859375,0.030796353102672036,116.8144,3090.23,46.78,1.1
2020-03-04,1641.0999755859375,-6.09161821269133e-4,116.4958,3003.37,47.27,1.02
2020-03-05,1666.4000244140625,0.015298891788606994,116.7802,3130.12,46.78,1.02
2020-03-06,1670.800048828125,0.002636957249874783,116.7901,3023.94,45.9,0.92
2020-03-09,1674.5,0.002212030386840702,116.7106,2972.37,41.14,0.74
2020-03-10,1659.0999755859375,-0.009239341300194326,117.1871,2746.56,31.05,0.54
2020-03-11,1641.4000244140625,-0.010725720864527943,117.9027,2882.23,34.47,0.76
2020-03-12,1589.300048828125,-0.03225585264372555,118.2505,2741.38,33.13,0.82
2020-03-13,1515.699951171875,-0.047416352203101475,120.4883,2480.64,31.56,0.88
2020-03-16,1485.9000244140625,-0.01985668052992029,120.4388,2711.02,31.72,0.94
2020-03-17,1524.9000244140625,0.02590818443844789,120.9352,2386.13,28.96,0.73
2020-03-18,1477.300048828125,-0.03171271975140133,122.4816,2529.19,26.96,1.02
2020-03-19,1478.5999755859375,8.795472315563657e-4,124.1623,2398.1,20.48,1.18
2020-03-20,1484,0.0036454671159331653,125.0587,2409.39,25.09,1.12
2020-03-23,1567,0.05442181862869511,124.9362,2304.92,19.48,0.92
2020-03-24,1660.199951171875,0.05777508425392419,126.1262,2237.4,23.33,0.76
2020-03-25,1632.300048828125,-0.016947954536260745,125.5001,2447.33,21.03,0.84
2020-03-26,1650.0999755859375,0.010845784249569945,124.7916,2475.56,20.75,0.88
2020-03-27,1623.9000244140625,-0.016005198817997446,122.4308,2630.07,16.6,0.83
2020-03-30,1622,-0.0011707228298982741,122.4007,2541.47,15.48,0.72
2020-03-31,1583.4000244140625,-0.024085506519266886,123.2883,2626.65,14.1,0.7
2020-04-01,1578.199951171875,-0.0032895230082807814,122.5301,2584.59,20.51,0.7
2020-04-02,1625.699951171875,0.029653536057228536,123.7933,2470.5,20.28,0.62
2020-04-03,1633.699951171875,0.004908888939362477,123.5916,2526.9,25.18,0.63
2020-04-06,1677,0.026159131678807235,124.4152,2488.65,28.36,0.62
2020-04-07,1664.800048828125,-0.007301457414060408,124.16,2663.68,26.21,0.67
2020-04-08,1665.4000244140625,3.6032405214925234e-4,123.0956,2659.41,23.54,0.75
2020-04-09,1736.199951171875,0.041633439372849246,123.2216,2749.98,24.97,0.77
2020-04-13,1744.800048828125,0.004941175038212897,122.476,2789.82,22.9,0.73
2020-04-14,1756.699951171875,0.006797057351607627,122.5203,2761.63,22.36,0.76
2020-04-15,1727.199951171875,-0.016935449293475457,122.1121,2846.06,20.15,0.76
2020-04-16,1720.4000244140625,-0.003944735829988666,123.0752,2783.36,19.96,0.63
2020-04-17,1689.199951171875,-0.0183018209467809,123.4615,2799.55,19.82,0.61
2020-04-20,1701.5999755859375,0.007313955384595339,122.871,2874.56,18.31,0.65
2020-04-21,1678.199951171875,-0.013847209197883181,123.1033,2823.16,-36.98,0.63
2020-04-22,1728.699951171875,0.029647891342730937,123.9116,2736.56,8.91,0.58
2020-04-23,1733.300048828125,0.002657481434712672,123.9256,2799.31,13.64,0.63
2020-04-24,1723.5,-0.005670027160958213,123.7542,2797.8,15.06,0.61
2020-04-27,1711.9000244140625,-0.00675322791480415,124.1615,2836.74,15.99,0.6
2020-04-28,1710.5,-8.181536244569187e-4,123.8843,2878.48,12.17,0.67
2020-04-29,1703.4000244140625,-0.004159457378130504,123.3693,2863.39,12.4,0.62
2020-04-30,1684.199951171875,-0.011335623435517306,122.7782,2939.51,15.04,0.63
2020-05-01,1694.5,0.0060970674430942395,122.327,2912.43,19.23,0.64
2020-05-04,1706.9000244140625,0.007291162026341169,123.1492,2830.71,19.72,0.64
2020-05-05,1704.4000244140625,-0.0014657171235512578,123.2117,2842.74,20.47,0.64
2020-05-06,1684.199951171875,-0.011922512345884151,122.803,2868.44,24.56,0.66
2020-05-07,1721.800048828125,0.022079638978609317,123.609,2848.42,23.88,0.72
2020-05-08,1709.9000244140625,-0.00693538005000871,123.1249,2881.19,23.68,0.63
2020-05-11,1695.300048828125,-0.008575158426649132,122.5379,2929.8,24.73,0.69
2020-05-12,1704.4000244140625,0.005353411843932676,123.2333,2930.32,24.02,0.73
2020-05-13,1713.9000244140625,0.005558332693372137,123.0592,2870.12,25.76,0.69
2020-05-14,1738.0999755859375,0.014021058879757575,123.5408,2820,25.37,0.64
2020-05-15,1753.4000244140625,0.008764225555300875,123.6429,2852.5,27.4,0.63
2020-05-18,1731.800048828125,-0.012395415869612236,123.5991,2863.7,29.44,0.64
2020-05-19,1744.199951171875,0.007134611589603601,122.7968,2953.91,31.83,0.73
2020-05-20,1750.5999755859375,0.0036626025539083784,122.5655,2922.94,32.3,0.7
2020-05-21,1720.5,-0.01734362611469109,122.1007,2971.61,33.56,0.68
2020-05-22,1734.5999755859375,0.008161878938070188,122.0914,2948.51,34.3,0.68
2020-05-26,1704.800048828125,-0.01732899474964178,122.3211,2955.45,33.49,0.66
2020-05-27,1710.300048828125,0.0032209918291323802,121.3864,2991.77,34.7,0.69
2020-05-28,1713.300048828125,0.0017525415832908564,121.5677,3036.13,32.8,0.68
2020-05-29,1736.9000244140625,0.013680565277693013,121.0138,3029.73,33.67,0.7
2020-06-01,1737.800048828125,5.18044386692118e-4,120.9458,3044.31,35.57,0.65
2020-06-02,1725.199951171875,-0.007277016031961736,120.2686,3055.73,35.49,0.66
2020-06-03,1697.800048828125,-0.016009633407297663,119.6854,3080.82,36.88,0.68
2020-06-04,1718.9000244140625,0.01235124147390465,119.2556,3122.87,37.33,0.77
2020-06-05,1676.199951171875,-0.025155268002861497,119.3014,3112.35,37.42,0.82
2020-06-08,1698.300048828125,0.013098481927345418,118.8138,3193.93,39.49,0.91
2020-06-09,1714.699951171875,0.009610330246712984,118.6621,3232.39,38.17,0.88
2020-06-10,1713.300048828125,-8.167458702272867e-4,118.5893,3207.18,38.98,0.84
2020-06-11,1732,0.010855446283994041,118.5231,3190.14,39.54,0.75
2020-06-12,1729.300048828125,-0.0015600795547294766,119.2347,3002.1,36.43,0.66
2020-06-15,1720.300048828125,-0.005218007981163453,119.6645,3041.31,36.24,0.71
2020-06-16,1729.5999755859375,0.005391431183017659,119.9539,3066.59,37.07,0.71
2020-06-17,1729.199951171875,-2.3130821343642083e-4,119.567,3124.74,38.26,0.75
2020-06-18,1724.800048828125,-0.002547715531949102,119.9105,3113.49,37.91,0.74
2020-06-19,1745.9000244140625,0.012159065950263503,120.2173,3115.34,38.79,0.71
2020-06-22,1756.699951171875,0.006166825249584562,120.2186,3097.74,39.72,0.7
2020-06-23,1772.0999755859375,0.008728248980421682,119.7532,3117.86,40.6,0.71
2020-06-24,1765.800048828125,-0.003561397084781426,119.3285,3131.29,40.4,0.72
2020-06-25,1762.0999755859375,-0.0020976074000182976,119.9744,3050.33,37.91,0.69
2020-06-26,1772.5,0.005884713686692855,120.2997,3083.76,38.66,0.68
2020-06-29,1774.800048828125,0.0012967886103742998,120.533,3009.05,38.53,0.64
2020-06-30,1793,0.010202426588476143,120.6658,3053.24,39.67,0.64
2020-07-01,1773.199951171875,-0.011104398270962434,120.4649,3100.29,39.27,0.66
2020-07-02,1784,0.006072237805784475,120.0808,3115.86,39.88,0.69
2020-07-06,1788.5,0.0025192455591174223,119.8555,3130.01,40.57,0.68
2020-07-07,1804.199951171875,0.008739973459877426,119.2852,3179.72,40.51,0.69
2020-07-08,1815.5,0.006243658695440857,119.5717,3145.32,40.59,0.65
2020-07-09,1799.199951171875,-0.009018817348082742,119.5525,3169.94,40.91,0.67
2020-07-10,1798.199951171875,-5.559571095261617e-4,119.5129,3152.05,39.64,0.62
2020-07-13,1811,0.0070930414866312574,119.3509,3185.04,40.56,0.65
2020-07-14,1810.5999755859375,-2.209103260355505e-4,119.1891,3155.22,40.06,0.64
2020-07-15,1811.4000244140625,4.417718614782018e-4,119.3901,3197.52,40.3,0.63
2020-07-16,1798.699951171875,-0.007035885831272459,119.0331,3226.56,41.2,0.64
2020-07-17,1808.300048828125,0.0053230498055762965,118.9275,3215.57,40.74,0.62
2020-07-20,1815.9000244140625,0.004194021617198729,119.124,3224.73,40.55,0.64
2020-07-21,1842.4000244140625,0.014487856747344985,119.0483,3251.84,40.83,0.62
2020-07-22,1864.0999755859375,0.011709267020526326,118.4042,3257.3,41.76,0.61
2020-07-23,1889.0999755859375,0.013322162460929654,118.1337,3276.02,41.88,0.6
2020-07-24,1897.300048828125,0.00433133636651295,118.0613,3235.66,40.99,0.59
2020-07-27,1931,0.017606154822842335,118.1329,3215.63,41.23,0.59
2020-07-28,1944.699951171875,0.007069694974014773,117.3869,3239.41,41.46,0.62
2020-07-29,1953.5,0.004514937092595872,117.3189,3218.44,40.89,0.59
2020-07-30,1942.300048828125,-0.005749772517706475,117.2126,3258.44,41.13,0.58
2020-07-31,1962.800048828125,0.010499187115099673,117.4008,3246.22,39.85,0.55
2020-08-03,1966,0.0016289716145934108,117.2082,3271.12,40.1,0.55
2020-08-04,2001.199951171875,0.01774595450751537,117.8074,3294.61,40.83,0.56
2020-08-05,2031.0999755859375,0.014830529962694072,117.7833,3306.51,41.67,0.52
2020-08-06,2051.5,0.009993726704919936,116.8736,3327.77,42.25,0.55
2020-08-07,2010.0999755859375,-0.020386772968586264,117.0422,3349.16,41.93,0.55
2020-08-10,2024.4000244140625,0.007088912486167942,117.6239,3351.28,41.16,0.57
2020-08-11,1932.5999755859375,-0.046407138467370324,117.5821,3360.47,41.94,0.59
2020-08-12,1934.9000244140625,0.0011894242271690558,117.3781,3333.69,41.53,0.64
2020-08-13,1956.699951171875,0.011203697670107537,117.2559,3380.35,42.6,0.69
2020-08-14,1937,-0.010118971422733658,117.1193,3373.43,42.26,0.71
2020-08-17,1985,0.024478529714294872,116.9395,3372.85,42.05,0.71
2020-08-18,1999.4000244140625,0.007228233622484481,116.749,3381.99,42.89,0.69
2020-08-19,1958.699951171875,-0.020566184811920962,116.5593,3389.78,42.89,0.67
2020-08-20,1933.800048828125,-0.012793958632575375,116.567,3374.85,42.91,0.68
2020-08-21,1934.5999755859375,4.135698294724932e-4,116.8126,3385.51,42.62,0.65
2020-08-24,1927.699951171875,-0.003573017054938177,117.0572,3397.16,42.32,0.64
2020-08-25,1911.800048828125,-0.008282324903756688,116.912,3431.28,42.44,0.65
2020-08-26,1940.699951171875,0.01500347538793445,116.8206,3443.62,43.17,0.69
2020-08-27,1921.5999755859375,-0.009890547937341232,116.6243,3478.73,43.21,0.69
2020-08-28,1964.5999755859375,0.02213049019313118,116.649,3484.55,42.88,0.74
2020-08-31,1967.5999755859375,0.001525863699362695,115.9374,3508.01,42.96,0.74
2020-09-01,1968.199951171875,3.048811432240228e-4,115.7586,3500.31,42.61,0.72
2020-09-02,1934.4000244140625,-0.017322181174838747,115.5687,3526.65,42.76,0.68
2020-09-03,1927.5999755859375,-0.003521520380874499,116.0304,3580.84,42.76,0.66
2020-09-04,1923.9000244140625,-0.0019213045878458956,116.0685,3455.06,41.39,0.63
2020-09-08,1933,0.0047188116955227954,116.0347,3426.96,39.69,0.72
2020-09-09,1944.699951171875,0.006034498194198434,116.4618,3331.84,36.87,0.69
2020-09-10,1954.199951171875,0.004873179121466009,116.1291,3398.96,38.05,0.71
2020-09-11,1937.800048828125,-0.00842754337538043,115.8806,3339.19,37.25,0.68
2020-09-14,1953.0999755859375,0.007864507194070391,116.0866,3340.97,37.33,0.67
2020-09-15,1956.300048828125,0.0016371176840062063,115.6428,3383.54,37.23,0.68
2020-09-16,1960.199951171875,0.0019915248986208667,115.5908,3401.2,38.29,0.68
2020-09-17,1940,-0.010358510867938264,115.3537,3385.49,40.17,0.69
2020-09-18,1952.0999755859375,0.0062177306051101056,115.4392,3357.01,40.99,0.69
2020-09-21,1901.199951171875,-0.026420463605422384,115.2395,3319.47,41.09,0.7
2020-09-22,1898.5999755859375,-0.0013684804683453677,116.378,3281.06,39.26,0.68
2020-09-23,1859.9000244140625,-0.020594023641089976,116.5438,3315.57,39.55,0.68
2020-09-24,1868.300048828125,0.004506216653220818,117.2526,3236.92,39.92,0.68
2020-09-25,1857.699951171875,-0.005689815487671446,117.5473,3246.59,40.11,0.67
2020-09-28,1872.800048828125,0.008095526135782904,117.8679,3298.46,40.06,0.66
2020-09-29,1894.300048828125,0.01141473966161577,117.6178,3351.6,40.47,0.67
2020-09-30,1887.5,-0.0035962007873946433,117.526,3335.47,39.03,0.66
2020-10-01,1908.4000244140625,0.011012005311719975,116.946,3363,40.05,0.69
2020-10-02,1900.199951171875,-0.004306089358559362,116.7227,3380.8,38.51,0.68
2020-10-05,1912.5,0.006452168624350385,116.7321,3348.44,36.9,0.7
2020-10-06,1901.0999755859375,-0.0059786335451814665,116.1767,3408.63,39.12,0.78
2020-10-07,1883.5999755859375,-0.009247826747493804,116.2681,3360.95,40.52,0.76
2020-10-08,1888.5999755859375,0.002650974493883851,116.3447,3419.45,39.82,0.81
2020-10-09,1919.5,0.0162289345389528,116.1657,3446.83,41.04,0.78
2020-10-12,1922.5,0.0015616869389472043,115.2757,3477.13,40.44,0.79
2020-10-13,1888.5,-0.017843559227287642,115.2757,3534.22,39.22,0.79
2020-10-14,1901.300048828125,0.006755025244469692,115.9107,3511.93,40.03,0.74
2020-10-15,1903.199951171875,9.987659359627088e-4,115.6872,3488.67,40.86,0.73
2020-10-16,1900.800048828125,-0.0012617784764215045,116.0964,3483.34,40.84,0.74
2020-10-19,1906.4000244140625,0.002941783734378589,115.7679,3483.81,40.7,0.76
2020-10-20,1910.4000244140625,0.0020959973869372206,115.4031,3426.92,40.69,0.78
2020-10-21,1924.5999755859375,0.007405484259195738,115.2485,3443.12,41.37,0.81
2020-10-22,1901.0999755859375,-0.012285488081524853,114.9108,3435.56,39.88,0.83
2020-10-23,1902,4.7331094982627775e-4,115.1158,3453.49,40.46,0.87
2020-10-26,1902.699951171875,3.6794027847353306e-4,115.0126,3465.39,39.73,0.85
2020-10-27,1908.800048828125,0.0032008935403773364,115.2797,3400.97,38.39,0.81
2020-10-28,1876.199951171875,-0.01722636925734733,115.0131,3390.68,39.34,0.79
2020-10-29,1865.5999755859375,-0.0056657245971063475,115.8023,3271.03,37.27,0.79
2020-10-30,1877.4000244140625,0.006305149837346313,116.3069,3310.11,35.94,0.85
2020-11-02,1890.4000244140625,0.006900605880378663,116.1354,3269.96,35.64,0.88
2020-11-03,1908.5,0.009529133397826683,116.2361,3310.24,36.6,0.87
2020-11-04,1894.5999755859375,-0.007309871629980869,115.4802,3369.16,37.44,0.9
2020-11-05,1945.300048828125,0.02640851034903058,115.1677,3443.44,38.97,0.78
2020-11-06,1950.300048828125,0.0025670000104103252,114.4556,3510.45,38.56,0.79
2020-11-09,1853.199951171875,-0.05106938372025738,113.9919,3509.44,36.97,0.83
2020-11-10,1875.4000244140625,0.011908134809093696,114.0895,3550.5,40.05,0.96
2020-11-11,1860.699951171875,-0.00786924825179014,114.0757,3545.53,41.18,0.98
2020-11-12,1872.5999755859375,0.006375091715476344,114.0757,3572.66,41.23,0.98
2020-11-13,1885.699951171875,0.006971252371710257,114.2843,3537.01,40.9,0.88
2020-11-16,1887.300048828125,8.481832770623754e-4,114.2397,3585.15,39.93,0.89
2020-11-17,1884.5,-0.0014847284088492785,113.8312,3626.91,41.14,0.91
2020-11-18,1873.5,-0.00585419447344826,113.682,3609.53,41.24,0.87
2020-11-19,1861.0999755859375,-0.006640641601906694,113.46,3567.79,41.64,0.88
2020-11-20,1872.5999755859375,0.0061601288354316,113.694,3581.87,41.57,0.86
2020-11-23,1837.800048828125,-0.018758595831691594,113.489,3557.54,41.99,0.83
2020-11-24,1804.800048828125,-0.01811942127724553,113.7548,3577.59,42.91,0.86
2020-11-25,1805.699951171875,4.984918223982504e-4,113.4316,3635.41,44.71,0.88
2020-11-27,1781.9000244140625,-0.013268076746218327,113.1823,3629.65,45.58,0.88
2020-11-30,1775.699951171875,-0.0034855405676799123,113.1823,3638.35,45.58,0.84
2020-12-01,1814.0999755859375,0.021394779622498916,113.2256,3621.63,45.2,0.84
2020-12-02,1825.699951171875,0.006373984885256867,112.8063,3662.45,44.54,0.92
2020-12-03,1836.800048828125,0.006061505333917694,112.6115,3669.01,45.23,0.95
2020-12-04,1835.9000244140625,-4.90115944199232e-4,112.0236,3666.72,45.65,0.92
2020-12-07,1861.800048828125,0.014008950144384968,111.7778,3699.12,46.23,0.97
2020-12-08,1870.800048828125,0.004822385043172339,111.8385,3691.96,45.72,0.94
2020-12-09,1834.5999755859375,-0.019539712183873625,111.8639,3702.25,45.64,0.92
2020-12-10,1833.5999755859375,-5.452265623926422e-4,112.0305,3672.82,45.48,0.95
2020-12-11,1839.800048828125,0.0033756623773708583,111.9788,3668.1,46.76,0.92
2020-12-14,1828.699951171875,-0.006051591403382517,112.1417,3663.46,46.59,0.9
2020-12-15,1852.300048828125,0.012822831309901694,112.1708,3647.49,47.02,0.9
2020-12-16,1856.0999755859375,0.0020493625621478273,111.8601,3694.62,47.58,0.92
2020-12-17,1887.199951171875,0.016616724168514452,111.7157,3701.17,47.86,0.92
2020-12-18,1885.699951171875,-7.951443811702319e-4,111.2226,3722.48,48.34,0.94
2020-12-21,1879.199951171875,-0.0034529504777385256,111.6071,3709.41,49.04,0.95
2020-12-22,1866.5999755859375,-0.0067275473090218085,111.9415,3694.92,47.79,0.95
2020-12-23,1874.699951171875,0.004330039505094696,112.1947,3687.26,47.02,0.93
2020-12-24,1879.9000244140625,0.002769976349497938,111.9807,3690.01,47.94,0.96
2020-12-28,1877.199951171875,-0.0014373179976940875,111.9807,3703.06,48.18,0.94
2020-12-29,1879.699951171875,0.0013308847368813659,111.9752,3735.36,47.5,0.94
2020-12-30,1891,0.005993626012460673,111.5172,3727.04,47.85,0.94
2020-12-31,1893.0999755859375,0.0011098944610656858,111.3084,3732.04,48.24,0.93
2021-01-04,1944.699951171875,0.026892014283006027,111.3169,3756.07,48.35,0.93
2021-01-05,1952.699951171875,0.004105306838480871,111.2075,3700.65,47.47,0.93
2021-01-06,1906.9000244140625,-0.023734105597418065,110.9574,3726.86,49.78,0.96
2021-01-07,1912.300048828125,0.0028278319590517853,110.8502,3748.14,50.45,1.04
2021-01-08,1834.0999755859375,-0.041752846956852,111.3042,3803.79,50.63,1.08
2021-01-11,1849.5999755859375,0.008415501632621947,111.2847,3824.68,52.14,1.13
2021-01-12,1842.9000244140625,-0.003628955192789718,111.8257,3799.61,52.15,1.15
2021-01-13,1853.5999755859375,0.005789249861382295,111.5501,3801.19,53.08,1.15
2021-01-14,1850.300048828125,-0.0017818664700346432,111.3622,3809.84,52.81,1.1
2021-01-15,1829.300048828125,-0.011414407787474268,111.1567,3795.54,53.47,1.15
2021-01-19,1839.5,0.005560388855331944,111.5106,3768.25,52.25,1.11
2021-01-20,1865.9000244140625,0.014249727942710066,111.4527,3798.91,52.87,1.1
2021-01-21,1865.300048828125,-3.2159925993369143e-4,111.4527,3851.85,53.16,1.1
2021-01-22,1855.699951171875,-0.005159967189823256,111.1973,3853.07,53,1.12
2021-01-25,1854.9000244140625,-4.311576432209918e-4,111.5516,3841.47,52.28,1.1
2021-01-26,1850.699951171875,-0.0022668798944573965,111.8676,3855.36,52.78,1.05
2021-01-27,1844.9000244140625,-0.0031388308031132794,111.6572,3849.62,52.61,1.05
2021-01-28,1837.9000244140625,-0.003801459941890073,112.0782,3750.77,52.81,1.04
2021-01-29,1847.300048828125,0.005101511241647927,112.0059,3787.38,52.26,1.07
2021-02-01,1860.800048828125,0.0072813890080443144,111.9511,3714.24,52.16,1.11
2021-02-02,1830.5,-0.016417375444501836,112.4189,3773.86,53.55,1.09
2021-02-03,1832.199951171875,9.28250370819228e-4,112.2862,3826.31,54.77,1.12
2021-02-04,1788.9000244140625,-0.023916484486412593,112.2567,3830.17,55.67,1.15
2021-02-05,1810.9000244140625,0.012223053284327712,112.7469,3871.74,56.19,1.15
2021-02-08,1831.9000244140625,0.01152972018956877,112.2379,3886.83,56.8,1.19
2021-02-09,1835.300048828125,0.0018542895508142365,112.0428,3915.59,57.95,1.19
2021-02-10,1840.5999755859375,0.0028836096711604142,111.7675,3911.23,58.34,1.18
2021-02-11,1824.9000244140625,-0.008566387767498185,111.5834,3909.88,58.69,1.15
2021-02-12,1821.5999755859375,-0.001809982026078849,111.5272,3916.38,58.22,1.16
2021-02-16,1797.199951171875,-0.013485351319986627,111.4889,3934.83,59.5,1.2
2021-02-17,1771.0999755859375,-0.014629062349107436,111.7879,3932.59,60.07,1.3
2021-02-18,1773.4000244140625,0.0012978130348191286,112.0204,3931.33,61.09,1.29
2021-02-19,1775.800048828125,0.0013524313819193168,112.1603,3913.97,60.4,1.29
2021-02-22,1806.699951171875,0.01725089665910584,111.7058,3906.71,59.12,1.34
2021-02-23,1804.4000244140625,-0.001273809689207539,111.918,3876.5,61.67,1.37
2021-02-24,1796.4000244140625,-0.004443464260402763,111.8981,3881.37,61.66,1.37
2021-02-25,1774.4000244140625,-0.012322324448977184,111.7212,3925.43,63.21,1.38
2021-02-26,1728.0999755859375,-0.02643982642289977,111.9253,3829.34,63.43,1.54
2021-03-01,1722.5,-0.0032458010444411656,112.8306,3811.15,61.55,1.44
2021-03-02,1733.0999755859375,0.006134974480583644,112.5263,3901.82,60.54,1.45
2021-03-03,1715.300048828125,-0.010323677486388405,112.5342,3870.29,59.7,1.42
2021-03-04,1700.199951171875,-0.008842158417798451,112.7617,3819.72,61.33,1.47
2021-03-05,1698,-0.0012947745929183796,112.7037,3768.47,63.81,1.54
2021-03-08,1677.699951171875,-0.01202730919914341,113.7487,3841.94,66.08,1.56
2021-03-09,1716.5999755859375,0.022921797389634513,114.2678,3821.35,65.03,1.59
2021-03-10,1721.5,0.00285042771679489,113.928,3875.44,64.02,1.55
2021-03-11,1722.300048828125,4.646314136564911e-4,113.5881,3898.81,64.45,1.53
2021-03-12,1719.5,-0.001627084319913763,112.9214,3939.34,66.02,1.54
2021-03-15,1728.9000244140625,0.005451831359563286,113.0269,3943.34,65.59,1.64
2021-03-16,1730.5999755859375,9.827728334723673e-4,113.1928,3968.94,65.36,1.62
2021-03-17,1726.800048828125,-0.002198142107380896,112.9839,3962.71,64.82,1.62
2021-03-18,1732.199951171875,0.003122235750465663,113.1589,3974.12,64.55,1.63
2021-03-19,1741.4000244140625,0.005297152705863617,112.7744,3915.46,59.95,1.71
2021-03-22,1737.800048828125,-0.002069427911533417,112.9756,3913.1,61.43,1.74
2021-03-23,1724.699951171875,-0.007566879516500258,113.0023,3940.59,61.48,1.69
2021-03-24,1732.9000244140625,0.004743225748486957,113.2916,3910.52,57.75,1.63
2021-03-25,1724.9000244140625,-0.004627227810274803,113.6565,3889.14,61.12,1.62
2021-03-26,1732.199951171875,0.004223156783957904,114.0016,3909.52,58.47,1.63
2021-03-29,1712.0999755859375,-0.011671575757387309,113.7406,3974.54,60.93,1.67
2021-03-30,1683.9000244140625,-0.016608126836268333,113.9314,3971.09,61.49,1.73
2021-03-31,1713.800048828125,0.017600609611378104,114.203,3958.55,60.55,1.73
2021-04-01,1726.5,0.007383082103883609,113.8234,3972.89,59.19,1.74
2021-04-05,1727,2.895613166309374e-4,113.7389,4019.87,61.41,1.69
2021-04-06,1741.5,0.008361011659377304,113.394,4077.91,58.73,1.73
2021-04-07,1740.0999755859375,-8.042420147873486e-4,113.1464,4073.94,59.34,1.67
2021-04-08,1756.800048828125,0.009551431317730064,113.2436,4079.95,59.77,1.68
2021-04-09,1743.300048828125,-0.007714103350808799,113.0917,4097.17,59.61,1.64
2021-04-12,1731.199951171875,-0.006965115310813452,113.2028,4128.8,59.29,1.67
2021-04-13,1746.199951171875,0.008627188966826793,113.1815,4127.99,59.7,1.69
2021-04-14,1734.9000244140625,-0.006492181509603512,113.0391,4141.59,60.2,1.64
2021-04-15,1765.4000244140625,0.0174275185107291,112.7849,4124.66,63.15,1.64
2021-04-16,1779,0.007674101250506382,112.6181,4170.42,63.42,1.56
2021-04-19,1769.4000244140625,-0.0054108888186163995,112.4814,4185.47,63.16,1.59
2021-04-20,1777.300048828125,0.004454866391930601,112.1835,4163.26,63.33,1.61
2021-04-21,1792.300048828125,0.008404352241679014,112.2354,4134.94,62.61,1.58
2021-04-22,1781.199951171875,-0.0062124714463314135,112.1771,4173.42,61.34,1.57
2021-04-23,1777,-0.0023607178798457085,112.2297,4134.98,61.45,1.57
2021-04-26,1779.199951171875,0.0012372484577465315,112.0889,4180.17,62.18,1.58
2021-04-27,1778,-6.74660538547478e-4,111.8109,4187.62,62.02,1.58
2021-04-28,1773.199951171875,-0.002703340739679483,111.9097,4186.72,63.03,1.63
2021-04-29,1768.0999755859375,-0.002880286458204928,111.7909,4183.18,63.81,1.63
2021-04-30,1767.300048828125,-4.5252405155782327e-4,111.7464,4211.47,65,1.65
2021-05-03,1791.4000244140625,0.013544464845169024,112.0839,4181.17,63.5,1.65
2021-05-04,1775.800048828125,-0.008746397574940445,112.005,4192.66,64.46,1.63
2021-05-05,1784.0999755859375,0.004663019601776064,112.2896,4164.66,65.72,1.61
2021-05-06,1815.5,0.01744683915797829,112.1514,4167.59,65.63,1.59
2021-05-07,1831.0999755859375,0.008555953960273754,111.8401,4201.62,64.73,1.58
2021-05-10,1837.5,0.0034890862723271354,111.0249,4232.6,64.96,1.6
2021-05-11,1835.9000244140625,-8.71114322687383e-4,110.7905,4188.43,64.92,1.63
2021-05-12,1822.5999755859375,-0.007270798097462006,110.8921,4152.1,65.31,1.64
2021-05-13,1823.800048828125,6.58223605463526e-4,111.5636,4063.04,65.96,1.69
2021-05-14,1837.9000244140625,0.007701365482795097,111.5955,4112.5,63.82,1.66
2021-05-17,1867.5,0.01597700925187162,111.1353,4173.85,65.32,1.63
2021-05-18,1867.800048828125,1.6065581069657497e-4,111.079,4163.29,66.24,1.64
2021-05-19,1881.300048828125,0.007201759353875126,110.8317,4127.83,65.49,1.64
2021-05-20,1881.800048828125,2.6573834868415247e-4,110.8807,4115.68,63.28,1.68
2021-05-21,1876.699951171875,-0.002713902241079147,110.8605,4159.12,61.95,1.63
2021-05-24,1884.5999755859375,0.004200694539000516,111.0576,4155.86,63.61,1.63
2021-05-25,1898.0999755859375,0.007137789140429618,110.9118,4197.05,66.13,1.61
2021-05-26,1901.300048828125,0.001684515438402201,110.842,4188.13,66.27,1.56
2021-05-27,1895.699951171875,-0.002949750706768839,110.8677,4195.99,66.41,1.58
2021-05-28,1902.5,0.0035806730456284797,110.8688,4200.88,66.87,1.61
2021-06-01,1902.9000244140625,2.102404020440929e-4,110.7576,4204.11,66.31,1.58
2021-06-02,1907.5,0.0024144330207267473,110.5046,4202.04,67.8,1.62
2021-06-03,1871.199951171875,-0.019213573983194898,110.5799,4208.12,68.79,1.59
2021-06-04,1889.800048828125,0.009891119010829286,111.1782,4192.85,68.81,1.63
2021-06-07,1896.800048828125,0.0036972523073179886,110.7521,4229.89,69.57,1.56
2021-06-08,1892.199951171875,-0.0024281340281699926,110.5155,4226.52,69.21,1.57
2021-06-09,1893.199951171875,5.283457753790799e-4,110.649,4227.26,70.11,1.53
2021-06-10,1894.199951171875,5.280667735245714e-4,110.5707,4219.55,69.9,1.5
2021-06-11,1877.4000244140625,-0.008908706107218833,110.5456,4239.18,70.34,1.45
2021-06-14,1864,-0.007163137661542862,111.0933,4247.44,71,1.47
2021-06-15,1854.5,-0.005109598315891084,110.9659,4255.15,70.94,1.51
2021-06-16,1859.5,0.0026925164354798525,111.3507,4246.59,72.06,1.51
2021-06-17,1773.800048828125,-0.04718346889536029,111.1165,4223.7,72.03,1.57
2021-06-18,1767.9000244140625,-0.00333175014814735,112.5772,4221.86,71.06,1.52
2021-06-21,1781.800048828125,0.007831701368744781,113.0408,4166.45,71.64,1.45
2021-06-22,1776.300048828125,-0.0030915399958519885,112.8391,4224.79,73.64,1.5
2021-06-23,1782.300048828125,0.0033721157314259287,112.9174,4246.44,73.15,1.48
2021-06-24,1775.5999755859375,-0.0037663122158093643,112.3819,4241.84,73.11,1.5
2021-06-25,1776.5999755859375,5.630313834590339e-4,112.326,4266.49,73.31,1.49
2021-06-28,1779.5999755859375,0.0016871946194525478,111.9655,4280.7,74.21,1.54
2021-06-29,1762.800048828125,-0.00948512454602124,112.0248,4290.61,72.98,1.49
2021-06-30,1770.800048828125,0.00452796776501696,112.2613,4291.8,73.14,1.49
2021-07-01,1775.9000244140625,0.002875900975945811,112.5533,4297.5,73.52,1.45
2021-07-02,1782.5999755859375,0.003765608592876113,112.74,4319.94,75.33,1.48
2021-07-06,1793.5,0.006096058971481355,112.5425,4352.34,75.37,1.44
2021-07-07,1801.5,0.00445063321581074,112.9516,4343.54,73.62,1.37
2021-07-08,1799.5999755859375,-0.0010552467875140081,113.1048,4358.13,72.22,1.33
2021-07-09,1810,0.005762440859236939,113.0776,4320.82,72.98,1.3
2021-07-12,1805.5,-0.0024892835423582227,112.8375,4369.55,74.56,1.37
2021-07-13,1809.4000244140625,0.002157750367033806,112.7611,4384.63,74.21,1.38
2021-07-14,1824.300048828125,0.008201066475029606,113.0063,4369.21,75.24,1.42
2021-07-15,1828.4000244140625,0.002244902250705394,112.8801,4374.3,73.06,1.37
2021-07-16,1814.5,-0.0076313331571569165,113.0041,4360.03,71.67,1.31
2021-07-19,1808.699951171875,-0.003201619485909468,113.0428,4327.16,71.76,1.31
2021-07-20,1810.9000244140625,0.0012156445618103362,113.5472,4258.49,66.45,1.19
2021-07-21,1802.9000244140625,-0.004427479639319998,113.7502,4323.06,67.32,1.23
2021-07-22,1805,0.0011640986772754047,113.3926,4358.69,70.26,1.3
2021-07-23,1801.4000244140625,-0.0019964378645118686,113.4695,4367.48,72.15,1.27
2021-07-26,1798.699951171875,-0.0014999993148858692,113.4398,4411.79,72.24,1.3
2021-07-27,1799.5,4.4469393150237124e-4,113.2238,4422.3,72.15,1.29
2021-07-28,1799.5,0,113.2227,4401.46,71.68,1.25
2021-07-29,1831.199951171875,0.017462614454720082,113.1807,4400.64,72.37,1.26
2021-07-30,1812.5999755859375,-0.01020919782220897,112.4834,4419.15,73.62,1.28
2021-08-02,1818.0999755859375,0.003029721145291653,112.6714,4395.26,73.93,1.24
2021-08-03,1810.0999755859375,-0.004409907432068039,112.6691,4387.16,71.31,1.2
2021-08-04,1810.5,2.209713408758418e-4,112.8228,4423.15,70.64,1.19
2021-08-05,1805.0999755859375,-0.00298707183632807,112.8953,4402.66,68.19,1.19
2021-08-06,1760,-0.025302169337170888,112.7674,4429.1,69.1,1.23
2021-08-09,1723.4000244140625,-0.021014711060311164,113.3088,4436.52,68.26,1.31
2021-08-10,1728.800048828125,0.003128456464730256,113.4521,4432.35,66.56,1.33
2021-08-11,1750.4000244140625,0.012416792738750182,113.4973,4436.75,68.33,1.36
2021-08-12,1749,-8.001511567643504e-4,113.282,4447.7,69.3,1.35
2021-08-13,1775.199951171875,0.014868869094078363,113.2691,4460.83,69.12,1.36
2021-08-16,1786.9000244140625,0.006569223434738092,113.0615,4468,68.36,1.29
2021-08-17,1785,-0.0010638733336794104,113.1698,4479.71,67.44,1.26
2021-08-18,1781.5999755859375,-0.0019065919740288706,113.6174,4448.08,66.5,1.26
2021-08-19,1780.199951171875,-7.86133143328982e-4,113.6959,4400.27,65.36,1.27
2021-08-20,1781,4.4931419327998157e-4,114.1106,4405.8,63.69,1.24
2021-08-23,1803.199951171875,0.01238783291725376,114.5009,4441.67,62.25,1.26
2021-08-24,1805.5999755859375,0.0013300957751090081,113.9418,4479.53,65.65,1.25
2021-08-25,1788.199951171875,-0.009683432986546947,113.6795,4486.23,67.5,1.29
2021-08-26,1792.199951171875,0.00223438820984434,113.6322,4496.19,68.54,1.35
2021-08-27,1816.5999755859375,0.013522720423364554,113.7883,4470,67.42,1.34
2021-08-30,1809,-0.004192402233391235,113.3404,4509.37,68.84,1.31
2021-08-31,1815,0.00331126130365611,113.246,4528.79,69.28,1.29
2021-09-01,1813.0999755859375,-0.0010473937325583549,113.1076,4522.68,68.43,1.3
2021-09-02,1808.699951171875,-0.0024297457991773186,112.8732,4524.09,68.63,1.31
2021-09-03,1830.9000244140625,0.01219933438580334,112.7863,4536.95,70.07,1.29
2021-09-07,1795.9000244140625,-0.019301359933995066,112.5476,4535.43,69.34,1.33
2021-09-08,1790.699951171875,-0.0028997250439291022,112.9795,4520.03,68.49,1.38
2021-09-09,1797.4000244140625,0.0037346122321668673,113.2319,4514.07,69.36,1.35
2021-09-10,1789.5999755859375,-0.00434907227353154,113.043,4493.28,68.26,1.3
2021-09-13,1792,0.0013401970011459596,112.9425,4458.58,69.82,1.35
2021-09-14,1804.699951171875,0.007062031376286804,113.0341,4468.73,70.54,1.33
2021-09-15,1792.4000244140625,-0.006838828378295858,113.0061,4443.05,70.53,1.28
2021-09-16,1754.5999755859375,-0.021314620752901803,112.9773,4480.7,72.59,1.31
2021-09-17,1749.4000244140625,-0.0029680108385328197,113.3036,4473.75,72.69,1.34
2021-09-20,1761.800048828125,0.007063155449170466,113.5989,4432.99,72.09,1.37
2021-09-21,1776,0.008027603161512964,113.9422,4357.73,70.41,1.31
2021-09-22,1776.699951171875,3.9403900726320273e-4,113.8179,4354.19,70.51,1.33
2021-09-23,1747.699951171875,-0.016457073725568705,113.6223,4395.64,72.37,1.32
2021-09-24,1749.699951171875,0.0011437069101942754,113.513,4448.98,73.43,1.41
2021-09-27,1750,1.7147117355520436e-4,113.7597,4455.48,74.18,1.47
2021-09-28,1735.800048828125,-0.008147357577374947,113.7432,4443.11,75.54,1.48
2021-09-29,1721.5,-0.008272426561606316,114.2469,4352.63,75.44,1.54
2021-09-30,1755.300048828125,0.01944380650125943,114.7092,4359.46,75.06,1.55
2021-10-01,1757,9.679989072592932e-4,114.6403,4307.54,75.22,1.52
2021-10-04,1766.199951171875,0.005222509201740166,114.3798,4357.04,76.01,1.48
2021-10-05,1759.5999755859375,-0.003743821789051971,114.2739,4300.46,77.68,1.49
2021-10-06,1760.5,5.113629953221732e-4,114.3654,4345.72,79.17,1.54
2021-10-07,1757.9000244140625,-0.001477930901064184,114.7185,4363.55,77.66,1.53
2021-10-08,1756.300048828125,-9.10577464654061e-4,114.5044,4399.76,78.46,1.58
2021-10-11,1754.5999755859375,-9.68454449424172e-4,114.5986,4391.34,79.55,1.61
2021-10-12,1758.300048828125,0.0021065641406039504,114.5986,4361.19,80.64,1.61
2021-10-13,1793.699951171875,0.019933037412386057,114.7542,4350.65,80.75,1.59
2021-10-14,1796.699951171875,0.00167112342901099,114.4705,4363.8,80.67,1.56
2021-10-15,1767.199951171875,-0.01655527628627862,114.2053,4438.26,81.43,1.52
2021-10-18,1764.800048828125,-0.0013589483086544618,114.0905,4471.37,82.39,1.59
2021-10-19,1769.699951171875,0.0027726159189187527,113.9899,4486.46,82.62,1.59
2021-10-20,1784.0999755859375,0.0081040596104609,113.647,4519.63,83.19,1.65
2021-10-21,1781.199951171875,-0.0016268056619157534,113.5083,4536.19,84.4,1.65
2021-10-22,1795.5,0.007996267631640741,113.6188,4549.78,82.64,1.68
2021-10-25,1806,0.005830920310793353,113.67,4544.9,84.53,1.66
2021-10-26,1792.699951171875,-0.007391618953336732,113.605,4566.48,84.64,1.64
2021-10-27,1797.9000244140625,0.0028964946878655695,113.674,4574.79,85.64,1.63
2021-10-28,1801.5999755859375,0.0020558146825893076,113.6218,4551.68,82.66,1.54
2021-10-29,1783,-0.010377806530908806,113.4389,4596.42,82.78,1.57
2021-11-01,1795.0999755859375,0.006763378213492821,114.1349,4605.38,83.5,1.55
2021-11-02,1788.699951171875,-0.0035716453755405553,114.2067,4613.67,84.08,1.58
2021-11-03,1763.5999755859375,-0.014131911060620617,114.2847,4630.65,83.91,1.56
2021-11-04,1793,0.016533033964661215,114.3593,4660.57,80.82,1.6
2021-11-05,1816.4000244140625,0.012966339059569343,114.3558,4680.06,78.88,1.53
2021-11-08,1827.4000244140625,0.00603767125981669,114.0732,4697.53,81.25,1.45
2021-11-09,1830.199951171875,0.0015310188776389566,113.8256,4701.7,81.96,1.51
2021-11-10,1847.5999755859375,0.009462262540359312,113.762,4685.25,84.12,1.46
2021-11-11,1863.199951171875,0.00840792702102,114.1484,4646.71,81.23,1.56
2021-11-12,1867.9000244140625,0.0025194048720464934,114.1484,4649.27,81.47,1.56
2021-11-15,1866.0999755859375,-9.641397790911554e-4,114.5144,4682.85,80.87,1.58
2021-11-16,1853.5999755859375,-0.006720997509486182,114.5876,4682.8,80.85,1.63
2021-11-17,1869.699951171875,0.008648283108735555,115.136,4700.9,80.76,1.63
2021-11-18,1861,-0.004663986413491195,115.0263,4688.67,78.32,1.6
2021-11-19,1851.199951171875,-0.005279926579310867,115.0678,4704.54,78.92,1.59
2021-11-22,1806,-0.024719596086009155,115.2187,4697.96,76.11,1.54
2021-11-23,1783.5,-0.01253672917798454,115.6481,4682.94,76.74,1.63
2021-11-24,1784.0999755859375,3.3634689746619983e-4,116.0118,4690.7,78.32,1.67
2021-11-26,1785.300048828125,6.724229725980635e-4,116.2711,4701.46,78.32,1.64
2021-11-29,1782.300048828125,-0.0016818032430743202,116.5103,4594.62,78.32,1.48
2021-11-30,1773.5999755859375,-0.0048933268890927195,116.581,4655.27,69.88,1.52
2021-12-01,1781.5999755859375,0.004500457702866889,116.2071,4567,66.14,1.43
2021-12-02,1760.699951171875,-0.011800393739535231,115.889,4513.04,65.44,1.43
2021-12-03,1782,0.01202489953057917,116.018,4577.1,66.6,1.44
2021-12-06,1777.5,-0.002528446353358582,116.2377,4538.43,66.39,1.35
2021-12-07,1782.5999755859375,0.002865076323460336,116.1538,4591.67,69.62,1.43
2021-12-08,1783.4000244140625,4.4870938953955886e-4,115.8555,4686.75,71.94,1.48
2021-12-09,1774.5999755859375,-0.004946636746660182,115.4418,4701.21,72.43,1.52
2021-12-10,1782.9000244140625,0.004666234090445087,115.7784,4667.45,70.87,1.49
2021-12-13,1786.300048828125,0.001905203055442506,115.5732,4712.02,71.71,1.48
2021-12-14,1770.4000244140625,-0.008940945262644107,115.842,4668.97,71.19,1.42
2021-12-15,1762.5999755859375,-0.004415545712583402,116.2397,4634.09,70.57,1.44
2021-12-16,1796.5999755859375,0.019105998391674817,116.4219,4709.85,70.89,1.47
2021-12-17,1803.800048828125,0.003999601595126023,115.7146,4668.67,72.34,1.44
2021-12-20,1793.699951171875,-0.005615079468241468,115.791,4620.64,70.93,1.41
2021-12-21,1787.9000244140625,-0.0032387379200198296,116.0092,4568.02,68.69,1.43
2021-12-22,1801.5999755859375,0.007633384981113878,116.1089,4649.23,71.1,1.48
2021-12-23,1811.199951171875,0.005314436655822874,115.7485,4696.56,72.82,1.46
2021-12-27,1808.0999755859375,-0.0017130253953698826,115.5337,4725.79,73.89,1.5
2021-12-28,1810.199951171875,0.00116075276468397,115.4684,4791.19,75.49,1.48
2021-12-29,1805.0999755859375,-0.0028213310498177435,115.4192,4786.35,76.01,1.49
2021-12-30,1812.699951171875,0.004201441162821951,115.3678,4793.06,76.58,1.55
2021-12-31,1827.5,0.008131493091743103,115.283,4778.73,76.83,1.52
2022-01-03,1799.4000244140625,-0.015495623073023879,115.283,4766.18,75.33,1.52
2022-01-04,1814,0.008081062124172256,115.4101,4796.56,75.99,1.63
2022-01-05,1824.5999755859375,0.00582641985579091,115.3103,4793.54,77,1.66
2022-01-06,1788.699951171875,-0.0198716998297801,115.137,4700.58,77.83,1.71
2022-01-07,1797,0.004629536082466856,115.4046,4696.05,79.47,1.73
2022-01-10,1798.4000244140625,7.787864912476294e-4,115.0451,4677.03,79,1.76
2022-01-11,1818.5999755859375,0.01116956659235857,115.2216,4670.29,78.11,1.78
2022-01-12,1827.199951171875,0.00471775287160181,114.8332,4713.07,81.17,1.75
2022-01-13,1821.199951171875,-0.0032891160891033167,114.355,4726.35,82.51,1.74
2022-01-14,1816.5,-0.002584024988407485,114.177,4659.03,81.97,1.7
2022-01-18,1812.300048828125,-0.002314788905823484,114.3825,4662.85,83.82,1.78
2022-01-19,1843.0999755859375,0.01685213955594911,114.7373,4577.11,85.42,1.87
2022-01-20,1842.5,-3.2557824789059e-4,114.6109,4532.76,86.84,1.83
2022-01-21,1831.800048828125,-0.005824228438788381,114.4642,4482.73,86.29,1.83
2022-01-24,1841.699951171875,0.005389914964327502,114.6125,4397.94,85.16,1.75
2022-01-25,1852.699951171875,0.005954976611818985,115.2034,4410.13,84.48,1.75
2022-01-26,1829.9000244140625,-0.012382674325461807,115.1654,4356.45,86.61,1.78
2022-01-27,1793.300048828125,-0.020203808692924596,115.0922,4349.93,88.33,1.85
2022-01-28,1784.9000244140625,-0.004695120268888964,115.978,4326.51,87.61,1.81
2022-01-31,1795,0.005642617008804862,116.0393,4431.85,87.67,1.78
2022-02-01,1800.300048828125,0.0029483228634132885,115.566,4515.55,89.16,1.79
2022-02-02,1809.199951171875,0.004931386829102102,115.3685,4546.54,88.22,1.81
2022-02-03,1803,-0.003432787411576932,115.1538,4589.38,88.16,1.78
2022-02-04,1806.5999755859375,0.001994667998608257,114.9065,4477.44,90.17,1.82
2022-02-07,1820.5999755859375,0.007719491459363681,115.1362,4500.53,92.27,1.93
2022-02-08,1826.5999755859375,0.0032901982304380795,115.0098,4483.87,91.25,1.92
2022-02-09,1835.199951171875,0.004697138876945672,115.0892,4521.54,89.32,1.96
2022-02-10,1836.199951171875,5.447513489835742e-4,114.8232,4587.18,89.57,1.94
2022-02-11,1840.800048828125,0.0025020941289906062,114.5527,4504.08,89.83,2.03
2022-02-14,1868,0.014668053542140846,114.8413,4418.64,93.1,1.92
2022-02-15,1854.800048828125,-0.007091439946204758,115.1946,4401.67,95.52,1.98
2022-02-16,1870.199951171875,0.008268451050257752,114.93,4471.07,92.07,2.05
2022-02-17,1900.699951171875,0.01617686277440189,114.6886,4475.01,93.83,2.03
2022-02-18,1898.5999755859375,-0.0011054540785266909,114.6755,4380.26,91.78,1.97
2022-02-22,1906.0999755859375,0.003942497337925843,114.7982,4348.87,91.26,1.92
2022-02-23,1909.199951171875,0.001625023629923561,114.7002,4304.76,92.11,1.94
2022-02-24,1925.0999755859375,0.008293621186042266,114.6668,4225.5,92.14,1.99
2022-02-25,1886.5,-0.020254641338243395,115.9419,4288.7,92.77,1.96
2022-02-28,1899.4000244140625,0.00681479925805295,115.2577,4384.65,91.68,1.97
2022-03-01,1942.4000244140625,0.022386274771780457,115.2224,4373.94,96.13,1.83
2022-03-02,1920.9000244140625,-0.011130495531632256,115.7962,4306.26,103.66,1.72
2022-03-03,1934.4000244140625,0.007003374578962607,115.7623,4386.54,110.74,1.86
2022-03-04,1965.0999755859375,0.015745908688366228,115.9495,4363.49,107.69,1.86
2022-03-07,1993.9000244140625,0.01454940988733533,116.6503,4328.87,115.77,1.74
2022-03-08,2040.0999755859375,0.022906282220362506,117.3278,4201.09,119.26,1.78
2022-03-09,1985.9000244140625,-0.02692659011377163,117.6176,4170.7,123.64,1.86
2022-03-10,1998.0999755859375,0.00612449262362702,116.5961,4277.88,108.81,1.94
2022-03-11,1982.699951171875,-0.007737189270017986,116.7401,4259.52,105.93,1.98
2022-03-14,1959.5999755859375,-0.011719169211707126,117.0192,4204.31,109.31,2
2022-03-15,1928.5,-0.01599785965743994,117.1506,4173.11,103.22,2.14
2022-03-16,1908,-0.01068692564005147,117.246,4262.45,96.42,2.15
2022-03-17,1942.0999755859375,0.01771427625221378,116.8073,4357.86,94.85,2.19
2022-03-18,1928.199951171875,-0.007182949353329526,116.0467,4411.67,102.97,2.2
2022-03-21,1928.5999755859375,2.0743851021265414e-4,116.1378,4463.12,104.69,2.14
2022-03-22,1920.699951171875,-0.004104660928568649,115.9398,4461.18,112.14,2.32
2022-03-23,1936.5999755859375,0.00824416808200823,116.0824,4511.61,111.03,2.38
2022-03-24,1961.5999755859375,0.012826608725130306,116.005,4456.24,114.89,2.32
2022-03-25,1953.800048828125,-0.003984235085693122,115.9599,4520.16,114.2,2.34
2022-03-28,1939.5999755859375,-0.007294465566171304,115.7921,4543.06,116.2,2.48
2022-03-29,1912,-0.01433193903268748,116.1911,4575.52,107.55,2.46
2022-03-30,1933.5,0.011182017436005331,115.5679,4631.6,104.25,2.41
2022-03-31,1949.199951171875,0.00808717487165822,115.0818,4602.45,107.81,2.35
2022-04-01,1919.0999755859375,-0.015562693516429249,115.2218,4530.41,100.53,2.32
2022-04-04,1929.199951171875,0.005249070482197915,115.4814,4545.86,99.32,2.39
2022-04-05,1922.9000244140625,-0.0032709080317570027,115.4112,4582.64,103.29,2.42
2022-04-06,1918.4000244140625,-0.00234295785350902,115.73,4525.12,101.98,2.54
2022-04-07,1933.800048828125,0.007995486299765986,115.9995,4481.15,96.39,2.61
2022-04-08,1941.5999755859375,0.004025358538915391,116.3512,4500.21,96.05,2.66
2022-04-11,1944.300048828125,0.001389677377058085,116.4176,4488.28,98.35,2.72
2022-04-12,1972.0999755859375,0.014196912221042801,116.5401,4412.53,94.22,2.79
2022-04-13,1981,0.004502815262256377,116.3866,4397.45,100.52,2.72
2022-04-14,1970.9000244140625,-0.005111464112836472,116.2796,4446.59,104.26,2.7
2022-04-18,1982.9000244140625,0.00607012833134668,116.7558,4392.59,106.84,2.83
2022-04-19,1955.699951171875,-0.0138122712855413,116.8441,4391.69,108.24,2.85
2022-04-20,1952.300048828125,-0.0017399709321992418,117.1324,4462.21,102.54,2.93
2022-04-21,1944.9000244140625,-0.0037976152973984156,116.7306,4459.45,102.56,2.85
2022-04-22,1931,-0.0071725709734078436,117.1432,4393.66,103.89,2.9
2022-04-25,1893.199951171875,-0.01976951018774109,118.0186,4271.78,102.86,2.9
2022-04-26,1901.4000244140625,0.004321976524201965,118.6271,4296.12,99.6,2.81
2022-04-27,1885.9000244140625,-0.00818529630107978,118.9624,4175.2,102.62,2.77
2022-04-28,1888.699951171875,0.0014835623851352508,119.4708,4183.96,101.96,2.82
2022-04-29,1909.300048828125,0.010847972444223863,120.0675,4287.5,105.47,2.85
2022-05-02,1861.800048828125,-0.025192920384565554,119.4933,4131.93,104.59,2.89
2022-05-03,1868.800048828125,0.0037527518532813886,119.8825,4155.38,105.18,2.99
2022-05-04,1867,-9.636752202482057e-4,119.7043,4175.48,102.53,2.97
2022-05-05,1874,0.0037423192566450325,119.5592,4300.17,107.84,2.93
2022-05-06,1881.199951171875,0.0038346613166861943,120.0068,4146.87,108.17,3.05
2022-05-09,1857.0999755859375,-0.012893727062383675,119.8577,4123.34,109.72,3.12
2022-05-10,1839.9000244140625,-0.009304882483388788,120.4972,3991.24,103.08,3.05
2022-05-11,1852.5999755859375,0.0068788090723765904,120.7742,4001.05,99.74,2.99
2022-05-12,1823.800048828125,-0.015667781369351985,120.3925,3935.18,105.5,2.91
2022-05-13,1807.4000244140625,-0.009032901296614604,121.2796,3930.08,106.15,2.84
2022-05-16,1813.5,0.0033693177472660096,120.8442,4023.89,110.52,2.93
2022-05-17,1818.199951171875,0.0025882941096000422,120.6881,4008.01,114.07,2.88
2022-05-18,1815.9000244140625,-0.0012657478221989038,119.8871,4088.85,112.31,2.98
2022-05-19,1841.199951171875,0.013836280412999002,120.0274,3923.68,109.67,2.89
2022-05-20,1841.800048828125,3.2587437499831395e-4,119.4278,3900.79,112.21,2.84
2022-05-23,1847.800048828125,0.0032523878632941816,119.3677,3901.36,112.63,2.78
2022-05-24,1865.0999755859375,0.009318889191803237,118.7169,3973.75,110.32,2.86
2022-05-25,1846.199951171875,-0.010185211745309175,118.6245,3941.48,112.55,2.76
2022-05-26,1847.4000244140625,6.498122657294658e-4,118.9598,3978.73,112.88,2.75
2022-05-27,1851.300048828125,0.002108862996304417,118.7687,4057.84,116.19,2.75
2022-05-31,1842.699951171875,-0.00465626052750423,118.2834,4158.24,114.96,2.74
2022-06-01,1843.300048828125,3.256091489705071e-4,118.0704,4132.15,114.38,2.85
2022-06-02,1866.5,0.012507549362994475,118.6954,4101.23,115.26,2.94
2022-06-03,1845.4000244140625,-0.011368949980496978,118.0658,4176.82,116.88,2.92
2022-06-06,1839.199951171875,-0.0033654014737374283,118.2153,4108.54,118.97,2.96
2022-06-07,1847.5,0.0045027059219524546,118.3081,4121.43,118.41,3.04
2022-06-08,1851.9000244140625,0.0023787784288540337,118.4414,4160.68,119.55,2.98
2022-06-09,1848.800048828125,-0.0016753458803275834,118.3951,4115.77,121.94,3.03
2022-06-10,1871.5,0.012203441973600349,118.9226,4017.82,121.52,3.04
2022-06-13,1828,-0.023517775330388346,119.9981,3900.86,120.73,3.15
2022-06-14,1809.5,-0.010171909010297853,121.1523,3749.63,120.92,3.43
2022-06-15,1815.300048828125,0.003200206190689947,121.6669,3735.48,118.92,3.49
2022-06-16,1845.699951171875,0.01660781266368705,121.6403,3789.99,115.32,3.33
2022-06-17,1835.5999755859375,-0.005487192637812832,120.6714,3666.77,117.56,3.28
2022-06-21,1834.5999755859375,-5.449294523733883e-4,121.2369,3674.84,109.56,3.25
2022-06-22,1834.300048828125,-1.634968281960525e-4,120.6427,3764.79,110.49,3.31
2022-06-23,1825.699951171875,-0.004699515565206092,120.5197,3759.89,106.22,3.16
2022-06-24,1826.5,4.3811886075140194e-4,120.76220000000001,3795.73,105.75,3.09
2022-06-27,1820.9000244140625,-0.0030706694898494646,120.4853,3911.74,109.07,3.13
2022-06-28,1817.5,-0.0018689673378133875,120.1736,3900.11,111.44,3.2
2022-06-29,1813.699951171875,-0.0020929997061278627,120.62,3821.55,113.66,3.2
2022-06-30,1804.0999755859375,-0.005307091775333284,120.9616,3818.83,111.65,3.1
2022-07-01,1798.9000244140625,-0.0028864583859107285,120.9652,3785.38,107.76,2.98
2022-07-05,1761.800048828125,-0.02083933914969993,121.5058,3825.33,110.3,2.88
2022-07-06,1734.9000244140625,-0.015386252486003116,122.6203,3831.39,101.55,2.82
2022-07-07,1737.9000244140625,0.001727712914113333,123.0073,3845.08,100.31,2.93
2022-07-08,1740.5999755859375,0.001552365510466558,122.7257,3902.62,104.62,3.01
2022-07-11,1730,-0.006108458837355002,122.4662,3899.38,106.78,3.09
2022-07-12,1723.300048828125,-0.003880322870210229,123.2974,3854.43,106.09,2.99
2022-07-13,1734.199951171875,0.006305098165451106,123.4524,3818.8,97.69,2.96
2022-07-14,1704.5,-0.017274371209107464,123.2834,3801.78,98.44,2.91
2022-07-15,1702.4000244140625,-0.0012327780896654872,124.0622,3790.38,97.79,2.96
2022-07-18,1709.199951171875,0.003986361713753439,123.4765,3863.16,99.59,2.93
2022-07-19,1710,4.6797429465961216e-4,122.7727,3830.85,104.48,2.96
2022-07-20,1699.5,-0.006159280360534147,122.4819,3936.69,106.12,3.01
2022-07-21,1712.699951171875,0.007736953992707463,122.5997,3959.9,104.45,3.04
2022-07-22,1727.0999755859375,0.00837264308512431,122.9032,3998.95,98.44,2.91
2022-07-25,1719,-0.0047009608311539,122.451,3961.63,97.71,2.77
2022-07-26,1717.699951171875,-7.565681663264101e-4,122.4594,3966.84,99.83,2.81
2022-07-27,1719.0999755859375,8.147256292714289e-4,122.7581,3921.05,97.74,2.81
2022-07-28,1750.300048828125,0.01798634584799874,122.8169,4023.61,100.03,2.78
2022-07-29,1762.9000244140625,0.007172964446712449,122.1161,4072.43,99.11,2.68
2022-08-01,1769,0.003454221019279835,121.7678,4130.29,101.31,2.67
2022-08-02,1771.0999755859375,0.0011863935181128937,121.4109,4118.63,96.59,2.6
2022-08-03,1758,-0.007424009432775769,121.9486,4091.19,97.14,2.75
2022-08-04,1788.5,0.017200480453950284,122.3888,4155.17,93.25,2.73
2022-08-05,1772.9000244140625,-0.008760642024044252,121.8333,4151.94,91.29,2.68
2022-08-08,1786.800048828125,0.007809700130070318,122.321,4145.19,91.77,2.83
2022-08-09,1794,0.004021425813642843,121.8783,4140.06,93.52,2.77
2022-08-10,1795.5999755859375,8.914506924311283e-4,121.8614,4122.47,93.18,2.8
2022-08-11,1789.699951171875,-0.0032912335706649642,120.7543,4210.24,94.68,2.78
2022-08-12,1798.5999755859375,0.004960590165981493,120.7163,4207.27,97.02,2.87
2022-08-15,1781.4000244140625,-0.009608985203733766,121.018,4280.15,94.86,2.84
2022-08-16,1773.199951171875,-0.004613789368584698,121.4315,4297.14,92.24,2.79
2022-08-17,1760.300048828125,-0.0073015195437200475,121.6807,4305.2,89.23,2.82
2022-08-18,1755.300048828125,-0.0028444665106128753,122.0711,4274.04,90.85,2.89
2022-08-19,1747.5999755859375,-0.00439640617260828,122.3627,4283.74,93.2,2.88
2022-08-22,1734,-0.007812525766742517,123.0501,4228.48,93.55,2.98
2022-08-23,1746.800048828125,0.007354692223818127,123.605,4137.99,93.42,3.03
2022-08-24,1747.800048828125,5.723115660449807e-4,123.0547,4128.73,96.46,3.05
2022-08-25,1757.699951171875,0.005648226308946569,123.109,4140.77,95.52,3.11
2022-08-26,1736.0999755859375,-0.01236490425398351,123.0586,4199.12,93.33,3.03
2022-08-29,1736.5999755859375,2.87960382690855e-4,123.0656,4057.66,93.63,3.04
2022-08-30,1723.199951171875,-0.007746165501607116,123.4686,4030.61,97.4,3.12
2022-08-31,1712.800048828125,-0.0060535122831444355,123.6848,3986.16,92.08,3.11
2022-09-01,1696.5999755859375,-0.009503252799611062,123.535,3955,90.09,3.15
2022-09-02,1709.800048828125,0.007750199166291161,124.4006,3966.85,87.09,3.26
2022-09-06,1700.4000244140625,-0.0055129013074628475,123.7743,3924.26,87.29,3.2
2022-09-07,1715.300048828125,0.008724489039539485,124.767,3908.19,87.35,3.33
2022-09-08,1708,-0.004264925533493447,124.8408,3979.87,82.5,3.27
2022-09-09,1716.199951171875,0.004789420573202641,124.578,4006.18,84.04,3.29
2022-09-12,1728.0999755859375,0.006910009010536733,123.7874,4067.36,87.27,3.33
2022-09-13,1705,-0.01345741421463753,123.3332,4110.41,88.18,3.37
2022-09-14,1696.5,-0.004997805493332841,124.4242,3932.69,87.84,3.42
2022-09-15,1665.4000244140625,-0.018501955762986633,124.4509,3946.01,88.88,3.41
2022-09-16,1671.699951171875,0.0037756940386222126,124.8843,3901.35,85.72,3.45
2022-09-19,1666.199951171875,-0.0032954882641922367,124.8794,3873.33,85.57,3.45
2022-09-20,1659.699951171875,-0.00390872152890509,125.0104,3899.89,86.15,3.49
2022-09-21,1664.5999755859375,0.0029480059385473822,125.1248,3855.93,84.69,3.57
2022-09-22,1670.800048828125,0.003717743202048318,125.7399,3789.93,83.38,3.51
2022-09-23,1645.300048828125,-0.015379814777475964,126.1667,3757.99,84.02,3.7
2022-09-26,1623.300048828125,-0.013461623673599377,127.2853,3693.23,79.07,3.69
2022-09-27,1626.699951171875,0.0020922483593892593,128.4539,3655.04,77.17,3.88
2022-09-28,1660.4000244140625,0.02050515912687434,128.4386,3647.29,78.91,3.97
2022-09-29,1658.5,-0.0011449724954992746,128.0884,3719.04,82.61,3.72
2022-09-30,1662.4000244140625,0.0023487766438892166,127.5437,3640.47,81.78,3.76
2022-10-03,1692.9000244140625,0.018180693033650996,127.5148,3585.62,79.91,3.83
2022-10-04,1721.0999755859375,0.016520558026137167,127.0813,3678.43,84.05,3.67
2022-10-05,1711.4000244140625,-0.0056518438412807015,126.1819,3790.93,86.87,3.62
2022-10-06,1711.699951171875,1.7523692601439933e-4,126.8616,3783.28,88.22,3.76
2022-10-07,1700.5,-0.006564674728268827,127.2493,3744.52,88.9,3.83
2022-10-10,1667.300048828125,-0.01971674459509032,127.3111,3639.66,93.07,3.89
2022-10-11,1678.699951171875,0.006814074389340341,127.3111,3612.39,91.6,3.89
2022-10-12,1670.300048828125,-0.005016375012451668,127.6641,3588.84,89.75,3.93
2022-10-13,1670,-1.7965381824769366e-4,128.1481,3577.03,87.83,3.91
2022-10-14,1641.699951171875,-0.017091365852745177,127.7286,3669.91,89.59,3.97
2022-10-17,1657,0.009276477868507271,128.3325,3583.07,86.1,4
2022-10-18,1649,-0.004839694866963562,127.6448,3677.95,86,4.02
2022-10-19,1627.5,-0.013123948476875036,127.9153,3719.98,83.29,4.01
2022-10-20,1630.800048828125,0.0020256268035838687,128.3968,3695.16,86,4.14
2022-10-21,1651,0.012310443033820562,128.0052,3665.78,86.02,4.24
2022-10-24,1648.699951171875,-0.001394095969132536,127.6735,3752.75,85.47,4.21
2022-10-25,1652.800048828125,0.002483779957048071,128.0304,3797.34,86.12,4.25
2022-10-26,1664,0.0067534934731101615,127.3771,3859.11,86.93,4.1
2022-10-27,1660.699951171875,-0.0019851715705820894,126.4723,3830.6,89.39,4.04
2022-10-28,1639.5999755859375,-0.01278687607064466,126.7028,3807.3,89.06,3.96
2022-10-31,1635.9000244140625,-0.002259168215868357,127.2135,3901.06,87.85,4.02
2022-11-01,1645,0.0055472576754134195,127.6219,3871.98,86.54,4.1
2022-11-02,1645.699951171875,4.2541173173926694e-4,127.3987,3856.1,88.36,4.07
2022-11-03,1627.300048828125,-0.011243566259036442,127.3115,3759.69,90.06,4.1
2022-11-04,1672.5,0.027397283330208744,128.1743,3719.89,88.14,4.14
2022-11-07,1676.5,0.002388773903899022,127.1468,3770.55,92.58,4.17
2022-11-08,1712.0999755859375,0.02101238604477107,126.3062,3806.8,91.8,4.22
2022-11-09,1710.0999755859375,-0.0011688389084403283,125.633,3828.11,88.8,4.14
2022-11-10,1750.300048828125,0.023235395651179047,125.9861,3748.57,85.79,4.12
2022-11-11,1766,0.008929872470112343,124.7044,3956.37,86.52,3.82
2022-11-14,1773.5999755859375,0.004294263372938367,124.7044,3992.93,89.14,3.82
2022-11-15,1773.800048828125,1.1279993292134805e-4,123.4277,3957.25,85.85,3.88
2022-11-16,1773,-4.511383955572157e-4,123.039,3991.73,86.87,3.8
2022-11-17,1760.800048828125,-0.00690474813130848,123.2817,3958.79,85.62,3.67
2022-11-18,1751.9000244140625,-0.005067351765360328,123.977,3946.56,81.69,3.77
2022-11-21,1737.4000244140625,-0.008311170299650783,123.8524,3965.34,80.07,3.82
2022-11-22,1738.300048828125,5.17895339190666e-4,124.7009,3949.94,79.74,3.83
2022-11-23,1744.9000244140625,0.0037896091787743558,124.2365,4003.58,80.83,3.76
2022-11-25,1753.300048828125,0.004802492929498747,123.7574,4027.26,77.93,3.71
2022-11-28,1740.0999755859375,-0.007557185534083466,123.3386,4026.12,76.45,3.68
2022-11-29,1748.4000244140625,0.00475852916155084,123.6032,3963.94,77.1,3.69
2022-11-30,1746,-0.0013736405532718265,123.6615,3957.63,77.96,3.75
2022-12-01,1801.0999755859375,0.031070118388379697,123.5175,4080.11,80.48,3.68
2022-12-02,1795.9000244140625,-0.0028912731689034743,122.0045,4076.57,81.06,3.53
2022-12-05,1767.4000244140625,-0.015996748721573084,122.0102,4071.7,79.86,3.51
2022-12-06,1769.300048828125,0.0010744618189315602,122.6384,3998.84,76.83,3.6
2022-12-07,1785.5,0.009114472318120903,123.0191,3941.26,74.21,3.51
2022-12-08,1788.699951171875,0.0017905836665894626,122.7608,3933.92,71.93,3.42
2022-12-09,1798.0999755859375,0.005241466558799424,122.4152,3963.51,71.3,3.48
2022-12-12,1780.5,-0.009836314542059021,122.4201,3934.38,71.05,3.57
2022-12-13,1813.9000244140625,0.018585013105521853,122.7714,3990.56,72.96,3.61
2022-12-14,1807.5,-0.003534561790434765,121.8493,4019.65,75.44,3.51
2022-12-15,1777.199951171875,-0.01690561044591643,121.8226,3995.32,77.14,3.49
2022-12-16,1790,0.007176555247797367,122.5519,3895.75,75.89,3.44
2022-12-19,1787.699951171875,-0.0012857697271355661,122.6505,3852.36,74.19,3.48
2022-12-20,1815.9000244140625,0.015651375902693054,122.5275,3817.66,75.05,3.57
2022-12-21,1815.9000244140625,0,122.1357,3821.62,75.92,3.69
2022-12-22,1787,-0.016042989850930667,122.2828,3878.44,78.17,3.68
2022-12-23,1795.9000244140625,0.00496806645959591,122.2419,3822.39,77.68,3.67
2022-12-27,1814.800048828125,0.010468993076298005,121.9743,3844.82,79.57,3.75
2022-12-28,1807.9000244140625,-0.0038093315032527997,121.7539,3829.25,79.45,3.84
2022-12-29,1819.5,0.0063957738601461145,122.0075,3783.22,78.89,3.88
2022-12-30,1819.699951171875,1.0988743391848743e-4,121.6577,3849.28,78.43,3.83
2023-01-03,1839.699951171875,0.01093086280425215,121.4256,3839.5,80.16,3.88
2023-01-04,1852.800048828125,0.007095546441984624,122.0905,3824.14,76.87,3.79
2023-01-05,1834.800048828125,-0.009762524397120664,121.5008,3852.97,72.82,3.69
2023-01-06,1864.199951171875,0.015896470099271198,122.1017,3808.1,73.61,3.71
2023-01-09,1872.699951171875,0.004549233258291707,121.0852,3895.08,73.77,3.55
2023-01-10,1871.5999755859375,-5.875467452387539e-4,120.1508,3892.09,74.69,3.53
2023-01-11,1874.5999755859375,0.0016016233411999536,120.2483,3919.25,75.11,3.61
2023-01-12,1895.5,0.011087365667616034,120.1614,3969.61,77.46,3.54
2023-01-13,1918.4000244140625,0.012008862043122903,119.4218,3983.17,78.32,3.43
2023-01-17,1907.199951171875,-0.005855345730477524,119.1673,3999.09,79.9,3.49
2023-01-18,1904.4000244140625,-0.0014691611288526474,119.2121,3990.97,80.25,3.53
2023-01-19,1922.0999755859375,0.009251314471137917,119.0755,3928.86,79.53,3.37
2023-01-20,1926.4000244140625,0.002234663176594154,119.6107,3898.85,80.31,3.39
2023-01-23,1927.0999755859375,3.632807471509736e-4,119.3486,3972.61,81.27,3.48
2023-01-24,1933.9000244140625,0.0035224324574505417,119.1434,4019.81,81.62,3.52
2023-01-25,1941.199951171875,0.0037676113849673953,119.0958,4016.95,79.86,3.46
2023-01-26,1929.0999755859375,-0.006252753139314393,118.9686,4016.22,79.78,3.46
2023-01-27,1928.5999755859375,-2.5922182084059386e-4,119.021,4060.43,80.64,3.49
2023-01-30,1922.9000244140625,-0.0029598625643068033,118.9223,4070.56,79.73,3.52
2023-01-31,1929.5,0.00342642612465216,118.8953,4017.77,77.97,3.55
2023-02-01,1927.800048828125,-8.814202993878695e-4,118.9802,4076.6,78.95,3.52
2023-02-02,1916.300048828125,-0.005983212723418951,118.6259,4119.21,76.34,3.39
2023-02-03,1862.9000244140625,-0.028261842553797045,118.3421,4179.76,75.87,3.4
2023-02-06,1866.199951171875,0.0017698252343860688,119.5095,4136.48,73.4,3.53
2023-02-07,1871.699951171875,0.002942831061813145,120.541,4111.08,74.11,3.63
2023-02-08,1877.4000244140625,0.003040771209810167,120.3475,4164,77.17,3.67
2023-02-09,1866.199951171875,-0.005983602271623312,120.1436,4117.86,78.47,3.63
2023-02-10,1862.800048828125,-0.0018234933150136357,119.9781,4081.5,78.04,3.67
2023-02-13,1851.9000244140625,-0.005868606069231674,120.1419,4090.46,79.74,3.74
2023-02-14,1854,0.0011333148745897859,119.9828,4137.29,80.14,3.72
2023-02-15,1834.199951171875,-0.010737074621895104,119.9229,4136.13,79.08,3.77
2023-02-16,1842,0.0042435453113469634,120.4557,4147.6,78.57,3.81
2023-02-17,1840.4000244140625,-8.689852683101407e-4,120.4651,4090.41,78.45,3.86
2023-02-21,1833,-0.004028983707237366,120.5526,4079.09,76.31,3.82
2023-02-22,1832,-5.457026056294723e-4,120.6256,3997.34,76.28,3.95
2023-02-23,1818,-0.007671270496651061,120.8389,3991.05,73.95,3.93
2023-02-24,1808.800048828125,-0.005073326778902931,121.0896,4012.32,75.26,3.88
2023-02-27,1817,0.004523120437649908,121.5681,3970.04,76.19,3.95
2023-02-28,1828.9000244140625,0.0065279171634005095,121.3941,3982.24,75.57,3.92
2023-03-01,1837.699951171875,0.004800056571569122,121.3341,3970.15,76.88,3.92
2023-03-02,1833.5,-0.002288054619760338,120.6347,3951.39,77.57,4.01
2023-03-03,1847.699951171875,0.0077148874232912945,121.1302,3981.35,78.05,4.08
2023-03-06,1847.9000244140625,1.0827646049538231e-4,120.7742,4045.64,79.62,3.97
2023-03-07,1813.9000244140625,-0.018570635571812488,120.485,4048.42,80.39,3.98
2023-03-08,1812.699951171875,-6.618172911645459e-4,121.4623,3986.37,77.45,3.97
2023-03-09,1829.300048828125,0.009115987157307437,121.4511,3992.01,76.56,3.98
2023-03-10,1862,0.01771777214751502,121.4458,3918.32,75.6,3.93
2023-03-13,1911.699951171875,0.026341694156229778,121.2421,3861.59,76.55,3.7
2023-03-14,1906.199951171875,-0.002881167105143412,120.8897,3855.76,74.68,3.55
2023-03-15,1926.5999755859375,0.010645072763327157,121.0141,3919.29,71.18,3.64
2023-03-16,1919,-0.003952561643726149,122.1079,3891.93,67.38,3.51
2023-03-17,1969.800048828125,0.026127822516268218,121.7221,3960.28,68.15,3.56
2023-03-20,1979.199951171875,0.004760658443617949,121.5643,3916.64,66.61,3.39
2023-03-21,1938,-0.02103618451687428,121.0141,3951.57,67.56,3.47
2023-03-22,1946.800048828125,0.004530510589810355,120.8958,4002.87,69.4,3.59
2023-03-23,1993.800048828125,0.023855366038062265,120.6217,3936.97,70.71,3.48
2023-03-24,1982.0999755859375,-0.005885513691906041,119.7587,3948.72,69.77,3.38
2023-03-27,1952.4000244140625,-0.015097478869044778,120.4598,3970.99,69.22,3.38
2023-03-28,1972.4000244140625,0.010191690210183069,120.2541,3977.53,72.87,3.53
2023-03-29,1966.0999755859375,-0.0031992150318798096,119.7138,3971.27,73.12,3.55
2023-03-30,1980.300048828125,0.00719650032383079,119.7258,4027.81,72.95,3.57
2023-03-31,1969,-0.005722573380642082,119.4078,4050.83,74.32,3.55
2023-04-03,1983.9000244140625,0.007538817015696253,119.3602,4109.31,75.68,3.48
2023-04-04,2022.199951171875,0.019121386856435052,119.3204,4124.51,80.4,3.43
2023-04-05,2020.9000244140625,-6.430347062673647e-4,119.142,4100.6,80.7,3.35
2023-04-06,2011.9000244140625,-0.0044634074749696495,119.2953,4090.38,80.69,3.3
2023-04-10,1989.0999755859375,-0.011397298492928698,119.3072,4105.02,80.7,3.3
2023-04-11,2004.800048828125,0.007862066660321076,119.7948,4109.11,79.79,3.41
2023-04-12,2010.9000244140625,0.003038065675473156,119.5248,4108.94,81.54,3.43
2023-04-13,2041.300048828125,0.015004488526765059,119.003,4091.95,83.26,3.41
2023-04-14,2002.199951171875,-0.01934033210150421,118.3915,4146.22,82.16,3.45
2023-04-17,1994.199951171875,-0.004003608688523563,118.8567,4137.64,82.58,3.52
2023-04-18,2007.4000244140625,0.0065974216321089685,119.2787,4151.32,80.93,3.6
2023-04-19,1995.199951171875,-0.0060960930887574705,119.1049,4154.87,80.85,3.58
2023-04-20,2007.5999755859375,0.006195695166984372,119.303,4154.52,79.18,3.6
2023-04-21,1979.5,-0.014095679073773404,119.1199,4129.79,77.27,3.54
2023-04-24,1989.0999755859375,0.004837975290906016,119.3117,4133.52,77.86,3.57
2023-04-25,1994,0.002460408684692439,119.2039,4137.04,78.64,3.52
2023-04-26,1985.699951171875,-0.004171199318677488,119.613,4071.63,77.05,3.4
2023-04-27,1989.9000244140625,0.002112926265503745,119.3228,4055.99,74.33,3.43
2023-04-28,1990.0999755859375,1.0047797590040375e-4,119.4298,4135.35,74.77,3.53
2023-05-01,1983.4000244140625,-0.0033723203832884963,119.2248,4169.48,76.78,3.44
2023-05-02,2014.300048828125,0.015459208663897606,119.4435,4167.87,75.65,3.59
2023-05-03,2028.5999755859375,0.007074123181844527,119.6105,4119.58,71.71,3.44
2023-05-04,2048,0.009517819252434556,119.1233,4090.75,68.62,3.38
2023-05-05,2017.4000244140625,-0.015054141436917412,119.0465,4061.22,68.52,3.37
2023-05-08,2026.300048828125,0.004401928245986397,118.5548,4136.25,71.32,3.44
2023-05-09,2036.199951171875,0.004873807724603552,118.5759,4138.12,73.13,3.52
2023-05-10,2030.5,-0.0028032335667189656,118.8239,4119.17,73.68,3.53
2023-05-11,2014.699951171875,-0.007811791440417437,118.5864,4137.64,72.53,3.43
2023-05-12,2014.5,-9.92510545323455e-5,119.0303,4130.62,70.81,3.39
2023-05-15,2018,0.00173589628215165,119.3671,4124.08,70.02,3.46
2023-05-16,1988.4000244140625,-0.01477661441479139,119.1608,4136.28,71.07,3.5
2023-05-17,1980.699951171875,-0.003880014587497982,119.1743,4109.9,70.85,3.54
2023-05-18,1956.5,-0.01229313026079737,119.607,4158.77,72.78,3.57
2023-05-19,1978.699951171875,0.01128287607105527,120.0886,4198.05,71.82,3.65
2023-05-22,1974.800048828125,-0.0019728866112096455,119.7751,4191.98,71.57,3.7
2023-05-23,1972.4000244140625,-0.001216064382496107,120.0875,4192.63,71.81,3.72
2023-05-24,1962.800048828125,-0.004879037635298289,120.3204,4145.58,72.87,3.7
2023-05-25,1943.0999755859375,-0.01008742680002861,120.4752,4115.24,74.37,3.73
2023-05-26,1944.0999755859375,5.145091760763165e-4,120.8413,4151.28,71.68,3.83
2023-05-30,1958,0.0071244116218895925,120.6304,4205.45,72.35,3.8
2023-05-31,1963.9000244140625,0.0030087604621398256,120.5546,4205.52,69.45,3.69
2023-06-01,1978,0.007153928630061479,120.9662,4179.83,68.11,3.64
2023-06-02,1952.4000244140625,-0.013026835665023384,120.0491,4221.02,70.09,3.61
2023-06-05,1958,0.0028641465728220794,120.0049,4282.37,71.76,3.69
2023-06-06,1965.5,0.0038231217714592702,120.0048,4273.79,72.14,3.69
2023-06-07,1942.699951171875,-0.011667932951336724,119.9718,4283.85,71.71,3.7
2023-06-08,1963.5999755859375,0.01070077784000123,119.859,4267.52,72.52,3.79
2023-06-09,1962.199951171875,-7.132429056664336e-4,119.5712,4293.93,71.28,3.73
2023-06-12,1955.300048828125,-0.003522608540492911,119.4322,4298.86,70.16,3.75
2023-06-13,1944.5999755859375,-0.005487371483662962,119.6376,4338.93,67.08,3.73
2023-06-14,1955.300048828125,0.005487371483662962,119.1899,4369.01,69.39,3.84
2023-06-15,1957.800048828125,0.0012777594632122913,118.776,4372.59,68.22,3.83
2023-06-16,1958.4000244140625,3.0640701670581194e-4,118.5521,4425.84,70.61,3.72
2023-06-20,1935.5,-0.011762134766635235,118.4184,4409.59,71.81,3.77
2023-06-21,1933.300048828125,-0.001137278422884691,118.938,4388.71,70.94,3.74
2023-06-22,1912.699951171875,-0.010712581726706638,118.727,4365.69,72.55,3.72
2023-06-23,1919.0999755859375,0.003340482534468947,118.7552,4381.89,69.22,3.8
2023-06-26,1923.699951171875,0.002394076127153255,119.152,4348.33,68.91,3.74
2023-06-27,1914,-0.005055096516834112,119.0761,4328.82,69.09,3.72
2023-06-28,1912.300048828125,-8.885614102558392e-4,118.8949,4378.41,67.68,3.77
2023-06-29,1909.199951171875,-0.001622451046078055,119.3382,4376.86,69.54,3.71
2023-06-30,1921.0999755859375,0.006213645369454568,119.527,4396.44,69.85,3.85
2023-07-03,1921.699951171875,3.122596035431968e-4,119.3606,4450.38,70.66,3.81
2023-07-05,1919.5999755859375,-0.0010933672637802871,119.2119,4455.59,69.71,3.86
2023-07-06,1908.699951171875,-0.0056944618118119905,119.3483,4446.82,71.78,3.95
2023-07-07,1926.199951171875,0.009126768323334922,119.8193,4411.59,71.76,4.05
2023-07-10,1925,-6.231570554220411e-4,119.0761,4398.95,73.91,4.06
2023-07-11,1931.300048828125,0.003267408839185748,118.9548,4409.53,73.05,4.01
2023-07-12,1956.199951171875,0.012810414334619935,118.7344,4439.26,74.87,3.99
2023-07-13,1959.199951171875,0.0015324108197862785,117.6385,4472.16,75.77,3.86
2023-07-14,1960.0999755859375,4.5927816023461077e-4,117.1831,4510.04,76.86,3.76
2023-07-17,1952.4000244140625,-0.003936082358077186,117.0463,4505.42,75.44,3.83
2023-07-18,1977.199951171875,0.012622280219577675,117.1267,4522.79,74.17,3.81
2023-07-19,1977.5,1.5174290459807338e-4,117.0264,4554.98,75.76,3.8
2023-07-20,1968.300048828125,-0.004663169815610324,117.3462,4565.72,75.4,3.75
2023-07-21,1964.300048828125,-0.002034278228195241,117.5947,4534.87,75.65,3.85
2023-07-24,1960.300048828125,-0.0020384249531293364,117.9418,4536.34,77.06,3.84
2023-07-25,1962.0999755859375,9.177681383585323e-4,117.8124,4554.64,78.81,3.86
2023-07-26,1968.9000244140625,0.003459707764402964,117.8565,4567.46,79.76,3.91
2023-07-27,1945.4000244140625,-0.012007399562659948,117.76,4566.75,79.11,3.86
2023-07-28,1960.4000244140625,0.007680922504029297,117.8938,4537.41,80.17,4.01
2023-07-31,1970.5,0.0051387711460533225,117.788,4582.23,80.55,3.96
2023-08-01,1940.699951171875,-0.01523861007706806,117.8241,4588.96,81.8,3.97
2023-08-02,1937.4000244140625,-0.0017018269642496975,118.5738,4576.73,81.37,4.05
2023-08-03,1932,-0.0027911448212778467,119.1268,4513.39,79.5,4.08
2023-08-04,1939.5999755859375,0.003926017871570764,119.3963,4501.89,81.56,4.2
2023-08-07,1933.5,-0.003149921596682148,118.821,4478.03,82.76,4.05
2023-08-08,1924.0999755859375,-0.004873518808943267,119.0809,4518.44,81.94,4.09
2023-08-09,1915.4000244140625,-0.00453182240469463,119.6407,4499.38,82.94,4.02
2023-08-10,1914.4000244140625,-5.222204866965896e-4,119.476,4467.71,84.35,4
2023-08-11,1912.9000244140625,-7.838424255561804e-4,119.1581,4468.83,82.81,4.09
2023-08-14,1910.5999755859375,-0.0012031118637709781,119.6268,4464.05,83.17,4.16
2023-08-15,1902.5,-0.004248505321848839,120.0725,4489.72,82.5,4.19
2023-08-16,1896.0999755859375,-0.0033696785716195166,120.2127,4437.86,81.06,4.21
2023-08-17,1884.0999755859375,-0.006348891838211301,120.3551,4404.33,79.4,4.28
2023-08-18,1886.0999755859375,0.001060951786911346,120.5242,4370.36,80.43,4.3
2023-08-21,1893.300048828125,0.003810171935338502,120.4321,4369.71,81.25,4.26
2023-08-22,1896.4000244140625,0.0016360008536020487,120.4627,4399.77,80.71,4.34
2023-08-23,1918.5,0.011586265785144434,120.3554,4387.55,80.25,4.34
2023-08-24,1918.199951171875,-1.564098483353149e-4,120.0307,4436.01,78.91,4.19
2023-08-25,1911.0999755859375,-0.0037082411186100117,120.2354,4376.31,79.52,4.23
2023-08-28,1917.9000244140625,0.003551870450309913,120.5137,4405.71,80.47,4.25
2023-08-29,1936.5,0.009651369784435815,120.3155,4433.31,80.65,4.2
2023-08-30,1944.300048828125,0.004019820260444895,120.2669,4497.63,81.14,4.12
2023-08-31,1938.199951171875,-0.0031423581073140028,119.7937,4514.87,81.64,4.12
2023-09-01,1939.800048828125,8.252180232357631e-4,120.225,4507.66,83.55,4.09
2023-09-05,1926.199951171875,-0.007035775353867457,120.759,4515.77,85.52,4.18
2023-09-06,1918.0999755859375,-0.004214024777917658,121.4345,4496.83,86.74,4.27
2023-09-07,1917.5,-3.128457579775201e-4,121.8671,4465.48,87.55,4.3
2023-09-08,1918.4000244140625,4.692637581014125e-4,121.9528,4451.14,86.87,4.27
2023-09-11,1923.300048828125,0.0025509680494888443,121.9475,4457.49,87.51,4.26
2023-09-12,1911.300048828125,-0.006258821711374374,121.3386,4487.46,87.3,4.29
2023-09-13,1909.0999755859375,-0.0011517503252713723,121.2913,4461.9,88.87,4.27
2023-09-14,1910,4.713280283201726e-4,121.0549,4467.44,88.59,4.25
2023-09-15,1923.699951171875,0.007147147489058092,121.2395,4505.1,90.13,4.29
2023-09-18,1931.5,0.004046513576602351,121.199,4450.32,90.83,4.33
2023-09-19,1932,2.58832666126807e-4,121.1938,4453.53,91.47,4.32
2023-09-20,1945.5999755859375,0.007014664451038044,121.1645,4443.95,91.16,4.37
2023-09-21,1919.199951171875,-0.013661993139932882,120.9648,4402.2,89.2,4.35
2023-09-22,1925.4000244140625,0.003225343940292724,121.5528,4330,89.56,4.49
2023-09-25,1916.5999755859375,-0.004580980852414207,121.5306,4320.06,90,4.44
2023-09-26,1900.4000244140625,-0.008488367011878495,122.1143,4337.44,89.68,4.55
2023-09-27,1871.5999755859375,-0.015270736211994596,122.4742,4273.53,91.43,4.56
2023-09-28,1860.4000244140625,-0.006002135474614256,122.9895,4274.51,93.67,4.61
2023-09-29,1848.0999755859375,-0.006633460391606505,122.5342,4299.7,91.65,4.59
2023-10-02,1830,-0.009842104245886496,122.3077,4288.05,90.77,4.59
2023-10-03,1824.5999755859375,-0.0029551953045938717,123.0545,4288.39,88.81,4.69
2023-10-04,1818.5,-0.003348786103829049,123.7848,4229.45,89.26,4.81
2023-10-05,1816.5999755859375,-0.001045376798357367,123.5946,4263.75,84.32,4.73
2023-10-06,1830.199951171875,0.007458615173471905,123.8993,4258.19,82.3,4.72
2023-10-09,1849.5,0.010490108470350812,123.3563,4308.5,82.83,4.78
2023-10-10,1861,0.006198645369742017,123.3563,4335.66,82.83,4.78
2023-10-11,1872.800048828125,0.006320685606707954,122.9282,4358.24,85.89,4.66
2023-10-12,1869.300048828125,-0.0018706079095984762,122.7697,4376.95,83.7,4.58
2023-10-13,1927.4000244140625,0.030607901744664545,123.2101,4349.61,82.87,4.7
2023-10-16,1921.0999755859375,-0.003274031158004398,123.5954,4327.78,87.67,4.63
2023-10-17,1922.699951171875,8.324968566677526e-4,123.3185,4373.63,86.65,4.71
2023-10-18,1955.300048828125,0.016813236521731945,123.1202,4373.2,86.66,4.83
2023-10-19,1968.4000244140625,0.006677383090401889,123.8148,4314.6,88.35,4.91
2023-10-20,1982.5,0.007137632114180725,123.798,4278,89.35,4.98
2023-10-23,1976.300048828125,-0.003132240155776067,123.612,4224.16,89.12,4.93
2023-10-24,1975,-6.580360180041822e-4,123.2846,4217.04,85.49,4.86
2023-10-25,1984.0999755859375,0.004597000160346809,123.6416,4247.68,84.58,4.83
2023-10-26,1987.199951171875,0.001561189672271368,123.7871,4186.77,86.07,4.95
2023-10-27,1988.5999755859375,7.042731011219772e-4,124.0064,4137.23,83.8,4.86
2023-10-30,1996.199951171875,0.0038144875229857433,123.62,4117.37,86.04,4.84
2023-10-31,1985.199951171875,-0.005525708674736229,123.4076,4166.82,83.03,4.88
2023-11-01,1978.800048828125,-0.00322901508803497,123.8364,4193.8,81.64,4.88
2023-11-02,1985.5999755859375,0.0034304981256063627,123.7922,4237.86,81.05,4.77
2023-11-03,1991.5,0.002967000466915337,122.8818,4317.78,83.04,4.67
2023-11-06,1981.5999755859375,-0.004983536766927976,121.7564,4358.34,81.19,4.57
2023-11-07,1966.800048828125,-0.0074967054908094966,121.6484,4365.98,81.54,4.67
2023-11-08,1951.5,-0.007809573743291942,122.0777,4378.38,77.96,4.58
2023-11-09,1964.199951171875,0.00648670524396433,122.0926,4382.78,75.85,4.49
2023-11-10,1932.5999755859375,-0.016218778932181266,122.1281,4347.35,76.34,4.62
2023-11-13,1945.5,0.006652779492156036,122.1281,4415.24,76.34,4.61
2023-11-14,1961.800048828125,0.008343430595057377,122.4264,4411.55,78.86,4.63
2023-11-15,1960.0999755859375,-8.669641439551512e-4,121.35,4495.7,78.9,4.44
2023-11-16,1983.9000244140625,0.012069136779111034,121.0749,4502.88,77.15,4.53
2023-11-17,1981.5999755859375,-0.0011600298000509213,121.1754,4508.24,73.5,4.45
2023-11-20,1977.699951171875,-0.00197005821614038,120.8477,4514.02,76.47,4.44
2023-11-21,1999.300048828125,0.010862615061766334,120.2533,4547.38,78.1,4.42
2023-11-22,1991.4000244140625,-0.003959222486664693,120.2241,4538.19,78.35,4.41
2023-11-24,2002.199951171875,0.0054086303844140815,120.6802,4556.62,76.8,4.42
2023-11-27,2011.800048828125,0.004783316372956037,120.2105,4559.34,74.83,4.47
2023-11-28,2039.699951171875,0.013772846290545537,120.173,4550.43,74.46,4.39
2023-11-29,2047.0999755859375,0.003621431258757468,119.5904,4554.89,76.09,4.34
2023-11-30,2038.0999755859375,-0.004406156206906431,119.8159,4550.58,77.56,4.27
2023-12-01,2071,0.01601359308208572,120.2434,4567.8,75.66,4.37
2023-12-04,2024.0999755859375,-0.022906437155783443,119.9424,4594.63,73.7,4.22
2023-12-05,2018.5,-0.0027704839468052356,120.4727,4569.78,72.73,4.28
2023-12-06,2030.5,0.00592740683335613,120.7913,4567.18,71.95,4.18
2023-12-07,2029.9000244140625,-2.955253604053354e-4,120.5334,4549.34,68.98,4.12
2023-12-08,1998.300048828125,-0.015689699243871758,120.6013,4585.59,69,4.14
2023-12-11,1978,-0.010210610339417947,120.7607,4604.37,70.87,4.23
2023-12-12,1977.800048828125,-1.0109265866642403e-4,120.9279,4622.44,70.95,4.23
2023-12-13,1982.300048828125,0.0022726708042304367,120.6817,4643.7,68.27,4.2
2023-12-14,2030.199951171875,0.0238764749712157,121.1571,4707.09,69.09,4.04
2023-12-15,2021.0999755859375,-0.004492380744304469,119.5683,4719.55,71.21,3.92
2023-12-18,2026.300048828125,0.002569588413335211,119.7382,4719.19,71.05,3.91
2023-12-19,2038.4000244140625,0.005953704386447711,119.9102,4740.56,72.16,3.95
2023-12-20,2034.5,-0.001915109913170454,119.4632,4768.37,73.23,3.93
2023-12-21,2039.0999755859375,0.002258433605997645,119.5435,4698.35,73.87,3.86
2023-12-22,2057.10009765625,0.008788749383461969,119.3168,4746.75,73.59,3.89
2023-12-26,2058.199951171875,5.345192470835869e-4,119.0625,4754.63,73.29,3.9
2023-12-27,2081.89990234375,0.01144910069616678,118.8875,4774.75,75.84,3.89
2023-12-28,2073.89990234375,-0.0038500458433423645,118.4729,4781.58,74.31,3.79
2023-12-29,2062.39990234375,-0.005560539696971567,118.4104,4783.35,72.02,3.84
2024-01-02,2064.39990234375,9.692741355236123e-4,118.4208,4769.83,71.89,3.88
2024-01-03,2034.199951171875,-0.014736982781769825,119.2686,4742.83,70.62,3.95
2024-01-04,2042.300048828125,0.003974050443616761,119.6958,4704.81,72.97,3.91
2024-01-05,2042.4000244140625,4.895124937753792e-5,119.6208,4688.68,72.38,3.99
2024-01-08,2026.5999755859375,-0.007766098913480235,119.388,4697.24,74,4.05
2024-01-09,2026.4000244140625,-9.866823194570884e-5,119.2506,4763.54,71.06,4.01
2024-01-10,2021.699951171875,-0.0023221142671951966,119.6666,4756.5,72.43,4.02
2024-01-11,2014.300048828125,-0.0036669527431483218,119.7614,4783.45,71.57,4.04
2024-01-12,2046.699951171875,0.01595695140328246,119.8916,4780.24,72.15,3.98
2024-01-16,2026,-0.010165310319773191,119.534,4783.83,72.94,3.96
2024-01-17,2002.5999755859375,-0.011617081726108758,120.5759,4765.98,72.63,4.07
2024-01-18,2018.5999755859375,0.007957865627687077,121.0402,4739.21,72.79,4.1
2024-01-19,2026.5,0.003905977358156676,120.8895,4780.94,74.32,4.14
2024-01-22,2019.800048828125,-0.00331164630117442,120.6442,4839.81,73.69,4.15
2024-01-23,2023.699951171875,0.0019289741822801076,120.6178,4850.43,75.26,4.11
2024-01-24,2013.9000244140625,-0.0048543422138758174,121.1001,4864.6,74.72,4.14
2024-01-25,2016.9000244140625,0.0014885385122536121,120.4916,4868.55,75.48,4.18
2024-01-26,2016.800048828125,-4.957016344508958e-5,120.8311,4894.16,77.91,4.14
2024-01-29,2025.199951171875,0.004156315901078678,120.6173,4890.97,78.45,4.15
2024-01-30,2031.5,0.003105999442301055,120.8538,4927.93,77.25,4.08
2024-01-31,2048.39990234375,0.008284516486208204,120.6025,4924.97,78.3,4.06
2024-02-01,2053,0.0022431851049438123,120.4331,4845.65,76.28,3.99
2024-02-02,2036.0999755859375,-0.008265936631712378,120.3335,4906.19,74.36,3.87
2024-02-05,2025.699951171875,-0.005120905671782694,120.902,4958.61,72.72,4.03
2024-02-06,2034.5,0.0043347927263059916,121.349,4942.81,73.21,4.17
2024-02-07,2035.199951171875,3.4398171225102914e-4,120.9588,4954.23,73.83,4.09
2024-02-08,2032.199951171875,-0.0014751441294391654,120.9049,4995.06,74.26,4.09
2024-02-09,2023.300048828125,-0.0043890601064937584,121.0798,4997.91,76.67,4.15
2024-02-12,2018.199951171875,-0.0025238650815326835,121.039,5026.61,77.26,4.17
2024-02-13,1992.9000244140625,-0.012615124246704745,120.9378,5021.84,77.34,4.17
2024-02-14,1990.300048828125,-0.0013054709316033808,121.5202,4953.17,78.28,4.31
2024-02-15,2002.0999755859375,0.00591121182520471,121.4002,5000.62,77.09,4.27
2024-02-16,2011.5,0.004684094906416192,121.2121,5029.73,78.47,4.24
2024-02-20,2027.5,0.007922794599725336,121.1505,5005.57,79.65,4.3
2024-02-21,2022.300048828125,-0.002568005317217903,121.0199,4975.51,78.72,4.27
2024-02-22,2019.699951171875,-0.0012865403339379355,121.0379,4981.8,78.89,4.32
2024-02-23,2038.5999755859375,0.009314324420003572,121.102,5087.03,79.64,4.33
2024-02-26,2028.5,-0.004966682111914089,121.0369,5088.8,77.6,4.26
2024-02-27,2034,0.0027076939620034324,121.0592,5069.53,78.53,4.28
2024-02-28,2033,-4.917629801584056e-4,120.9647,5078.18,79.8,4.31
2024-02-29,2045.699951171875,0.006227470697706572,121.128,5069.76,79.44,4.27
2024-03-01,2086.89990234375,0.01993965913984308,121.1824,5096.27,79.22,4.25
2024-03-04,2117.699951171875,0.014650906546489928,121.0111,5137.08,80.9,4.19
2024-03-05,2133.5,0.00743325261566774,120.872,5130.95,79.67,4.22
2024-03-06,2150.300048828125,0.007843566350875797,120.8846,5078.65,79.11,4.13
2024-03-07,2158,0.0035744768391499093,120.4649,5104.76,80.08,4.11
2024-03-08,2178.60009765625,0.009500646655496325,120.1909,5157.36,79.81,4.09
2024-03-11,2182.5,0.0017884952401807652,119.975,5123.69,78.96,4.09
2024-03-12,2160.39990234375,-0.01017766419787769,120.0394,5117.94,78.87,4.1
2024-03-13,2175.39990234375,0.006919166252700393,120.1668,5175.27,78.51,4.16
2024-03-14,2163,-0.005716363815521319,119.9642,5165.31,80.67,4.19
2024-03-15,2157.300048828125,-0.0026386845425951932,120.241,5150.48,82.16,4.29
2024-03-18,2160.699951171875,0.0015747582428708995,120.4003,5117.09,81.94,4.31
2024-03-19,2156.300048828125,-0.0020384080923117054,120.5752,5149.42,83.68,4.34
2024-03-20,2157.89990234375,7.416687251717846e-4,120.9332,5178.51,84.39,4.3
2024-03-21,2182.39990234375,0.011289662615765472,120.9289,5224.62,82.79,4.27
2024-03-22,2158.10009765625,-0.011196893703512067,120.8086,5241.53,81.99,4.27
2024-03-25,2174.800048828125,0.007708478525095153,121.1842,5234.18,81.1,4.22
2024-03-26,2175.60009765625,3.678047123045758e-4,121.0295,5218.19,82.41,4.25
2024-03-27,2190.60009765625,0.006870990033479352,121.0742,5203.58,82.41,4.24
2024-03-28,2217.39990234375,0.01215977082804276,121.0089,5248.49,82.15,4.2
2024-04-01,2236.5,0.008576849575533174,121.0635,5254.35,83.96,4.2
2024-04-02,2261,0.010895049405067248,121.5151,5243.77,84.54,4.33
2024-04-03,2294.39990234375,0.01466413556445989,121.3035,5205.81,85.95,4.36
2024-04-04,2288.800048828125,-0.0024436447730247224,121.0198,5211.49,86.22,4.36
2024-04-05,2325.699951171875,0.015993363911781522,120.7613,5147.21,87.37,4.31
2024-04-08,2331.699951171875,0.002576546332762497,120.9646,5204.34,87.69,4.39
2024-04-09,2343.5,0.005047944048811814,120.7359,5202.39,87.24,4.42
2024-04-10,2329.60009765625,-0.005948917440644408,120.7048,5209.91,86.04,4.36
2024-04-11,2354.800048828125,0.01075919796756164,121.5727,5160.64,86.98,4.55
2024-04-12,2356.199951171875,5.943121990892308e-4,121.6081,5199.06,85.79,4.56
2024-04-15,2365.800048828125,0.004066120662028716,122.2885,5123.41,86.46,4.5
2024-04-16,2390.800048828125,0.010511806622644393,122.425,5061.82,86.21,4.63
2024-04-17,2371.699951171875,-0.008021081390408469,123.1234,5051.41,86.15,4.67
2024-04-18,2382.300048828125,0.004459451082454713,123.0207,5022.21,83.58,4.59
2024-04-19,2398.39990234375,0.006735379565596666,123.0017,5011.12,83.5,4.64
2024-04-22,2332.199951171875,-0.02798980048135924,123.1075,4967.23,83.79,4.62
2024-04-23,2327.699951171875,-0.0019313725586949104,123.0609,5010.6,83.82,4.62
2024-04-24,2324.5,-0.0013756724603899428,122.7227,5070.55,84.17,4.61
2024-04-25,2329.800048828125,0.00227748579311271,122.89,5071.63,84.09,4.65
2024-04-26,2334.800048828125,0.0021438073190775953,122.8384,5048.42,84.92,4.7
2024-04-29,2345.39990234375,0.004529666146779299,122.9471,5099.96,85.38,4.67
2024-04-30,2291.39990234375,-0.023292979548680037,122.5449,5116.17,84.26,4.63
2024-05-01,2299.89990234375,0.003702659409149156,122.9853,5035.69,83.49,4.69
2024-05-02,2299.199951171875,-3.0438616232419946e-4,123.0168,5018.39,80.7,4.63
2024-05-03,2299,-8.696932457219475e-5,122.4384,5064.2,80.59,4.58
2024-05-06,2321.60009765625,0.009782399430942057,122.1375,5127.79,79.65,4.5
2024-05-07,2315.199951171875,-0.0027605894071447423,121.8913,5180.74,80.1,4.49
2024-05-08,2313.60009765625,-6.91260612883049e-4,122.093,5187.7,79.97,4.47
2024-05-09,2332.10009765625,0.007964395898362397,122.1926,5187.67,80.57,4.48
2024-05-10,2367.300048828125,0.014980894748722662,122.1634,5214.08,80.86,4.45
2024-05-13,2336.10009765625,-0.01326717176702008,122.014,5222.68,79.81,4.5
2024-05-14,2353.39990234375,0.007378135479852332,122.0261,5221.42,80.71,4.48
2024-05-15,2388.699951171875,0.014888214910603992,121.9256,5246.68,79.62,4.45
2024-05-16,2380,-0.0036487767790971404,121.3543,5308.15,80.23,4.36
2024-05-17,2412.199951171875,0.013438686241467934,121.2236,5297.1,80.85,4.38
2024-05-20,2433.89990234375,0.0089556950387788,121.2354,5303.27,81.66,4.42
2024-05-21,2421.699951171875,-0.0050251162420584805,121.2289,5308.13,81.39,4.44
2024-05-22,2389.199951171875,-0.01351119128257583,121.3793,5321.41,80.66,4.41
2024-05-23,2335,-0.022946670318134466,121.5462,5307.01,79.15,4.43
2024-05-24,2332.5,-0.0010712373814989462,121.7477,5267.84,77.47,4.47
2024-05-28,2355.199951171875,0.009684975081007074,121.6172,5304.72,78.48,4.46
2024-05-29,2340.300048828125,-0.0063464816760836484,121.43,5306.04,80.9,4.54
2024-05-30,2342.89990234375,0.001110289464387293,122.1641,5266.95,80.24,4.61
2024-05-31,2322.89990234375,-0.008573073570683043,121.9601,5235.48,78.96,4.55
2024-06-03,2346.60009765625,0.010151150585457458,122.098,5277.51,77.97,4.51
2024-06-04,2325.5,-0.009032443941432433,122.3509,5283.4,75.26,4.41
2024-06-05,2354.10009765625,0.012223460620860216,122.7256,5291.34,74.27,4.33
2024-06-06,2370.300048828125,0.006858019711762253,122.5339,5354.03,75.08,4.29
2024-06-07,2305.199951171875,-0.027849130615993367,122.3713,5352.96,76.52,4.28
2024-06-10,2307.699951171875,0.001083916970968879,123.549,5346.99,76.53,4.43
2024-06-11,2307.5,-8.664897474286448e-5,123.9125,5360.79,78.75,4.47
2024-06-12,2336,0.012275377571111079,124.0349,5375.32,78.88,4.39
2024-06-13,2300.199951171875,-0.015444010517410511,123.8295,5421.03,79.56,4.31
2024-06-14,2331.39990234375,0.013472849167638579,124.0235,5433.74,79.61,4.24
2024-06-17,2312.39990234375,-0.008182999621581644,124.1694,5431.6,79.41,4.2
2024-06-18,2330.39990234375,0.007753980763100188,124.239,5473.23,81.33,4.28
2024-06-20,2353.800048828125,0.009991179448078924,123.9776,5487.03,82.67,4.22
2024-06-21,2316.39990234375,-0.016016849994939797,124.192,5473.17,83.34,4.25
2024-06-24,2330,0.005854053366742384,124.1086,5464.62,81.71,4.25
2024-06-25,2316.60009765625,-0.005767631906511639,123.7125,5447.87,82.63,4.25
2024-06-26,2299.199951171875,-0.007539420565480626,123.9417,5469.3,81.97,4.23
2024-06-27,2324.5,0.010943747042885477,124.26,5477.9,82.19,4.32
2024-06-28,2327.699951171875,0.0013756724603899428,124.3379,5482.87,83.04,4.29
2024-07-01,2327.60009765625,-4.2898852745665295e-5,124.2103,5460.48,82.83,4.36
2024-07-02,2323,-0.001978281967874196,124.4667,5475.09,84.7,4.48
2024-07-03,2359.800048828125,0.015717436587046052,124.2917,5509.01,84.09,4.43
2024-07-05,2388.5,0.012088663472560768,123.7768,5537.02,85.19,4.36
2024-07-08,2355.199951171875,-0.014039925027510058,123.4762,5567.19,84.44,4.28
2024-07-09,2360.10009765625,0.0020784035788130595,123.3576,5572.85,83.63,4.28
2024-07-10,2372.199951171875,0.005113741630379032,123.4071,5576.98,82.78,4.3
2024-07-11,2415,0.017881513074974542,123.1895,5633.91,83.39,4.28
2024-07-12,2414,-4.1416442919572916e-4,122.769,5584.54,83.92,4.2
2024-07-15,2422.89990234375,0.0036800068503834993,122.4404,5615.35,83.49,4.18
2024-07-16,2462.39990234375,0.016171314917782453,122.6347,5631.22,83.22,4.23
2024-07-17,2454.800048828125,-0.0030911330198239995,122.7264,5667.2,81.92,4.17
2024-07-18,2451.800048828125,-0.0012228428297103022,122.518,5588.27,84.16,4.16
2024-07-19,2395.5,-0.02323049125293153,122.7909,5544.59,84.17,4.2
2024-07-22,2392,-0.0014621412526549804,123.147,5505,81.43,4.25
2024-07-23,2404.60009765625,0.005253774082549789,123.2172,5564.41,81.25,4.26
2024-07-24,2413.300048828125,0.003611515541423138,123.3843,5555.74,78.24,4.25
2024-07-25,2351.89990234375,-0.025771655108934866,123.5575,5427.13,78.78,4.28
2024-07-26,2380,0.011877017079959806,123.5286,5399.22,79.43,4.27
2024-07-29,2377.300048828125,-0.0011350772219733685,123.672,5459.1,78.58,4.2
2024-07-30,2405,0.01158449309631493,124.1392,5463.54,77.27,4.17
2024-07-31,2426.5,0.008899986305409335,124.2855,5436.44,76.17,4.15
2024-08-01,2435,0.003496866671419241,123.6373,5522.3,79.36,4.09
2024-08-02,2425.699951171875,-0.00382663413501394,123.8693,5446.68,77.74,3.99
2024-08-05,2401.699951171875,-0.009943322792610232,123.4681,5346.56,74.99,3.8
2024-08-06,2389.10009765625,-0.005260032745344034,123.5787,5186.33,74.46,3.78
2024-08-07,2390.5,5.857822224362152e-4,123.6532,5240.03,74.6,3.9
2024-08-08,2422.199951171875,0.013173648862206733,123.5698,5199.5,76.68,3.96
2024-08-09,2432.10009765625,0.004078923886462249,123.4466,5319.31,77.64,3.99
2024-08-12,2462.39990234375,0.012381322610815815,122.9276,5344.16,78.28,3.94
2024-08-13,2466.699951171875,0.0017447607257965458,123.2204,5344.39,81.45,3.9
2024-08-14,2439.39990234375,-0.011129137775199638,123.0146,5434.43,79.81,3.85
2024-08-15,2453.10009765625,0.005600503269123536,122.4297,5455.21,78.47,3.83
2024-08-16,2498.60009765625,0.0183780434367522,122.5844,5543.22,79.66,3.92
2024-08-19,2501.800048828125,0.0012798782157226185,122.3972,5554.25,78.05,3.89
2024-08-20,2511.300048828125,0.0037900744796477426,121.8788,5608.25,75.82,3.86
2024-08-21,2508.39990234375,-0.001155506040310783,121.7728,5597.12,75.27,3.82
2024-08-22,2478.89990234375,-0.011830186756921712,121.8535,5620.85,72.76,3.79
2024-08-23,2508.39990234375,0.011830186756921712,122.3626,5570.64,73.72,3.86
2024-08-26,2517.699951171875,0.0037007061988525436,121.4597,5634.61,75.82,3.81
2024-08-27,2516,-6.754281156968744e-4,121.6943,5616.84,78.4,3.82
2024-08-28,2501,-0.0059796869427115595,121.8672,5625.8,76.5,3.83
2024-08-29,2525.699951171875,0.009827580801596625,121.8943,5592.18,75.49,3.84
2024-08-30,2493.800048828125,-0.012710561536922071,122.2333,5591.96,76.9,3.87
2024-09-03,2489.89990234375,-0.00156516135352458,122.3262,5648.4,74.52,3.91
2024-09-04,2493.39990234375,0.0014046919562069604,122.7811,5528.93,71.28,3.84
2024-09-05,2511.39990234375,0.00719312592470267,122.5144,5520.07,70.11,3.77
2024-09-06,2493.5,-0.007152981683502091,122.4533,5503.41,70.09,3.73
2024-09-09,2501.800048828125,0.003323146311661418,122.4991,5408.42,68.58,3.72
2024-09-10,2512.300048828125,0.00418819534666337,122.7156,5471.05,69.65,3.7
2024-09-11,2512.10009765625,-7.95920572214115e-5,123.0071,5495.52,66.73,3.65
2024-09-12,2551.199951171875,0.015444721969290143,122.7754,5554.13,68.25,3.65
2024-09-13,2581.300048828125,0.011729349341313977,122.4423,5595.76,69.89,3.68
2024-09-16,2580.39990234375,-3.487790851908201e-4,121.6551,5626.02,69.59,3.66
2024-09-17,2564.300048828125,-0.00625883189495724,121.4976,5633.09,71.1,3.63
2024-09-18,2570.699951171875,0.002492660431349769,121.6031,5634.58,72.16,3.65
2024-09-19,2588,0.006707160271704815,121.5618,5618.26,71.87,3.7
2024-09-20,2619.89990234375,0.012250735192204765,121.3059,5713.64,72.86,3.73
2024-09-23,2626.5,0.0025160495810210293,121.4052,5702.55,72.72,3.73
2024-09-24,2651.199951171875,0.009360187860914415,121.4303,5718.57,71.33,3.75
2024-09-25,2659.199951171875,0.0030129580442377346,121.1291,5732.93,72.34,3.74
2024-09-26,2669.89990234375,0.004015674633472521,121.4447,5722.26,70.42,3.79
2024-09-27,2644.300048828125,-0.009634583484436021,121.0785,5745.37,68.28,3.79
2024-09-30,2636.10009765625,-0.003105809232568646,121.1111,5738.17,68.72,3.75
2024-10-01,2667.300048828125,0.011766153885765185,121.2864,5762.48,68.75,3.81
2024-10-02,2647.10009765625,-0.007602005078805263,121.6881,5708.75,70.41,3.74
2024-10-03,2657.10009765625,0.003770601213994418,121.5724,5709.54,70.74,3.79
2024-10-04,2645.800048828125,-0.00426184375335481,122.1197,5699.94,74.33,3.85
2024-10-07,2644.800048828125,-3.780289545414206e-4,122.2197,5751.07,74.93,3.98
2024-10-08,2615,-0.011331369029671912,122.4241,5695.94,77.76,4.03
2024-10-09,2606,-0.0034476188142322783,122.6625,5751.13,74.26,4.04
2024-10-10,2620.60009765625,0.005586857750537355,122.8821,5792.04,73.85,4.06
2024-10-11,2657.60009765625,0.014020160169732065,123.0951,5780.05,76.46,4.09
2024-10-14,2647.800048828125,-0.003694371660486695,122.9805,5815.03,76.11,4.08
2024-10-15,2661.39990234375,0.005123138471504696,122.9805,5859.85,76.11,4.08
2024-10-16,2674,0.0047232152458107635,123.5124,5815.26,71.22,4.03
2024-10-17,2691,0.006337393065017238,123.9235,5842.47,70.97,4.02
2024-10-18,2713.699951171875,0.008400127613583663,124.1122,5841.47,71.26,4.09
2024-10-21,2723.10009765625,0.0034579737223614515,123.9185,5864.67,69.78,4.08
2024-10-22,2744.199951171875,0.007718602631014093,124.4757,5853.98,71.16,4.19
2024-10-23,2714.39990234375,-0.010918677200948856,124.4107,5851.2,72.84,4.2
2024-10-24,2734.89990234375,0.007523937915991041,124.6931,5797.42,71.37,4.24
2024-10-25,2740.89990234375,0.0021914615637026458,124.5127,5809.86,70.58,4.21
2024-10-28,2742.89990234375,7.294212625952312e-4,124.6105,5808.12,72.02,4.25
2024-10-29,2768.39990234375,0.009253781457163157,124.8076,5823.52,67.65,4.28
2024-10-30,2788.5,0.007234316137240349,124.8612,5832.92,67.48,4.28
2024-10-31,2738.300048828125,-0.018166509123427765,124.8153,5813.67,68.91,4.29
2024-11-01,2738.60009765625,1.095688511387749e-4,124.7988,5705.45,69.58,4.28
2024-11-04,2736.10009765625,-9.13292083431827e-4,124.8076,5728.8,69.81,4.37
2024-11-05,2740.300048828125,0.0015338367843664713,124.5903,5712.69,71.83,4.31
2024-11-06,2667.60009765625,-0.026888192891822982,124.5532,5782.76,72.26,4.26
2024-11-07,2698.39990234375,0.0114797401905804,125.7035,5929.04,71.98,4.42
2024-11-08,2687.5,-0.004047575121093772,124.775,5973.1,72.69,4.31
2024-11-11,2611.199951171875,-0.02880152636562716,125.5811,5995.54,70.69,4.3
2024-11-12,2600,-0.0042984220607173995,125.5811,6001.35,70.69,4.3
2024-11-13,2580.800048828125,-0.007411997718866026,126.7762,5983.99,68.43,4.43
2024-11-14,2568.199951171875,-0.004894201906120443,126.9572,5985.38,68.76,4.44
2024-11-15,2565.699951171875,-9.739185590538213e-4,127.0015,5949.17,68.99,4.43
2024-11-18,2610.60009765625,0.017348790536743763,126.8848,5870.62,67.33,4.43
2024-11-19,2627.10009765625,0.006300496006653944,126.6045,5893.62,69.46,4.42
2024-11-20,2648.199951171875,0.007999532098494022,126.3994,5916.98,69.75,4.39
2024-11-21,2672.10009765625,0.00898457118513818,126.88,5917.11,69.25,4.41
2024-11-22,2709.89990234375,0.01404698113449765,127.1047,5948.71,70.39,4.43
2024-11-25,2616.800048828125,-0.034959481903407585,127.4712,5969.34,71.68,4.41
2024-11-26,2620.300048828125,0.0013366177677767155,126.9948,5987.37,69.41,4.27
2024-11-27,2639.89990234375,0.007452166991227749,127.4301,6021.63,69.05,4.3
2024-11-29,2657,0.006456666117156118,126.8205,5998.74,69.03,4.25
2024-12-02,2634.89990234375,-0.008352473231235003,126.5798,6032.38,68.26,4.18
2024-12-03,2644.699951171875,0.003712425318383339,127.1272,6047.15,68.35,4.19
2024-12-04,2653.800048828125,0.0034349746546977755,126.9565,6049.88,70.15,4.23
2024-12-05,2626.60009765625,-0.010302322170882228,126.7574,6086.49,68.81,4.19
2024-12-06,2638.60009765625,0.004558239129528907,126.4286,6075.11,68.58,4.17
2024-12-09,2664.89990234375,0.009917986338086493,126.688,6090.27,68.58,4.15
2024-12-10,2697.60009765625,0.012196028210302856,126.5981,6052.85,68.65,4.2
2024-12-11,2733.800048828125,0.013330075570755717,126.957,6034.91,68.85,4.22
2024-12-12,2687.5,-0.01708120714353356,126.8483,6084.19,70.57,4.26
2024-12-13,2656,-0.011790161839593694,126.9556,6051.25,70.25,4.32
2024-12-16,2651.39990234375,-0.0017334660635324184,127.3096,6051.09,71.54,4.4
2024-12-17,2644.39990234375,-0.002643606002823873,127.2687,6074.08,71.03,4.39
2024-12-18,2636.5,-0.0029918795594436887,127.5043,6050.61,70.31,4.4
2024-12-19,2592.199951171875,-0.016945362817807563,127.6418,5872.16,70.8,4.5
2024-12-20,2628.699951171875,0.013982491661312046,128.6366,5867.08,70.1,4.57
2024-12-23,2612.300048828125,-0.006258330803748713,127.893,5930.85,69.71,4.52
2024-12-24,2620,0.002943239744862325,128.3021,5974.07,69.5,4.59
2024-12-26,2638.800048828125,0.0071499690974858865,128.3377,6040.04,70.87,4.59
2024-12-27,2617.199951171875,-0.008219261513672471,128.3329,6037.59,70.38,4.58
2024-12-30,2606.10009765625,-0.004250136932791193,128.45,5970.84,71.28,4.62
2024-12-31,2629.199951171875,0.00882471041177979,128.8205,5906.94,71.73,4.55
2025-01-02,2658.89990234375,0.011232867866452168,129.2775,5881.63,72.44,4.58
2025-01-03,2645,-0.005241401391996803,129.4598,5868.55,73.79,4.57
2025-01-06,2638.39990234375,-0.002498429500501942,129.4535,5942.47,74.64,4.6
2025-01-07,2656.699951171875,0.006912096917742971,128.538,5975.38,74.31,4.62
2025-01-08,2664.5,0.0029316900271956214,128.613,5909.03,74.99,4.67
2025-01-09,2683.800048828125,0.007217296123673833,129.0785,5918.25,73.99,4.67
2025-01-10,2708.5,0.009161257237443543,129.2827,5918.25,73.99,4.68
2025-01-13,2673.5,-0.013006500709167312,129.8664,5827.04,77.27,4.77
2025-01-14,2677.5,0.0014950479331172772,130.0413,5836.22,79.57,4.79
2025-01-15,2712.5,0.01298719552681149,129.3812,5842.91,78.2,4.78
2025-01-16,2746.39990234375,0.012420208736854121,129.2092,5949.91,80.73,4.66
2025-01-17,2744.300048828125,-7.648764771968075e-4,129.436,5937.34,79.35,4.61
2025-01-21,2755,0.0038913914786418147,129.4859,5996.66,78.56,4.61
2025-01-22,2767.60009765625,0.004563111323177438,128.4151,6049.24,76.79,4.57
2025-01-23,2763.10009765625,-0.001627280754371796,128.3402,6086.37,76.12,4.6
2025-01-24,2777.300048828125,0.005125977145750582,128.2162,6118.71,75.03,4.65
2025-01-27,2737.5,-0.014434155176814123,127.4611,6101.24,74.97,4.63
2025-01-28,2766.800048828125,0.010646340249542696,128.0912,6012.28,73.51,4.53
2025-01-29,2769.10009765625,8.309575316065576e-4,128.2817,6067.7,74.15,4.55
2025-01-30,2823,0.01927775634758344,128.3418,6039.31,72.94,4.55
2025-01-31,2812.5,-0.0037263817408135225,128.1004,6071.17,73.1,4.52
2025-02-03,2833.89990234375,0.007580052840268081,128.4828,6040.53,72.84,4.58
2025-02-04,2853.300048828125,0.006822415916365898,129.109,5994.57,73.52,4.54
2025-02-05,2871.60009765625,0.006393163440626459,128.1083,6037.88,73.04,4.52
2025-02-06,2856,-0.00544735525046125,127.9751,6061.48,71.39,4.43
2025-02-07,2867.300048828125,0.003948792974386883,128.2017,6083.57,70.97,4.45
2025-02-10,2914.300048828125,0.016258833046569166,128.4292,6025.99,71.32,4.49
2025-02-11,2912.5,-6.17851606475206e-4,128.6382,6066.44,72.73,4.51
2025-02-12,2909,-0.0012024393787539722,128.4322,6068.5,73.67,4.54
2025-02-13,2925.89990234375,0.005792712774394637,128.3288,6051.97,71.72,4.62
2025-02-14,2883.60009765625,-0.014562544873085947,127.8931,6115.07,71.66,4.52
2025-02-18,2931.60009765625,0.016508834966771246,127.1491,6114.63,71.05,4.47
2025-02-19,2919.39990234375,-0.004170300117599446,127.2906,6129.58,72.21,4.55
2025-02-20,2940,0.0070314990870450345,127.7317,6144.15,72.58,4.53
2025-02-21,2937.60009765625,-8.166266630071917e-4,127.1126,6117.52,72.88,4.5
2025-02-24,2947.89990234375,0.003500064634192057,127.1408,6013.13,70.72,4.42
2025-02-25,2904.5,-0.014831760871325095,127.1921,5983.25,71.06,4.4
2025-02-26,2916.800048828125,0.004225883232117589,127.3752,5955.25,69.15,4.3
2025-02-27,2883.199951171875,-0.011586370186079442,127.2822,5956.06,68.87,4.25
2025-02-28,2836.800048828125,-0.016224097946285987,127.9704,5861.57,70.62,4.29
2025-03-03,2890.199951171875,0.018649013437515016,128.2805,5954.5,69.97,4.24
2025-03-04,2909.60009765625,0.006689961266387101,127.75,5849.72,68.63,4.16
2025-03-05,2915.300048828125,0.0019570989537598393,127.9966,5778.15,68.47,4.22
2025-03-06,2916.60009765625,0.00044584057237084807,126.504,5842.63,66.58,4.28
2025-03-07,2904.699951171875,-0.0040884898428901195,126.1099,5738.52,66.62,4.29
2025-03-10,2891,-0.004727634903136213,125.9814,5770.2,67.29,4.32
2025-03-11,2912.89990234375,0.0075466519578206714,126.268,5614.56,66.31,4.22
2025-03-12,2939.10009765625,0.00895433027112258,126.0457,5572.07,66.52,4.28
2025-03-13,2984.300048828125,0.015261784579634785,125.8664,5599.3,67.65,4.32
2025-03-14,2994.5,0.0034120428795940683,126.0031,5521.52,66.82,4.27
2025-03-17,3000,0.0018350159457281023,125.6942,5638.94,67.43,4.31
2025-03-18,3035.10009765625,0.01163211640533568,125.3688,5675.12,67.84,4.31
2025-03-19,3035.89990234375,2.634836739012769e-4,125.488,5614.66,67.49,4.29
2025-03-20,3040,0.0013496266707839766,125.8006,5675.29,67.4,4.25
2025-03-21,3018.199951171875,-0.0071969043937123445,125.985,5662.89,68.55,4.24
2025-03-24,3013.10009765625,-0.0016911295043424701,126.2679,5667.56,68.52,4.25
2025-03-25,3023.699951171875,0.003511749378260376,126.1956,5767.57,69.46,4.34
2025-03-26,3020.89990234375,-9.264629905239019e-4,126.0535,5776.65,69.48,4.31
2025-03-27,3060.199951171875,0.012925489441903082,126.2364,5712.2,70.05,4.35
2025-03-28,3086.5,0.00855750550209855,126.3626,5693.31,70.3,4.38
2025-03-31,3122.800048828125,0.011692288048193333,126.4187,5580.94,69.74,4.27
2025-04-01,3118.89990234375,-0.0012497066576351301,126.7075,5611.85,71.87,4.23
2025-04-02,3139.89990234375,0.006710576935194723,126.4338,5633.07,71.61,4.17
2025-04-03,3097,-0.013757020186499602,126.3811,5670.97,72.12,4.2
2025-04-04,3012,-0.02782959105342009,124.7316,5396.52,67.43,4.06
2025-04-07,2951.300048828125,-0.020358542145218372,125.8129,5074.08,62.42,4.01
2025-04-08,2968.39990234375,0.005777286422797623,126.8282,5062.25,61.05,4.15
2025-04-09,3056.5,0.029247416271417137,126.8668,4982.77,60.04,4.26
2025-04-10,3155.199951171875,0.031781399464090754,126.628,5456.9,62.63,4.34
2025-04-11,3222.199951171875,0.02101247097035497,125.089,5268.05,60.57,4.4
2025-04-14,3204.800048828125,-0.005414639755736417,124.0163,5363.36,61.91,4.48
2025-04-15,3218.699951171875,0.0043278349931821225,123.6598,5405.97,61.99,4.38
2025-04-16,3326.60009765625,0.032973254571937005,123.776,5396.63,61.74,4.35
2025-04-17,3308.699951171875,-0.005395442489893654,123.2724,5275.7,62.88,4.29
2025-04-21,3406.199951171875,0.029041937846947974,123.1298,5282.7,65.07,4.34
2025-04-22,3400.800048828125,-0.0015865736672466824,122.3145,5158.2,63.48,4.42
2025-04-23,3276.300048828125,-0.03729596062718876,122.4175,5287.76,64.6,4.41
2025-04-24,3332,0.016857972511505892,123.0252,5375.86,62.64,4.4
2025-04-25,3282.39990234375,-0.014997891910233818,122.9251,5484.77,63.55,4.32
2025-04-28,3332.5,0.015147940676364158,122.8858,5525.21,63.85,4.29
2025-04-29,3318.800048828125,-0.004119486550148821,122.7176,5528.75,63.3,4.23
2025-04-30,3305,-0.0041668132169281336,122.5944,5560.83,61.84,4.19
2025-05-01,3210,-0.02916553616172557,122.5921,5569.06,59.55,4.17
2025-05-02,3231.89990234375,0.006799232227836072,123.1405,5604.14,60.59,4.25
2025-05-05,3311.300048828125,0.024270706904035322,122.4962,5686.67,59.67,4.33
2025-05-06,3411.39990234375,0.029781859324396365,122.2613,5650.38,58.5,4.36
2025-05-07,3381.39990234375,-0.008832939557882113,122.0417,5606.91,60.42,4.3
2025-05-08,3296.60009765625,-0.025398132101866366,122.117,5631.28,59.42,4.26
2025-05-09,3335.39990234375,0.011700918988175601,122.7568,5663.94,61.25,4.37
2025-05-12,3220,-0.035211223370302136,122.5191,5659.91,62.37,4.37
2025-05-13,3240.300048828125,0.006284573623098311,123.4863,5844.19,63.32,4.45
2025-05-14,3181.39990234375,-0.01834461239329066,122.9583,5886.55,65.04,4.49
2025-05-15,3220.699951171875,0.012277391287756956,122.6746,5892.58,64.48,4.53
2025-05-16,3182,-0.012088782158285127,122.8174,5916.93,63.03,4.45
2025-05-19,3228.89990234375,0.014631561796194958,123.0737,5958.38,63.84,4.43
2025-05-20,3280.300048828125,0.01579340480163438,122.4186,5963.6,63.98,4.46
2025-05-21,3309.300048828125,0.00880180490270277,122.3199,5940.46,63.97,4.48
2025-05-22,3292.300048828125,-0.005150277910233925,121.7496,5844.61,62.93,4.58
2025-05-23,3363.60009765625,0.02142543450396417,122.0429,5842.01,62.55,4.54
2025-05-27,3299.10009765625,-0.01936212440612195,121.3837,5802.82,62.89,4.51
2025-05-28,3293.60009765625,-0.0016685124798723194,121.6099,5921.54,61.61,4.43
2025-05-29,3317.10009765625,0.007109715550713602,121.9888,5888.55,62.54,4.47
2025-05-30,3288.89990234375,-0.008537804000789961,121.5617,5912.17,61.66,4.43
2025-06-02,3370.60009765625,0.024537666358952492,121.7674,5911.69,61.46,4.41
2025-06-03,3350.199951171875,-0.006070768059981191,121.1881,5935.94,63.27,4.46
2025-06-04,3373.5,0.00693075011258415,121.4592,5970.37,64.1,4.46
2025-06-05,3350.699951171875,-0.0067815164251037174,121.0539,5970.81,63.57,4.37
2025-06-06,3322.699951171875,-0.008391573926159523,120.9596,5939.3,64.06,4.4
2025-06-09,3332.10009765625,0.002825074432685426,121.161,6000.36,65.3,4.51
2025-06-10,3320.89990234375,-0.003366964044300147,120.9103,6005.88,65.99,4.49
2025-06-11,3321.300048828125,1.2048613043802447e-4,121.0485,6038.81,65.66,4.47
2025-06-12,3380.89990234375,0.01778563010253542,120.587,6022.24,68.91,4.41
2025-06-13,3431.199951171875,0.014768122634468028,120.1723,6045.26,68.73,4.36
2025-06-16,3396.39990234375,-0.01019402159970717,120.3245,5976.97,73.84,4.41
2025-06-17,3386.60009765625,-0.002889521305021958,120.1565,6033.11,72.53,4.46
2025-06-18,3389.800048828125,9.444399210654097e-4,120.5048,5982.72,75.62,4.39
2025-06-20,3368.10009765625,-0.006422120861074632,120.7305,5980.87,75.89,4.38
2025-06-23,3377.699951171875,0.0028461738938609926,121.0408,5967.84,75.72,4.38
2025-06-24,3317.39990234375,-0.018013675886811242,121.1694,6025.17,69.36,4.34
2025-06-25,3327.10009765625,0.0029197688926849708,120.3645,6092.18,65.45,4.3
2025-06-26,3333.5,0.001921720031074159,120.3336,6092.16,65.98,4.29
2025-06-27,3273.699951171875,-0.018101974273061927,119.6451,6141.02,66.44,4.26
2025-06-30,3294.39990234375,0.006303198845365898,119.659,6173.07,66.66,4.29
2025-07-01,3336.699951171875,0.012758252337171427,119.4088,6204.95,66.3,4.24
2025-07-02,3348,0.0033808726417756674,119.3436,6198.01,66.64,4.26
2025-07-03,3331.60009765625,-0.0049104542360627335,119.3037,6227.42,68.66,4.3
2025-07-04,3332.5,2.7007467956075004e-4,119.2382,6279.35,68.13,4.35
2025-07-07,3332.199951171875,-9.004121131539478e-5,119.2382,6279.35,68.13,4.35
2025-07-08,3307,-0.00759129785975432,119.6201,6229.98,69.16,4.4
2025-07-09,3311.60009765625,0.0013900517720006889,119.8371,6225.52,69.55,4.42
2025-07-10,3317.39990234375,0.001749828380560814,119.7311,6263.26,69.61,4.34
2025-07-11,3356,0.01156847445274245,119.8343,6280.46,67.78,4.35
2025-07-14,3351.5,-0.0013417817890850614,119.9214,6259.75,69.63,4.43
2025-07-15,3329.800048828125,-0.006495750023280067,120.2209,6268.56,68.19,4.43
2025-07-16,3352.5,0.006794079381101881,120.5105,6243.76,67.76,4.5
2025-07-17,3340.10009765625,-0.0037055602760016626,120.4175,6263.7,67.13,4.46
2025-07-18,3353,0.003854691586395731,120.6384,6297.36,68.76,4.47
2025-07-21,3401.89990234375,0.014478602877328939,120.356,6296.79,68.53,4.44
2025-07-22,3439.199951171875,0.010904801640990058,119.9961,6305.6,68.39,4.38
2025-07-23,3394.10009765625,-0.013200213092494195,119.681,6309.62,67.56,4.35
2025-07-24,3371,-0.006829222657993128,119.5697,6358.91,66.05,4.4
2025-07-25,3334,-0.011036651923321372,119.5664,6363.35,67.16,4.43
2025-07-28,3309.10009765625,-0.007496505723880276,119.9857,6388.64,66.38,4.4
2025-07-29,3323.39990234375,0.0043120472958140255,120.6149,6389.77,67.81,4.42
2025-07-30,3295.800048828125,-0.008339380490784976,120.9674,6370.86,70.27,4.34
2025-07-31,3293.199951171875,-7.892237945714697e-4,121.4042,6362.9,71.09,4.38
2025-08-01,3347.699951171875,0.016413806676874643,121.721,6339.39,70.36,4.37
2025-08-04,3374.39990234375,0.007943973509988211,121.2122,6238.01,68.39,4.23
2025-08-05,3381.89990234375,0.0022201510582657846,120.9859,6329.94,67.33,4.22
2025-08-06,3380,-5.619433653798467e-4,120.9082,6299.19,66.2,4.22
2025-08-07,3400.300048828125,0.005987967888746226,120.5082,6345.06,65.38,4.22
2025-08-08,3439.10009765625,0.011346160259979143,120.5043,6340,64.9,4.23
2025-08-11,3353.10009765625,-0.025324517441946526,120.3329,6389.45,64.94,4.27
2025-08-12,3348.89990234375,-0.0012534156557428844,120.6892,6373.45,65.03,4.27
2025-08-13,3358.699951171875,0.0029220752624805613,120.2736,6445.76,64.22,4.29
2025-08-14,3335.199951171875,-0.00702134686423328,120.13,6466.58,63.68,4.24
2025-08-15,3336,2.398515522887834e-4,120.6446,6468.54,64.99,4.29
2025-08-18,3331.699951171875,-0.0012898149154132454,120.3377,6449.8,63.78,4.33
2025-08-19,3313.39990234375,-0.005507846531910943,120.5622,6449.15,64.51,4.34
2025-08-20,3343.39990234375,0.009013401028552082,120.7224,6411.37,63.38,4.3
2025-08-21,3336.89990234375,-0.0019460210593322813,120.7757,6395.78,64.19,4.29
2025-08-22,3374.39990234375,0.011175298783646426,121.0843,6370.17,64.56,4.33
2025-08-25,3373.800048828125,-1.7778178522931398e-4,120.2774,6466.91,64.08,4.26
2025-08-26,3388.60009765625,0.004377165544111605,120.4214,6439.32,65.18,4.28
2025-08-27,3404.60009765625,0.0047106015210278684,120.5274,6465.94,63.6,4.26
2025-08-28,3431.800048828125,0.00795743201556931,120.7274,6481.4,64.49,4.24
2025-08-29,3473.699951171875,0.012135375150160499,120.2595,6501.86,64.96,4.22
2025-09-02,3549.39990234375,0.02155825335719186,120.2082,6460.26,64.36,4.23
2025-09-03,3593.199951171875,0.012264609179004182,120.6837,6415.54,65.95,4.28
2025-09-04,3565.800048828125,-0.007654710471889814,120.5052,6448.26,64.36,4.22
2025-09-05,3613.199951171875,0.013205346467746182,120.7629,6502.08,63.81,4.17
2025-09-08,3638.10009765625,0.006867801411635455,120.1282,6481.5,62.22,4.1
2025-09-09,3643.300048828125,0.001428283558452037,120.0971,6495.15,62.6,4.05
2025-09-10,3643.60009765625,8.235294082759026e-5,120.1569,6512.61,62.97,4.08
2025-09-11,3636.89990234375,-0.0018405871036470955,120.1223,6532.04,64.01,4.04
2025-09-12,3649.39990234375,0.0034311001737599156,119.9534,6587.47,62.71,4.01
2025-09-15,3682.199951171875,0.008947642619622442,120.0611,6584.29,63.02,4.06
2025-09-16,3688.89990234375,0.0018178977764957693,119.5644,6615.28,63.66,4.05
2025-09-17,3681.800048828125,-0.0019265078645300804,119.1348,6606.76,64.89,4.04
2025-09-18,3643.699951171875,-0.010402140797461712,119.1582,6600.35,64.41,4.06
2025-09-19,3671.5,0.007600662414638748,119.6616,6631.96,63.91,4.11
2025-09-22,3740.699951171875,0.018672448725780555,119.7858,6664.36,63.02,4.14
2025-09-23,3780.60009765625,0.0106100063895056,119.8152,6693.75,62.99,4.15
2025-09-24,3732.10009765625,-0.012911648948104926,119.6202,6656.92,63.76,4.12
2025-09-25,3736.89990234375,0.0012852605029394226,120.1707,6637.97,65.4,4.16
2025-09-26,3775.300048828125,0.010223498096001649,120.5419,6604.72,65.51,4.18
2025-09-29,3820.89990234375,0.012006108728817466,120.4349,6643.7,66.5,4.2
2025-09-30,3840.800048828125,0.005194719543135662,120.115,6661.21,64.27,4.15
2025-10-01,3867.5,0.0069276125174813075,120.1368,6688.46,63.17,4.16
2025-10-02,3839.699951171875,-0.007214077634015936,120.1502,6711.2,62.59,4.12
2025-10-03,3880.800048828125,0.010647104699776477,120.4296,6715.35,61.28,4.1
2025-10-06,3948.5,0.017294429424653757,120.0881,6715.79,61.65,4.13
2025-10-07,3976.60009765625,0.007091447444070198,120.2722,6740.28,62.49,4.18
2025-10-08,4043.300048828125,0.01663399490752049,120.4884,6714.59,62.52,4.14
2025-10-09,3946.300048828125,-0.024282758867578025,120.7766,6753.72,63.37,4.13
2025-10-10,3975.89990234375,0.0074726695710456426,121.0902,6735.11,62.36,4.14
2025-10-13,4108.60009765625,0.03283124863445863,121.1163,6552.51,59.75,4.05
2025-10-14,4138.7001953125,0.007299414410764982,121.1163,6654.72,59.75,4.05
2025-10-15,4176.89990234375,0.009187545165353583,121.1822,6644.31,59.52,4.03
2025-10-16,4280.2001953125,0.024430461884398014,120.8642,6671.06,59.08,4.05
2025-10-17,4189.89990234375,-0.02132293911227734,120.6698,6629.07,58.29,3.99
2025-10-20,4336.39990234375,0.03436764429162409,120.7028,6664.01,58.3,4.02
2025-10-21,4087.699951171875,-0.05906203554004996,120.6209,6735.13,58.34,4
2025-10-22,4044.39990234375,-0.010649268655763322,120.8895,6735.35,58.66,3.98
2025-10-23,4125.5,0.019854040473195056,120.8958,6699.4,59.3,3.97
2025-10-24,4118.39990234375,-0.0017225098547726247,120.9531,6738.44,62.44,4.01
2025-10-27,4001.89990234375,-0.02869549076685729,120.9345,6791.69,62.27,4.02
2025-10-28,3966.199951171875,-0.008960778782098444,120.7988,6875.16,62.13,4.01
2025-10-29,3983.699951171875,0.0044025782667436175,120.6361,6890.89,60.97,3.99
2025-10-30,4001.300048828125,0.004408297096620828,120.5312,6890.59,61.26,4.08
2025-10-31,3982.199951171875,-0.0047849023856940676,121.2832,6822.34,61.36,4.11
2025-11-03,4000.300048828125,0.004534952377444057,121.3859,6840.2,61.75,4.11
2025-11-04,3947.699951171875,-0.013236252040330854,121.4512,6851.97,61.79,4.13
2025-11-05,3980.300048828125,0.00822408713420586,121.8271,6771.55,61.38,4.1
2025-11-06,3979.89990234375,-1.0053679233301693e-4,121.8482,6796.29,60.4,4.17
2025-11-07,3999.39990234375,0.004887656635851556,121.6948,6720.32,60.24,4.11
2025-11-10,4111.7998046875,0.02771651588616919,121.388,6728.8,60.54,4.11
2025-11-11,4106.7998046875,-0.0012167524528550189,121.2984,6832.43,60.94,4.13
2025-11-12,4204.39990234375,0.023487483855552327,121.2984,6846.61,60.94,4.13
2025-11-13,4186.89990234375,-0.004170992761121539,121.0458,6850.92,59.3,4.08
2025-11-14,4087.60009765625,-0.02400255533201623,120.7725,6737.49,59.54,4.11
2025-11-17,4068.300048828125,-0.004732790864801828,120.9666,6734.11,60.87,4.14
2025-11-18,4061.300048828125,-0.0017221023533426916,121.1146,6672.41,60.66,4.13
2025-11-19,4077.699951171875,0.004029960569868152,121.2127,6617.32,61.51,4.12
2025-11-20,4056.5,-0.005212559145508777,121.4978,6642.16,60.27,4.13
2025-11-21,4076.699951171875,0.00496729278207475,121.6889,6538.76,60.07,4.1
2025-11-24,4091.89990234375,0.0037215603622993143,121.8653,6602.99,58.86,4.06
2025-11-25,4139.2001953125,0.011493193638319354,121.9171,6705.12,59.11,4.04
2025-11-26,4165.2001953125,0.006261760929431759,121.6335,6765.88,58.25,4.01
2025-11-28,4218.2998046875,0.012667816416398026,121.2437,6812.61,58.81,4
2025-12-01,4239.2998046875,0.004965958221291089,121.0527,6849.09,58.58,4.02
2025-12-02,4186.60009765625,-0.01250914319860641,120.9862,6812.63,59.47,4.09
2025-12-03,4199.2998046875,0.003028826217303049,121.1467,6829.37,58.81,4.09
2025-12-04,4211.7998046875,0.002972265169354671,120.7336,6849.72,59.09,4.06
2025-12-05,4212.89990234375,2.611600889661503e-4,120.6766,6857.12,59.82,4.11
2025-12-08,4187.2001953125,-0.0061189240409387224,120.6863,6870.4,60.23,4.14
2025-12-09,4206.7001953125,0.004646239333865765,120.776,6846.51,59.04,4.17
2025-12-10,4196.39990234375,-0.002451547168984547,120.6832,6840.51,58.4,4.18
2025-12-11,4285.5,0.021010239753042725,120.6752,6886.68,58.67,4.13
2025-12-12,4300.10009765625,0.003401069596485229,119.98,6901,57.76,4.14
2025-12-15,4306.7001953125,0.001533693992035623,120.1442,6827.41,57.61,4.19
2025-12-16,4304.5,-5.110078294485731e-4,119.9561,6816.51,56.97,4.18
2025-12-17,4347.5,0.009939980130427628,119.8902,6800.26,55.44,4.15
2025-12-18,4339.5,-0.0018418331441374391,120.155,6721.43,56.07,4.16
2025-12-19,4361.39990234375,0.005033950243312546,120.0528,6774.76,56.22,4.12
2025-12-22,4444.60009765625,0.018896813791641875,120.1652,6834.5,56.8,4.16
2025-12-23,4482.7998046875,0.008557909489308457,119.9912,6878.49,58.18,4.17
2025-12-24,4480.60009765625,-4.908198003832354e-4,119.7057,6909.79,58.55,4.18
2025-12-26,4529.10009765625,0.01076627799557528,119.4372,6932.05,58.72,4.15
2025-12-29,4325.10009765625,-0.04608798173882889,119.4723,6929.94,56.6,4.14
2025-12-30,4370.10009765625,0.01035063040454176,119.5899,6905.74,57.89,4.12
2025-12-31,4325.60009765625,-0.010235032825324453,119.4939,6896.24,57.79,4.14
2026-01-02,4314.39990234375,-0.0025926392560808864,119.7456,6845.5,57.26,4.18
2026-01-05,4436.89990234375,0.027997669976116413,119.6059,6858.47,57.21,4.19
2026-01-06,4482.2001953125,0.010158128512449238,119.6192,6902.05,58.1,4.17
2026-01-07,4449.2998046875,-0.007367304357957849,119.7807,6944.82,56.97,4.18
2026-01-08,4449.7001953125,8.998553214389915e-5,119.8719,6920.93,56.01,4.15
2026-01-09,4490.2998046875,0.009082749101681387,120.0904,6921.46,57.74,4.19
2026-01-12,4604.2998046875,0.025071135876622463,120.2215,6966.28,58.96,4.18
2026-01-13,4589.2001953125,-0.0032848475449700487,119.9958,6977.27,59.39,4.19
2026-01-14,4626.2998046875,0.008051610829708622,120.1401,6963.74,60.85,4.18
2026-01-15,4616.2998046875,-0.0021638942125949967,119.9537,6926.6,61.84,4.15
2026-01-16,4588.39990234375,-0.006062117977439385,119.9951,6944.47,59.13,4.17
2026-01-20,4759.60009765625,0.03663229347491992,120.0838,6940.01,59.4,4.24
2026-01-21,4831.7998046875,0.015055377008504678,119.4455,6796.86,60.3,4.3
2026-01-22,4908.7998046875,0.0158104443373972,119.3431,6875.62,60.38,4.26
2026-01-23,4976.2001953125,0.01363711384202837,119.1962,6913.35,59.24,4.26
2026-01-26,5079.7001953125,0.0205856563735356,118.8976,6915.61,60.7,4.24
2026-01-27,5079.89990234375,3.931395514733538e-5,118.0525,6950.23,60.46,4.22
2026-01-28,5301.60009765625,0.04271712307880904,117.4523,6978.6,62.04,4.24
2026-01-29,5318.39990234375,0.0031638076649489477,117.5117,6978.03,62.75,4.26
2026-01-30,4713.89990234375,-0.12065691771157461,117.4396,6969.01,64.77,4.24
2026-02-02,4622.5,-0.019579885886258808,117.8996,6939.03,64.5,4.26
2026-02-03,4903.7001953125,0.05905437776175937,118.3609,6976.44,61.6,4.29
2026-02-04,4920.39990234375,0.003399746124372882,117.9764,6917.81,62.62,4.28
2026-02-05,4861.39990234375,-0.012063365980342411,118.2602,6882.72,64.56,4.29
2026-02-06,4951.2001953125,0.018303568705588802,118.5034,6798.4,62.9,4.21
2026-02-09,5050.89990234375,0.019936415005194164,118.2407,6932.3,63.77,4.22
2026-02-10,5003.7998046875,-0.009368841148209128,117.6392,6964.82,64.53,4.22
2026-02-11,5071.60009765625,0.013458784179659844,117.5216,6941.81,64.2,4.16
2026-02-12,4923.7001953125,-0.0295960488695588,117.4601,6941.47,64.8,4.18
2026-02-13,5022,0.0197679406777862,117.5376,6832.76,63.08,4.09
2026-02-17,4882.89990234375,-0.028088975078812695,117.5258,6836.17,63.05,4.04
2026-02-18,4986.5,0.020994975203205257,117.7375,6843.22,62.53,4.05
2026-02-19,4975.89990234375,-0.00212802171371429,117.8426,6881.31,65.33,4.09
2026-02-20,5059.2998046875,0.0166218560578546,118.2354,6861.89,66.66,4.08
2026-02-23,5204.7001953125,0.028334005840505938,117.9917,6909.51,66.69,4.08
2026-02-24,5155.7998046875,-0.009439844361432748,117.9395,6837.75,66.36,4.03
2026-02-25,5206.39990234375,0.009766362602618983,117.9463,6890.07,65.62,4.04
2026-02-26,5176.5,-0.005759467061588808,117.769,6946.13,65.3,4.05
2026-02-27,5230.5,0.010377723577647657,117.9042,6908.86,65.1,4.02
2026-03-02,5294.39990234375,0.012142763938335577,117.8223,6878.88,66.96,3.97
2026-03-03,5107.39990234375,-0.03595919039300277,118.667,6881.62,71.13,4.05
2026-03-04,5120.2001953125,0.002503089586967988,119.4341,6816.63,74.48,4.06
2026-03-05,5065.2998046875,-0.010780211536408402,119.0705,6869.5,74.58,4.09
2026-03-06,5146.10009765625,0.015825837818907118,119.5683,6830.71,80.88,4.13
2026-03-09,5091.5,-0.010666682586894183,119.491,6740.02,90.77,4.15
2026-03-10,5229.7001953125,0.026781469772137356,119.5151,6795.99,94.65,4.12
2026-03-11,5167.39990234375,-0.011984310631174111,118.7255,6781.48,83.71,4.15
2026-03-12,5115.7998046875,-0.010035890037832118,119.2885,6775.8,86.8,4.21
2026-03-13,5052.5,-0.01245058143707567,119.8227,6672.62,95.61,4.27
2026-03-16,4994,-0.01164597843805737,120.5518,6632.19,98.48,4.28
2026-03-17,5001,0.001400700579186065,120.097,6699.38,93.39,4.23
2026-03-18,4889.89990234375,-0.022466059027850704,119.8328,6716.09,96.01,4.2
2026-03-19,4600.7001953125,-0.06096332512532143,119.9276,6624.7,96.12,4.26
2026-03-20,4570.39990234375,-0.006607801222591192,120.1802,6606.49,96.11,4.25
2026-03-23,4404.10009765625,-0.03706475965408629,120.2757,6506.48,98.71,4.39
2026-03-24,4399.2998046875,-0.001090554444362013,119.9371,6581,89.33,4.34
2026-03-25,4549.7998046875,0.033637840062541,120.1295,6556.37,93.18,4.39
2026-03-26,4375.5,-0.03906243403134724,120.1282,6591.9,91.51,4.33
2026-03-27,4492,0.02627723788244829,120.389,6477.16,96.18,4.42
2026-03-30,4526,0.007540510335148909,120.8851,6368.85,101.26,4.44
2026-03-31,4647.60009765625,0.026512431127411418,121.2851,6343.72,104.69,4.35
2026-04-01,4783.2001953125,0.028758841078818875,121.035,6528.52,104.69,4.3
2026-04-02,4651.5,-0.02792007119110096,120.1198,6575.32,104.69,4.33
2026-04-06,4656.7998046875,0.0011387268075573331,120.503,6582.69,104.69,4.31
