date,gold_close,gold_log_return,usd_broad_index_lag1,sp500_index_lag1,wti_price_lag1,treasury_10y_yield_lag1
2016-04-12,1259.4000244140625,0.00214623767325683,109.9758,2041.99,40.46,1.73
2016-04-13,1246.800048828125,-0.01005512838417566,109.816,2061.72,42.12,1.79
2016-04-14,1225,-0.01763946407711092,110.1436,2082.42,41.7,1.77
2016-04-15,1233.0999755859375,0.00659046009872632,110.1691,2082.78,41.45,1.8
2016-04-18,1233.5999755859375,4.0539994060484474e-4,110.1933,2080.73,40.4,1.76
2016-04-19,1253,0.01560397187791018,109.9892,2094.34,39.74,1.78
2016-04-20,1253.199951171875,1.5956521921189903e-4,109.2782,2100.8,40.88,1.79
2016-04-21,1249,-0.00335700998970267,109.3926,2102.4,42.72,1.85
2016-04-22,1228.699951171875,-0.01638657099171681,109.8533,2091.48,43.18,1.88
2016-04-25,1238.9000244140625,0.00826724869407336,110.2331,2091.58,42.76,1.89
2016-04-26,1242.199951171875,0.00266005298948712,110.1865,2087.79,41.67,1.91
2016-04-27,1249.199951171875,0.00561934550398568,109.7496,2091.7,42.52,1.94
2016-04-28,1265.5,0.01296399366377176,109.8483,2095.15,45.29,1.87
2016-04-29,1289.199951171875,0.01855453208135582,109.2148,2075.81,46.03,1.84
2016-05-02,1294.699951171875,0.00425713728421328,108.8274,2065.3,45.98,1.83
2016-05-03,1290.699951171875,-0.0030943013403375,108.671,2081.43,44.75,1.88
2016-05-04,1273.300048828125,-0.01357267508332249,109.3613,2063.37,43.65,1.81
2016-05-05,1271.4000244140625,-0.00149331922227613,109.9952,2051.12,43.77,1.79
2016-05-06,1292.9000244140625,0.01676910143887511,110.2417,2050.63,44.33,1.76
2016-05-09,1265.5999755859375,-0.02134147742080205,110.3801,2057.14,44.58,1.79
2016-05-10,1263.9000244140625,-0.00134410075335367,110.9466,2058.69,43.45,1.77
2016-05-11,1274.5999755859375,0.00843018675636919,110.8225,2084.39,44.68,1.77
2016-05-12,1270.300048828125,-0.00337925325822308,110.2806,2064.46,46.21,1.73
2016-05-13,1271.9000244140625,0.00125873318471558,110.6935,2064.11,46.64,1.75
2016-05-16,1273.4000244140625,0.00117864310287529,111.2521,2046.61,46.22,1.71
2016-05-17,1276.199951171875,0.0021963664184188,111.1217,2066.66,47.72,1.75
2016-05-18,1273.699951171875,-0.00196086191362976,111.0867,2047.21,48.29,1.76
2016-05-19,1254.199951171875,-0.01542813208282734,111.4995,2047.63,48.12,1.87
2016-05-20,1252.4000244140625,-0.00143615023115728,112.2331,2040.04,48.16,1.85
2016-05-23,1251.0999755859375,-0.00103858513679622,112.1822,2052.32,47.67,1.85
2016-05-24,1228.9000244140625,-0.01790366465212667,112.284,2048.04,48.12,1.84
2016-05-25,1223.5,-0.00440387627442362,112.2912,2076.06,48.04,1.86
2016-05-26,1220.0999755859375,-0.0027828013113238,112.2001,2090.54,49.1,1.87
2016-05-27,1213.800048828125,-0.00517682794215979,111.8979,2090.1,49,1.83
2016-05-31,1214.800048828125,8.23519736724343e-4,112.0822,2099.06,49.36,1.85
2016-06-01,1211.9000244140625,-0.0023900982462468,112.4276,2096.96,49.1,1.84
2016-06-02,1209.800048828125,-0.00173429908641331,112.462,2099.33,49.07,1.85
2016-06-03,1240.0999755859375,0.02473690478824775,112.4564,2105.26,49.14,1.81
2016-06-06,1244.5999755859375,0.00362217169757173,111.4451,2099.13,48.69,1.71
2016-06-07,1244.4000244140625,-1.6066787650093062e-4,111.2295,2109.41,49.71,1.73
2016-06-08,1259.800048828125,0.01229951130383533,110.8378,2112.13,50.37,1.72
2016-06-09,1270.199951171875,0.00822131298112438,110.1916,2119.12,51.23,1.71
2016-06-10,1273.4000244140625,0.0025161778276832,110.6168,2115.48,50.52,1.68
2016-06-13,1284.4000244140625,0.0086011944682367,111.1027,2096.07,49.09,1.64
2016-06-14,1285.5999755859375,9.338142093948676e-4,111.5036,2079.06,48.89,1.62
2016-06-15,1285.800048828125,1.556142495848789e-4,111.9826,2075.32,48.49,1.62
2016-06-16,1296.0999755859375,0.00797860591028687,111.7671,2071.5,47.92,1.6
2016-06-17,1292.5,-0.00278140921018721,112.2347,2077.99,46.14,1.57
2016-06-20,1290,-0.00193610902686636,111.5332,2071.22,48,1.62
2016-06-21,1270.5,-0.01523169459549933,110.8693,2083.25,49.4,1.67
2016-06-22,1268,-0.00196966776304741,111.0077,2088.9,48.95,1.71
2016-06-23,1261.199951171875,-0.00537724604187417,110.7681,2085.45,49.16,1.69
2016-06-24,1320,0.04556812662511955,110.262,2113.32,49.34,1.74
2016-06-27,1322.5,0.00189214815203797,112.1355,2037.41,46.7,1.57
2016-06-28,1315.300048828125,-0.00545907113453747,113.1301,2000.54,45.8,1.46
2016-06-29,1323.9000244140625,0.0065171307867109,112.7545,2036.09,47.93,1.46
2016-06-30,1318.4000244140625,-0.00416304571147296,111.8597,2070.77,49.85,1.5
2016-07-01,1336.699951171875,0.01378495477541363,112.1618,2098.86,48.27,1.49
2016-07-05,1356.4000244140625,0.01463029580207653,111.6509,2102.95,49.02,1.46
2016-07-06,1364.9000244140625,0.00624703449857477,112.4231,2088.55,46.73,1.37
2016-07-07,1360.0999755859375,-0.00352297526070888,112.5438,2099.73,47.37,1.38
2016-07-08,1356.5999755859375,-0.00257665697303988,112.5775,2097.9,45.22,1.4
2016-07-11,1355,-0.00118009720166956,112.3963,2129.9,45.37,1.37
2016-07-12,1334.0999755859375,-0.01554456542906557,112.5254,2137.16,44.73,1.43
2016-07-13,1342.4000244140625,0.0062021860150816,112.1102,2152.14,46.82,1.53
2016-07-14,1331.300048828125,-0.00830312978492031,112.0266,2152.43,44.87,1.48
2016-07-15,1326.5,-0.00361205053710289,111.7692,2163.75,45.64,1.53
2016-07-18,1328.4000244140625,0.0014313343033443,112.2833,2161.74,45.93,1.6
2016-07-19,1331.5,0.00233089737284863,112.2463,2166.89,45.23,1.59
2016-07-20,1318.800048828125,-0.00958385703174968,112.638,2163.78,44.64,1.56
2016-07-21,1330.5,0.00883254219550622,112.6743,2173.02,44.96,1.59
2016-07-22,1323.0999755859375,-0.00557736182154577,112.6239,2165.17,43.96,1.57
2016-07-25,1319.300048828125,-0.00287611969583689,112.989,2175.03,43.41,1.57
2016-07-26,1320.699951171875,0.00106053217799928,113.1784,2168.48,42.4,1.58
2016-07-27,1326.5999755859375,0.0044573976096105,113.0593,2169.18,42.16,1.57
2016-07-28,1332.300048828125,0.00428754892769145,113.217,2166.58,41.9,1.52
2016-07-29,1349,0.01245676859209332,112.7393,2170.06,41.13,1.52
2016-08-01,1351.4000244140625,0.00177753297607452,111.874,2173.6,41.54,1.46
2016-08-02,1364.4000244140625,0.00957367925428531,111.9757,2170.84,40.05,1.51
2016-08-03,1356.0999755859375,-0.00610187434735909,111.7124,2157.03,39.5,1.55
2016-08-04,1358.800048828125,0.00198907813041238,111.9419,2163.79,40.8,1.55
2016-08-05,1336.4000244140625,-0.01662254347003866,111.9149,2164.25,41.92,1.51
2016-08-08,1333.4000244140625,-0.00224736025753902,112.3589,2182.87,41.83,1.59
2016-08-09,1339,0.00419097719758099,112.1456,2180.89,43.06,1.59
2016-08-10,1344.300048828125,0.00395040109137667,111.722,2181.74,42.78,1.55
2016-08-11,1342.5,-0.00133992039952879,111.3238,2175.49,41.75,1.5
2016-08-12,1335.800048828125,-0.005003147538015,111.1954,2185.79,43.51,1.57
2016-08-15,1340.300048828125,0.00336310607018841,111.1787,2184.05,44.47,1.51
2016-08-16,1350.5,0.0075813883174769,110.9212,2190.15,45.72,1.55
2016-08-17,1342.699951171875,-0.00579241851963363,110.4295,2178.15,46.57,1.57
2016-08-18,1351.199951171875,0.00631057464369355,110.9459,2182.22,46.81,1.56
2016-08-19,1340.4000244140625,-0.00802495527956281,110.3134,2187.02,48.2,1.53
2016-08-22,1337.699951171875,-0.00201641027717869,110.8163,2183.87,48.48,1.58
2016-08-23,1340.5999755859375,0.00216557191257305,110.9997,2182.64,46.8,1.55
2016-08-24,1324.4000244140625,-0.01215771160541567,110.9414,2186.9,47.54,1.55
2016-08-25,1320.0999755859375,-0.00325207231453283,111.2958,2175.44,46.29,1.56
2016-08-26,1321.5,0.00105998225173031,111.1726,2172.47,46.97,1.58
2016-08-29,1322.9000244140625,0.00105885987894716,111.2035,2169.04,47.64,1.62
2016-08-30,1311.699951171875,-0.00850234632726199,111.8775,2180.38,46.97,1.57
2016-08-31,1306.9000244140625,-0.00366602931214288,112.2928,2176.12,46.32,1.57
2016-09-01,1312.199951171875,0.00404714141600415,112.4036,2170.95,44.68,1.58
2016-09-02,1322.0999755859375,0.00751628235003654,112.1733,2170.86,43.17,1.57
2016-09-06,1349.4000244140625,0.02043870423593041,112.0009,2179.98,44.39,1.6
2016-09-07,1344.300048828125,-0.00378659950330817,110.9613,2186.48,44.85,1.55
2016-09-08,1336.800048828125,-0.00559473297523993,110.9717,2186.16,45.47,1.54
2016-09-09,1330.0999755859375,-0.00502462580311657,111.2609,2181.3,47.63,1.61
2016-09-12,1321,-0.00686508348186709,111.9879,2127.81,45.88,1.67
2016-09-13,1319,-0.00151515180501071,112.1516,2159.04,46.28,1.68
2016-09-14,1321.5,0.0018935813270291,112.5207,2127.02,44.91,1.73
2016-09-15,1313.5,-0.00607212491874875,112.4678,2125.77,43.62,1.7
2016-09-16,1305.800048828125,-0.0058794129797981,112.4753,2147.26,43.85,1.71
2016-09-19,1313.5,0.0058794129797981,113.1765,2139.16,43.04,1.7
2016-09-20,1313.699951171875,1.5221618146821214e-4,112.903,2139.12,43.34,1.7
2016-09-21,1326.9000244140625,0.0099978666346514,113.1848,2139.76,43.85,1.69
2016-09-22,1340.4000244140625,0.01012268213545297,112.9842,2163.12,45.33,1.66
2016-09-23,1337.199951171875,-0.00239025604642417,112.2592,2177.18,46.1,1.63
2016-09-26,1339.699951171875,0.00186783280513758,112.7166,2164.69,44.36,1.62
2016-09-27,1325.9000244140625,-0.01035417930200743,112.7112,2146.1,45.6,1.59
2016-09-28,1319.4000244140625,-0.00491438624119044,112.5515,2159.93,44.65,1.56
2016-09-29,1321.699951171875,0.00174164352765249,112.6283,2171.37,47.07,1.57
2016-09-30,1313.300048828125,-0.00637565904950321,112.2879,2151.13,47.72,1.56
2016-10-03,1309,-0.00327960386093195,112.2795,2168.27,47.72,1.6
2016-10-04,1266.300048828125,-0.03316418589365622,112.5077,2161.2,48.8,1.63
2016-10-05,1265.199951171875,-8.691271779577292e-4,112.6579,2150.49,48.67,1.69
2016-10-06,1249.800048828125,-0.01224659627455437,112.7946,2159.73,49.75,1.72
2016-10-07,1248.9000244140625,-7.203941462403662e-4,113.0066,2160.77,50.44,1.75
2016-10-11,1253,0.00327749247857678,113.2915,2153.74,49.76,1.73
2016-10-12,1251.0999755859375,-0.00151753108679209,113.4461,2136.73,50.72,1.77
2016-10-13,1255,0.00311242775660769,113.7442,2139.18,50.14,1.79
2016-10-14,1253.0999755859375,-0.00151511087757683,113.6238,2132.55,50.47,1.75
2016-10-17,1254.4000244140625,0.00103692837057689,113.7119,2132.98,50.35,1.8
2016-10-18,1260.800048828125,0.00508908877262115,113.5488,2126.5,49.97,1.77
2016-10-19,1267.9000244140625,0.00561552895790828,113.1393,2139.6,50.3,1.75
2016-10-20,1265.5999755859375,-0.00181570906652872,113.0547,2144.29,51.59,1.76
2016-10-21,1265.9000244140625,2.3705220583014608e-4,113.4033,2141.34,50.31,1.76
2016-10-24,1262,-0.00308558682755677,113.9015,2141.16,50.61,1.74
2016-10-25,1271.9000244140625,0.00781410055123466,113.8571,2151.33,50.18,1.77
2016-10-26,1264.800048828125,-0.00559781915171964,113.6801,2143.16,49.45,1.77
2016-10-27,1267.9000244140625,0.00244796228874033,113.8131,2139.43,48.75,1.79
2016-10-28,1275.5,0.005976250792453,114.1998,2133.04,49.71,1.85
2016-10-31,1271.5,-0.00314095271969261,114.0931,2126.41,48.72,1.86
2016-11-01,1286.4000244140625,0.01165033254112124,114.0188,2126.15,46.83,1.84
2016-11-02,1306.800048828125,0.01573379968826938,113.9915,2111.72,46.66,1.83
2016-11-03,1302.0999755859375,-0.00360311110664213,113.9206,2097.94,45.32,1.81
2016-11-04,1303.300048828125,9.212200167434404e-4,113.7664,2088.66,44.66,1.82
2016-11-07,1278.300048828125,-0.0193684386299866,113.5828,2085.18,44.07,1.79
2016-11-08,1273.4000244140625,-0.00384060061641111,113.5443,2131.52,44.88,1.83
2016-11-09,1272.5999755859375,-6.284751409726397e-4,113.3017,2139.56,44.96,1.88
2016-11-10,1265.5,-0.00559473162911672,114.6956,2163.26,45.2,2.07
2016-11-14,1221.199951171875,-0.0356333591081821,115.9375,2167.48,44.62,2.15
2016-11-15,1224,0.00229024219527484,117.2245,2164.2,43.29,2.23
2016-11-16,1223.4000244140625,-4.902963078956546e-4,116.7724,2180.39,45.86,2.23
2016-11-17,1216.5,-0.00565600454079895,116.8062,2176.94,45.56,2.22
2016-11-18,1208.5,-0.00659796208003893,116.8952,2187.12,45.37,2.29
2016-11-21,1209.5999755859375,9.097850981474308e-4,117.5936,2181.9,45.69,2.34
2016-11-22,1211,0.00115675831140649,117.4762,2198.18,47.48,2.33
2016-11-23,1189.0999755859375,-0.01824976664110611,117.4508,2202.94,48.07,2.31
2016-11-25,1178.199951171875,-0.00920888926738428,118.0356,2204.72,46.72,2.36
2016-11-28,1190.5999755859375,0.01046955256900794,118.02,2213.35,46.72,2.36
2016-11-29,1187.9000244140625,-0.00227029836582826,117.7278,2201.72,45.66,2.32
2016-11-30,1170.800048828125,-0.01449974532512765,117.644,2204.66,45.29,2.3
2016-12-01,1166.9000244140625,-0.00333663678843709,117.7636,2198.81,49.41,2.37
2016-12-02,1175.0999755859375,0.00700254882952133,117.6642,2191.08,51.08,2.45
2016-12-05,1174,-9.365081756955718e-4,117.3116,2191.95,51.7,2.4
2016-12-06,1167.5999755859375,-0.00546638231769414,117.1008,2204.71,51.72,2.39
2016-12-07,1175,0.00631780850791141,116.9225,2212.23,50.95,2.39
2016-12-08,1169.800048828125,-0.00443531182875922,116.672,2241.35,49.85,2.34
2016-12-09,1159.4000244140625,-0.00893018478637053,117.0327,2246.19,50.84,2.4
2016-12-12,1163.5,0.00353005277921703,117.2834,2259.53,51.51,2.47
2016-12-13,1156.699951171875,-0.0058616226542929,116.9161,2256.96,52.74,2.49
2016-12-14,1161.300048828125,0.00396902820974798,116.8029,2271.72,52.99,2.48
2016-12-15,1127.800048828125,-0.02927123362970007,116.7332,2253.28,51.01,2.54
2016-12-16,1135.300048828125,0.00662810051139217,118.8072,2262.03,50.9,2.6
2016-12-19,1140.5,0.00456978654494921,118.3584,2258.07,51.93,2.6
2016-12-20,1131.5,-0.00792257665085127,118.3875,2262.53,52.13,2.54
2016-12-21,1131.0999755859375,-3.535971206103383e-4,118.63,2270.76,52.22,2.57
2016-12-22,1128.800048828125,-0.00203542415771185,118.581,2265.18,51.44,2.55
2016-12-23,1131.9000244140625,0.00274249341220311,118.8209,2260.96,51.98,2.55
2016-12-27,1137.300048828125,0.00475941691629788,118.7856,2263.79,52.01,2.55
2016-12-28,1139.4000244140625,0.00184475434964603,118.9506,2268.88,52.82,2.57
2016-12-29,1156.4000244140625,0.0148099227809002,119.2305,2249.92,54.01,2.51
2016-12-30,1150,-0.0055498098970208,118.6637,2249.26,53.8,2.49
2017-01-03,1160.4000244140625,0.00900285192930372,118.3466,2238.83,53.75,2.45
2017-01-04,1163.800048828125,0.00292576089173834,119.0903,2257.83,52.36,2.45
2017-01-05,1179.699951171875,0.01356957227916755,118.8803,2270.75,53.26,2.46
2017-01-06,1171.9000244140625,-0.0066337433600605,117.9999,2269,53.77,2.37
2017-01-09,1183.5,0.00984976585659325,118.3495,2276.98,53.98,2.42
2017-01-10,1184.199951171875,5.912499106308644e-4,118.4111,2268.9,51.95,2.38
2017-01-11,1195.5999755859375,0.00958073112518853,118.5386,2268.9,50.82,2.38
2017-01-12,1198.9000244140625,0.00275635908746885,119.0219,2275.32,52.19,2.38
2017-01-13,1195.300048828125,-0.00300724934329199,117.8001,2270.44,53.01,2.36
2017-01-17,1212,0.01387464689522488,117.9884,2274.64,52.36,2.4
2017-01-18,1211.300048828125,-5.776842959903661e-4,117.2656,2267.89,52.45,2.33
2017-01-19,1200.9000244140625,-0.00862290733682691,117.7242,2271.89,51.12,2.42
2017-01-20,1204.300048828125,0.00282722981480976,118.3182,2263.69,51.39,2.47
2017-01-23,1215,0.00884555096339667,118.3182,2271.31,52.33,2.48
2017-01-24,1210.300048828125,-0.00387577368627134,117.2479,2265.2,52.77,2.41
2017-01-25,1197.300048828125,-0.01079924058371695,117.0516,2280.07,52.38,2.47
2017-01-26,1189.5,-0.00653601176164819,116.9355,2298.37,52.14,2.53
2017-01-27,1188.0999755859375,-0.00117767882759878,117.2766,2296.68,53.24,2.51
2017-01-30,1193.199951171875,0.00428336080318381,117.0735,2294.69,53.18,2.49
2017-01-31,1208.5999755859375,0.01282391200857713,116.7325,2280.9,52.63,2.49
2017-02-01,1205.5999755859375,-0.00248529666543806,116.2241,2278.87,52.75,2.45
2017-02-02,1216.699951171875,0.00916488760006029,116.3914,2279.55,53.9,2.48
2017-02-03,1218.5,0.00147835840346388,115.903,2280.85,53.55,2.48
2017-02-06,1230,0.00939357530120244,115.6259,2297.42,53.81,2.49
2017-02-07,1234.199951171875,0.00340877795793215,116.0504,2292.56,53.01,2.42
2017-02-08,1237.5999755859375,0.00275105320752011,116.4082,2293.08,52.19,2.4
2017-02-09,1235.0999755859375,-0.00202208185481822,116.1382,2294.67,52.37,2.34
2017-02-10,1234.4000244140625,-5.668768500655119e-4,116.306,2307.87,52.99,2.4
2017-02-13,1224.4000244140625,-0.00813409381616114,116.148,2316.1,53.84,2.41
2017-02-14,1223.9000244140625,-4.0844667481820807e-4,116.3427,2328.25,52.96,2.43
2017-02-15,1231.699951171875,0.00635278796851412,116.3949,2337.58,53.21,2.47
2017-02-16,1240,0.00671609029451669,116.2162,2349.25,53.11,2.51
2017-02-17,1237.5999755859375,-0.00193737906716773,116.0067,2347.22,53.41,2.45
2017-02-21,1237.5,-8.078508906983473e-5,116.4035,2351.16,53.41,2.42
2017-02-22,1232,-0.00445435034938057,116.5921,2365.38,54.02,2.43
2017-02-23,1250.199951171875,0.01466463434799525,116.2136,2362.82,53.61,2.42
2017-02-24,1256.9000244140625,0.00534489191336096,115.6527,2363.81,54.48,2.38
2017-02-27,1257.4000244140625,3.977250104449936e-4,115.8143,2367.34,53.99,2.31
2017-02-28,1252.5999755859375,-0.0038247447646631,115.6764,2369.75,54.04,2.36
2017-03-01,1248.9000244140625,-0.00295818818311133,116.0032,2363.64,54,2.36
2017-03-02,1231.9000244140625,-0.0137054706313453,116.438,2395.96,53.82,2.46
2017-03-03,1225.5,-0.00520878881797859,116.8429,2381.92,52.63,2.49
2017-03-06,1224.5,-8.163265759453253e-4,116.6438,2383.12,53.33,2.49
2017-03-07,1215.0999755859375,-0.00770623956988103,116.4313,2375.31,53.19,2.49
2017-03-08,1208.5,-0.0054464366788034,116.4303,2368.39,52.68,2.52
2017-03-09,1202.4000244140625,-0.00506034140033051,116.875,2362.98,49.83,2.57
2017-03-10,1200.699951171875,-0.00141490037291802,116.9959,2364.87,48.75,2.6
2017-03-13,1202.4000244140625,0.00141490037291802,116.616,2372.6,48.05,2.58
2017-03-14,1201.9000244140625,-4.15921471574876e-4,116.4004,2373.47,47.95,2.62
2017-03-15,1200.0999755859375,-0.0014987919775935,116.5646,2365.45,47.24,2.6
2017-03-16,1226.5,0.02175971840450508,116.3584,2385.26,48.34,2.51
2017-03-17,1229.800048828125,0.00268700952494338,115.4456,2381.38,48.3,2.53
2017-03-20,1233.5999755859375,0.00308510979467069,115.2783,2378.25,48.34,2.5
2017-03-21,1246.0999755859375,0.01008195033828496,115.0426,2373.47,47.79,2.47
2017-03-22,1249.300048828125,0.00256477916572706,114.8119,2344.02,47.02,2.43
2017-03-23,1246.9000244140625,-0.00192294293982175,114.7937,2348.45,47.29,2.4
2017-03-24,1248.199951171875,0.0010419837987623,114.7899,2345.96,47,2.41
2017-03-27,1255.4000244140625,0.00575179194955843,114.63720000000001,2343.98,47.3,2.4
2017-03-28,1255.300048828125,-7.96396089333129e-5,114.2347,2341.59,47.02,2.38
2017-03-29,1253.4000244140625,-0.0015147484528919,114.419,2358.57,48.36,2.42
2017-03-30,1245,-0.0067243483700361,114.7167,2361.13,49.47,2.39
2017-03-31,1247.300048828125,0.00184572437991281,114.5245,2368.06,50.3,2.42
2017-04-03,1250.800048828125,0.00280213134248086,114.7938,2362.72,50.54,2.4
2017-04-04,1255,0.00335218694468242,114.8734,2358.84,50.25,2.35
2017-04-05,1245.4000244140625,-0.00767878952414236,115.0038,2360.16,50.99,2.36
2017-04-06,1250.300048828125,0.00392677851233891,114.9494,2352.95,51.14,2.34
2017-04-07,1254.300048828125,0.00319412540513308,115.0181,2357.49,51.69,2.34
2017-04-10,1251.0999755859375,-0.00255454214993733,115.0547,2355.54,52.25,2.38
2017-04-11,1271.199951171875,0.01593815300218093,115.11,2357.16,53.06,2.37
2017-04-12,1275.300048828125,0.00322018550895553,115.009,2353.78,53.38,2.32
2017-04-13,1285.9000244140625,0.00827739794195281,114.9162,2344.93,53.12,2.28
2017-04-17,1289.4000244140625,0.00271813154859046,114.5059,2328.95,53.19,2.24
2017-04-18,1291.699951171875,0.00178212962556933,114.3283,2349.01,52.62,2.26
2017-04-19,1281.4000244140625,-0.00800589317895728,114.2575,2342.19,52.46,2.18
2017-04-20,1281.9000244140625,3.901221057365234e-4,114.7923,2338.17,50.49,2.21
2017-04-21,1287.4000244140625,0.00428132821906235,114.6205,2355.84,50.26,2.24
2017-04-24,1275.800048828125,-0.00905122850195816,114.8128,2348.69,49.64,2.24
2017-04-25,1265.5999755859375,-0.00802717235752403,114.3659,2374.15,48.9,2.28
2017-04-26,1262.0999755859375,-0.00276931780229983,114.5111,2388.61,49.22,2.35
2017-04-27,1263.699951171875,0.001266906205033,114.9479,2387.45,49.22,2.32
2017-04-28,1266.0999755859375,0.00189740311770325,114.9946,2388.77,48.96,2.3
2017-05-01,1253.300048828125,-0.01016117866619925,114.7877,2384.2,49.31,2.29
2017-05-02,1255.0999755859375,0.00143511963739229,114.5921,2388.33,48.83,2.33
2017-05-03,1246.4000244140625,-0.00695581551036816,114.6792,2391.17,47.65,2.29
2017-05-04,1226.5,-0.01609483100560194,114.6637,2388.13,47.79,2.33
2017-05-05,1224.800048828125,-0.0013869794888679,114.9076,2389.52,45.55,2.36
2017-05-08,1225.300048828125,4.081465956584651e-4,114.7725,2399.29,46.23,2.36
2017-05-09,1214.300048828125,-0.009017932534638,115.0895,2399.38,46.46,2.39
2017-05-10,1217.300048828125,0.00246751225667818,115.3933,2396.92,45.84,2.42
2017-05-11,1222.699951171875,0.00442615668809587,115.1145,2399.63,47.28,2.41
2017-05-12,1226.199951171875,0.00285842829242977,115.0669,2394.44,47.81,2.39
2017-05-15,1228.5999755859375,0.00195537335047735,114.7479,2390.9,47.83,2.33
2017-05-16,1235,0.00519568020370009,114.3504,2402.32,48.86,2.34
2017-05-17,1257.5,0.0180546529118164,113.9923,2400.67,48.64,2.33
2017-05-18,1251.699951171875,-0.00462303464936475,113.7506,2357.03,49.04,2.22
2017-05-19,1252.699951171875,7.985945473087952e-4,114.2683,2365.72,49.36,2.23
2017-05-22,1260.699951171875,0.00636590063442188,113.7001,2381.73,50.32,2.23
2017-05-23,1254.800048828125,-0.00469084727666402,113.5442,2394.02,50.81,2.25
2017-05-24,1252.4000244140625,-0.00191450628352374,113.6862,2398.42,51.12,2.29
2017-05-25,1255.800048828125,0.00271112861602329,113.675,2404.39,50.99,2.26
2017-05-26,1267.5999755859375,0.00935247099460134,113.3719,2415.07,48.57,2.25
2017-05-30,1262.0999755859375,-0.00434834863611222,113.4839,2415.82,49.58,2.25
2017-05-31,1272,0.00781348397948278,113.5552,2412.91,49.63,2.21
2017-06-01,1267,-0.00393856357892907,113.2956,2411.8,48.29,2.21
2017-06-02,1276.800048828125,0.00770508461698415,113.3017,2430.06,48.32,2.21
2017-06-05,1279.300048828125,0.0019561055527113,113.1908,2439.07,47.68,2.15
2017-06-06,1294.4000244140625,0.01173419467468939,112.9755,2436.1,47.4,2.18
2017-06-07,1290.0999755859375,-0.00332757035859554,112.7095,2429.33,48.13,2.14
2017-06-08,1276.300048828125,-0.01075441056072268,112.8191,2433.14,45.8,2.18
2017-06-09,1268.5,-0.00613020520686902,112.8351,2433.79,45.68,2.19
2017-06-12,1266.0999755859375,-0.00189380979601505,112.9562,2431.77,45.82,2.21
2017-06-13,1265.800048828125,-2.3691832720373895e-4,112.9837,2429.39,46.1,2.21
2017-06-14,1272.800048828125,0.00551486447022231,112.6271,2440.35,46.41,2.21
2017-06-15,1252.199951171875,-0.01631727106900093,112.0734,2437.92,44.79,2.15
2017-06-16,1254,0.0014364768755275,112.8708,2432.46,44.47,2.16
2017-06-19,1244.199951171875,-0.00784572835654273,112.6155,2433.15,44.73,2.16
2017-06-20,1241,-0.00257520763171648,112.7576,2453.46,44.24,2.19
2017-06-21,1243.4000244140625,0.00193207626555214,113.2698,2437.03,43.34,2.16
2017-06-22,1247.5999755859375,0.00337210369466678,113.3327,2435.61,42.48,2.16
2017-06-23,1256.199951171875,0.00686956598574717,113.1654,2434.5,42.53,2.15
2017-06-26,1246.300048828125,-0.00791205113977433,112.8665,2438.3,42.86,2.15
2017-06-27,1246.4000244140625,8.021469334718034e-5,112.7633,2439.07,43.24,2.14
2017-06-28,1248,0.00128285422522722,112.55,2419.38,44.25,2.21
2017-06-29,1244.199951171875,-0.00304955609304968,112.07470000000001,2440.69,44.74,2.22
2017-06-30,1240.699951171875,-0.0028170167428021,111.998,2419.7,44.88,2.27
2017-07-03,1217.9000244140625,-0.01854761295442486,111.9896,2423.41,46.02,2.31
2017-07-05,1220.4000244140625,0.00205060970838566,112.4268,2429.01,46.02,2.35
2017-07-06,1222.199951171875,0.0014737796623212,112.6534,2432.54,45.11,2.33
2017-07-07,1208.5999755859375,-0.01118982878262908,112.4199,2409.75,45.52,2.37
2017-07-10,1212.0999755859375,0.00289172760733791,112.3137,2425.18,44.25,2.39
2017-07-11,1213.5999755859375,0.00123675658275157,112.1587,2427.43,44.4,2.38
2017-07-12,1218.0999755859375,0.00370111874590861,112.1434,2425.53,45.06,2.37
2017-07-13,1216.300048828125,-0.00147874389397895,111.5904,2443.25,45.48,2.33
2017-07-14,1226.5999755859375,0.00843259051883915,111.5365,2447.83,46.06,2.35
2017-07-17,1232.800048828125,0.00504195032537158,110.9075,2459.27,46.53,2.33
2017-07-18,1241.0999755859375,0.00671001885076094,110.9304,2459.14,46.02,2.31
2017-07-19,1241.199951171875,8.055077060920013e-5,110.4356,2460.61,46.4,2.27
2017-07-20,1244.800048828125,0.00289629941503033,110.4339,2473.83,47.1,2.27
2017-07-21,1254.300048828125,0.00760277330940883,110.2512,2473.45,46.73,2.27
2017-07-24,1253.9000244140625,-3.189732922193045e-4,110.191,2472.54,45.78,2.24
2017-07-25,1251.699951171875,-0.00175612534246472,110.2004,2469.91,46.21,2.26
2017-07-26,1249,-0.00215935719895199,110.2835,2477.13,47.77,2.33
2017-07-27,1259.5999755859375,0.00845095971889886,110.3811,2477.83,48.58,2.29
2017-07-28,1268.4000244140625,0.00696209206763587,110.216,2475.42,49.05,2.32
2017-07-31,1266.5999755859375,-0.00142015710505738,109.92,2472.1,49.72,2.3
2017-08-01,1272.5999755859375,0.00472590680724049,109.8177,2470.3,50.21,2.3
2017-08-02,1271.800048828125,-6.287743880610819e-4,109.8495,2476.35,49.19,2.26
2017-08-03,1267.800048828125,-0.00315010486210898,109.7503,2477.57,49.6,2.27
2017-08-04,1258.300048828125,-0.00752151096136799,109.8332,2472.16,49.03,2.24
2017-08-07,1258.199951171875,-7.955307474905027e-5,110.2808,2476.83,49.57,2.27
2017-08-08,1256.4000244140625,-0.00143158123175801,110.373,2480.91,49.37,2.26
2017-08-09,1273,0.01312581146115654,110.396,2474.92,49.07,2.29
2017-08-10,1283.699951171875,0.00837017549645136,110.3671,2474.02,49.59,2.24
2017-08-11,1287.699951171875,0.00311114830701253,110.1886,2438.21,48.54,2.2
2017-08-14,1284.199951171875,-0.00272172502313594,110.0422,2441.32,48.81,2.19
2017-08-15,1273.699951171875,-0.00820990607767768,110.095,2465.84,47.59,2.22
2017-08-16,1276.9000244140625,0.00250927229037056,110.4846,2464.61,47.57,2.27
2017-08-17,1286.4000244140625,0.00741235385286742,110.4394,2468.11,46.8,2.23
2017-08-18,1285.699951171875,-5.443592909450956e-4,110.1673,2430.01,47.07,2.19
2017-08-21,1290.800048828125,0.00395893989325646,110.041,2425.55,48.59,2.19
2017-08-22,1285.0999755859375,-0.00442570169030354,109.7349,2428.37,47.39,2.18
2017-08-23,1288.9000244140625,0.00295264303721243,109.8386,2452.51,47.65,2.22
2017-08-24,1286.5,-0.00186380763071625,109.8095,2444.04,48.45,2.17
2017-08-25,1292.5,0.00465297466078507,109.7524,2438.97,47.24,2.19
2017-08-28,1309.699951171875,0.01321973867085635,109.3415,2443.05,47.65,2.17
2017-08-29,1313.0999755859375,0.00259266921882783,109.1815,2444.24,46.4,2.16
2017-08-30,1308.0999755859375,-0.00381505124184577,109.0946,2446.3,46.46,2.13
2017-08-31,1316.199951171875,0.00617307589379478,109.4052,2457.59,45.96,2.15
2017-09-01,1324.5,0.0062862697879069104,109.3686,2471.65,47.26,2.12
2017-09-05,1339.199951171875,0.01103735456241938,109.0504,2476.55,47.32,2.16
2017-09-06,1333.9000244140625,-0.00396538382477729,108.8664,2457.85,48.63,2.07
2017-09-07,1345.0999755859375,0.00836134111439967,108.4897,2465.54,49.13,2.1
2017-09-08,1346,6.688896405071532e-4,107.9224,2465.1,49.1,2.05
2017-09-11,1331,-0.01120669180956124,107.808,2461.43,47.44,2.06
2017-09-12,1328,-0.00225648835873304,108.153,2488.11,48.06,2.14
2017-09-13,1323.4000244140625,-0.00346985001043531,108.3239,2496.48,48.21,2.17
2017-09-14,1324.699951171875,9.817808045111676e-4,108.6628,2498.37,49.3,2.2
2017-09-15,1320.4000244140625,-0.00325124236151808,108.618,2495.62,49.86,2.2
2017-09-18,1306.300048828125,-0.01073598859746827,108.3147,2500.23,49.9,2.2
2017-09-19,1306.199951171875,-7.662978472566806e-5,108.6401,2503.87,49.88,2.23
2017-09-20,1312,0.00443056941729125,108.6142,2506.65,49.54,2.24
2017-09-21,1290.5999755859375,-0.01644548291912606,108.4329,2508.24,50.29,2.28
2017-09-22,1293.300048828125,0.00208992159096776,108.9267,2500.6,50.58,2.27
2017-09-25,1306.800048828125,0.01038430891568875,108.7542,2502.22,50.33,2.26
2017-09-26,1297,-0.00752753277512052,109.3302,2496.66,51.85,2.22
2017-09-27,1283.4000244140625,-0.01054107997707287,109.7769,2496.84,51.59,2.24
2017-09-28,1285.5,0.00163492236657347,110.0722,2507.04,52.14,2.31
2017-09-29,1281.5,-0.00311648090181915,110.2415,2510.06,51.62,2.31
2017-10-02,1272.699951171875,-0.00689067717190194,110.0867,2519.36,51.67,2.33
2017-10-03,1271.5,-9.432837700495966e-4,110.3686,2529.12,50.59,2.34
2017-10-04,1273.699951171875,0.00172870639788325,110.3281,2534.58,50.44,2.33
2017-10-05,1269.9000244140625,-0.00298783583988448,110.2425,2537.74,50,2.33
2017-10-06,1271.5999755859375,0.00133775441699146,110.5823,2552.07,50.79,2.35
2017-10-09,1281.800048828125,0.00798944732636552,110.7841,2549.33,49.34,2.37
2017-10-10,1290.5999755859375,0.00684182942137834,110.7841,2544.73,49.58,2.37
2017-10-11,1285.800048828125,-0.00372607690242343,110.3034,2550.64,50.93,2.35
2017-10-12,1293.300048828125,0.0058159984933912,110.3037,2555.24,51.3,2.35
2017-10-13,1301.5,0.00632031625874418,110.3152,2550.93,50.61,2.33
2017-10-16,1299.9000244140625,-0.00123008823915427,110.2669,2553.17,51.43,2.28
2017-10-17,1283,-0.01308627157982922,110.5432,2557.64,51.86,2.3
2017-10-18,1279.9000244140625,-0.00241911667891425,110.9141,2559.36,51.87,2.3
2017-10-19,1286.9000244140625,0.0054542755341167,110.7214,2561.26,52.05,2.34
2017-10-20,1277.4000244140625,-0.00740946323104196,110.4577,2562.1,51.29,2.33
2017-10-23,1277.699951171875,2.3476714183878755e-4,111.0375,2575.21,51.63,2.39
2017-10-24,1275,-0.00211536978910942,111.2134,2564.98,51.91,2.38
2017-10-25,1275.4000244140625,3.1369543092374386e-4,111.4027,2569.13,52.32,2.42
2017-10-26,1266.300048828125,-0.00716057300720596,111.3904,2557.15,51.97,2.44
2017-10-27,1268.5,0.00173579902309217,111.6418,2560.4,52.41,2.46
2017-10-30,1274.0999755859375,0.00440492778618839,112.1495,2581.07,53.92,2.42
2017-10-31,1267,-0.005588126504386,111.901,2572.83,54.11,2.37
2017-11-01,1274.0999755859375,0.005588126504386,111.8052,2575.26,54.36,2.38
2017-11-02,1274.9000244140625,6.277354683383862e-4,111.7942,2579.36,54.32,2.37
2017-11-03,1266.5,-0.00661057285213306,111.5474,2579.85,54.55,2.35
2017-11-06,1279.4000244140625,0.01013404665673789,111.9383,2587.84,55.63,2.34
2017-11-07,1273.699951171875,-0.00446522483841072,111.7197,2591.13,57.34,2.32
2017-11-08,1281.5999755859375,0.00618326600436347,111.9446,2590.64,57.19,2.32
2017-11-09,1285.5999755859375,0.00311623816847905,111.6935,2594.38,56.82,2.32
2017-11-10,1272.4000244140625,-0.01032061637049963,111.5626,2584.62,57.16,2.33
2017-11-13,1277.300048828125,0.003843613213939,111.5626,2582.3,56.75,2.4
2017-11-14,1281.5,0.00328275352778639,111.7833,2584.84,56.77,2.4
2017-11-15,1276.5,-0.00390930912258724,111.5097,2578.87,55.67,2.38
2017-11-16,1277.4000244140625,7.048235582587381e-4,111.4809,2564.62,55.28,2.33
2017-11-17,1295.800048828125,0.01430152145789698,111.2568,2585.64,55.14,2.37
2017-11-20,1274.5999755859375,-0.01649591797179361,111.0016,2578.85,56.21,2.35
2017-11-21,1281.0999755859375,0.00508668007937807,111.2599,2582.14,56.21,2.37
2017-11-22,1291.5999755859375,0.00816267617665644,110.9828,2599.03,56.84,2.36
2017-11-24,1286.699951171875,-0.00380097773932774,110.5632,2597.08,57.88,2.32
2017-11-27,1293.800048828125,0.00550289910736445,110.0253,2602.42,58.94,2.34
2017-11-28,1294.699951171875,6.95308000776329e-4,110.1136,2601.42,58.1,2.32
2017-11-29,1282.0999755859375,-0.00977963083433852,110.3018,2627.04,57.96,2.34
2017-11-30,1273.199951171875,-0.00696596145918348,110.3265,2626.07,57.25,2.37
2017-12-01,1278.800048828125,0.00438879831122918,110.4648,2647.58,57.4,2.42
2017-12-04,1274.300048828125,-0.00352512983261643,110.1413,2642.22,58.35,2.37
2017-12-05,1261.5999755859375,-0.01001630923867669,110.397,2639.44,57.48,2.37
2017-12-06,1262.800048828125,9.507790532286008e-4,110.4905,2629.57,57.66,2.36
2017-12-07,1249.800048828125,-0.01034793878665851,110.8711,2629.27,55.79,2.33
2017-12-08,1245.199951171875,-0.0036874572093577,111.0178,2636.98,56.5,2.37
2017-12-11,1243.699951171875,-0.00120535195505233,111.2273,2651.5,57.15,2.38
2017-12-12,1238.5,-0.0041897984699073,111.0827,2659.99,57.84,2.39
2017-12-13,1245.4000244140625,0.005555813112327,111.5214,2664.11,57.12,2.4
2017-12-14,1253.800048828125,0.00672219574223564,111.2759,2662.85,56.59,2.36
2017-12-15,1254.300048828125,3.987081752363508e-4,111.0893,2652.01,57,2.35
2017-12-18,1262.199951171875,0.00627850450598987,111.1286,2675.81,57.29,2.35
2017-12-19,1260.699951171875,-0.00118910795894322,110.9086,2690.16,57.17,2.39
2017-12-20,1266.0999755859375,0.00427420673706091,111.1255,2681.47,57.49,2.46
2017-12-21,1267.300048828125,9.474013739518838e-4,110.8361,2679.25,58.09,2.49
2017-12-22,1275.4000244140625,0.00637118240617695,110.8786,2684.57,58.34,2.48
2017-12-26,1284.0999755859375,0.00679819080119159,111.0997,2683.34,58.25,2.48
2017-12-27,1287,0.00225586377148534,110.9758,2680.5,59.55,2.47
2017-12-28,1294.0999755859375,0.00550152536582793,110.8553,2682.62,59.67,2.42
2017-12-29,1306.300048828125,0.00938329690951356,110.5154,2687.54,59.84,2.43
2018-01-02,1313.699951171875,0.0056487954355946,110.0783,2673.61,60.46,2.4
2018-01-03,1316.199951171875,0.00190121361715434,109.6445,2695.81,60.37,2.46
2018-01-04,1319.4000244140625,0.00242834636846556,109.6751,2713.06,61.61,2.44
2018-01-05,1320.300048828125,6.819141750700197e-4,109.4777,2723.99,61.98,2.46
2018-01-08,1318.5999755859375,-0.00128847130369269,109.3496,2743.15,61.49,2.47
2018-01-09,1311.699951171875,-0.00524658056803151,109.5681,2747.71,61.73,2.49
2018-01-10,1317.4000244140625,0.0043361471425678,109.9025,2751.29,62.92,2.55
2018-01-11,1320.5999755859375,0.00242604453477568,109.628,2748.23,63.6,2.55
2018-01-12,1333.4000244140625,0.00964592922021889,109.4888,2767.56,63.81,2.54
2018-01-16,1335.4000244140625,0.00149880121238688,108.901,2786.24,64.22,2.55
2018-01-17,1338,0.00194507098219531,108.3218,2776.42,63.82,2.54
2018-01-18,1326,-0.0090090699423655,108.1526,2802.56,63.92,2.57
2018-01-19,1331.9000244140625,0.00443962079142856,108.0655,2798.03,63.96,2.62
2018-01-22,1330.9000244140625,-7.510891007012077e-4,107.9455,2810.3,63.38,2.64
2018-01-23,1335.699951171875,0.00360003899031724,108.107,2832.97,63.66,2.66
2018-01-24,1355.9000244140625,0.0150099960472092,107.9979,2839.13,64.45,2.63
2018-01-25,1362.4000244140625,0.0047824097943101,107.0802,2837.54,65.69,2.65
2018-01-26,1351.5999755859375,-0.00795881049131974,106.5052,2839.25,65.62,2.63
2018-01-30,1335.4000244140625,-0.01205816707107398,106.6911,2872.87,66.27,2.66
2018-01-31,1339,0.00269217598519411,107.1064,2822.43,64.64,2.73
2018-02-01,1344.300048828125,0.00395040109137667,106.7696,2823.81,64.82,2.72
2018-02-02,1333.699951171875,-0.00791646976522653,106.4877,2821.98,65.92,2.78
2018-02-05,1333,-5.2495683861319e-4,107.1151,2762.13,65.5,2.84
2018-02-06,1326.0999755859375,-0.00518975590557957,107.33,2648.94,64.18,2.77
2018-02-07,1311.5999755859375,-0.01099453791659055,107.5204,2695.14,63.48,2.79
2018-02-08,1316.9000244140625,0.0040327608986761,107.7175,2681.66,61.91,2.84
2018-02-09,1313.0999755859375,-0.00288977298294668,108.3025,2581,61.3,2.85
2018-02-12,1324.199951171875,0.00841773134479861,108.2582,2619.55,59.2,2.83
2018-02-13,1328.0999755859375,0.00294086440643859,108.0332,2656,59.41,2.86
2018-02-14,1355.5,0.02042105891521473,107.7574,2662.94,59.33,2.83
2018-02-15,1352.0999755859375,-0.00251146863041107,107.4691,2698.63,60.7,2.91
2018-02-16,1353.199951171875,8.132005147931665e-4,106.9867,2731.2,61.48,2.9
2018-02-20,1328.800048828125,-0.01819580577798785,107.0359,2732.22,61.89,2.87
2018-02-21,1330,9.026261706850393e-4,107.6249,2716.26,61.91,2.88
2018-02-22,1330.5999755859375,4.5100774382689224e-4,107.8679,2701.33,61.73,2.94
2018-02-23,1328.199951171875,-0.00180534461564363,107.8668,2703.96,62.72,2.92
2018-02-26,1330.699951171875,0.0018804775121497,107.6804,2747.3,63.52,2.88
2018-02-27,1315.5,-0.01148826137578495,107.7347,2779.6,63.81,2.86
2018-02-28,1315.5,0,108.1731,2744.28,62.94,2.9
2018-03-01,1302.9000244140625,-0.0096242535332145,108.3903,2713.83,61.43,2.87
2018-03-02,1321.0999755859375,0.0138721364570733,108.5358,2677.67,60.98,2.81
2018-03-05,1318.0999755859375,-0.00227341720794882,108.5358,2691.25,61.19,2.86
2018-03-06,1333.5999755859375,0.01169074693344107,108.3614,2720.94,62.49,2.88
2018-03-07,1326,-0.00571514238389081,107.7969,2728.12,62.54,2.88
2018-03-08,1319.9000244140625,-0.00461089711399598,108.0911,2726.8,61.09,2.89
2018-03-09,1322.4000244140625,0.00189229133693746,108.2671,2738.97,60.13,2.86
2018-03-12,1319.4000244140625,-0.00227117967606638,107.923,2786.57,62.02,2.9
2018-03-13,1325.9000244140625,0.00491438624119044,107.9438,2783.02,61.35,2.87
2018-03-14,1324.4000244140625,-0.00113194742672728,107.7384,2765.31,60.69,2.84
2018-03-15,1316.800048828125,-0.00575495710344498,107.8623,2749.48,60.89,2.81
2018-03-16,1311.300048828125,-0.00418553922989772,108.2032,2747.33,61.16,2.82
2018-03-19,1316.800048828125,0.00418553922989772,108.4332,2752.01,62.29,2.85
2018-03-20,1311.0999755859375,-0.00433812711939829,108.3145,2712.92,62.01,2.85
2018-03-21,1320.699951171875,0.00729540119405758,108.4953,2716.94,63.37,2.89
2018-03-22,1326.5999755859375,0.0044573976096105,108.4953,2711.93,65.1,2.89
2018-03-23,1349.300048828125,0.01696671593651544,107.9935,2643.69,64.25,2.83
2018-03-26,1354.4000244140625,0.00377259422017939,107.7495,2588.26,65.8,2.82
2018-03-27,1341.300048828125,-0.00971924053303929,107.1819,2658.55,65.49,2.85
2018-03-28,1324.199951171875,-0.01283086269455946,107.3359,2612.62,65.21,2.78
2018-03-29,1322.800048828125,-0.00105772759672628,107.5733,2605,64.3,2.77
2018-04-02,1342.0999755859375,0.0144847941924775,107.665,2640.87,64.87,2.74
2018-04-03,1332.800048828125,-0.00695350416449258,107.7033,2581.88,63.05,2.73
2018-04-04,1335.800048828125,0.00224837079667938,107.5624,2614.45,63.41,2.79
2018-04-05,1324.300048828125,-0.00864634504119266,107.6361,2644.69,63.35,2.79
2018-04-06,1331.9000244140625,0.00572245773342405,107.7281,2662.84,63.53,2.83
2018-04-09,1336.300048828125,0.0032981247895707,107.7886,2604.47,62.03,2.77
2018-04-10,1342,0.00425640120482029,107.5316,2613.16,63.4,2.78
2018-04-11,1356.5,0.01074681456735859,107.3659,2656.87,65.48,2.8
2018-04-12,1338.4000244140625,-0.01343296418514139,107.1224,2642.19,66.81,2.79
2018-04-13,1344.800048828125,0.00477045048939839,107.2905,2663.99,67.07,2.83
2018-04-16,1347.5,0.00200568437990877,107.2368,2656.3,67.35,2.82
2018-04-17,1347.199951171875,-2.2269553924481045e-4,107.0595,2677.84,66.23,2.83
2018-04-18,1351.199951171875,0.00296472211282328,107.0344,2706.39,66.5,2.82
2018-04-19,1346.800048828125,-0.00326160581489265,107.1096,2708.64,68.44,2.87
2018-04-20,1336.699951171875,-0.00752759109326905,107.5197,2693.13,68.3,2.92
2018-04-23,1322.5,-0.01067996871611409,108.1787,2670.14,68.26,2.96
2018-04-24,1331.4000244140625,0.00670715377128416,108.9332,2670.29,67.61,2.98
2018-04-25,1321.199951171875,-0.00769066094451087,108.7906,2634.56,67.66,3
2018-04-26,1316.300048828125,-0.00371557003288458,109.3447,2639.4,68,3.03
2018-04-27,1320.300048828125,0.00303421294140981,109.3646,2666.94,68.18,3
2018-04-30,1316.199951171875,-0.00311026054353558,109.1735,2669.91,68.11,2.96
2018-05-01,1303.800048828125,-0.00946564498315449,109.3363,2648.05,68.56,2.95
2018-05-02,1302.5999755859375,-9.2086657132473e-4,109.7445,2654.8,67.28,2.97
2018-05-03,1310.699951171875,0.00619906000228986,110.1625,2635.67,67.91,2.97
2018-05-04,1312.699951171875,0.00152473924061968,110.1803,2629.73,68.45,2.94
2018-05-07,1312.199951171875,-3.8096691275768535e-4,110.25,2663.42,69.71,2.95
2018-05-08,1312,-1.5239019585600033e-4,110.5721,2672.63,70.74,2.95
2018-05-09,1311.300048828125,-5.336417302306273e-4,111.063,2671.92,68.83,2.97
2018-05-10,1320.800048828125,0.00721860180071232,110.8818,2697.79,71.16,3
2018-05-11,1319,-0.00136377685720123,110.405,2723.07,71.36,2.97
2018-05-14,1316.5,-0.00189717378095011,110.2847,2727.72,70.69,2.97
2018-05-15,1288.9000244140625,-0.021187539583849,110.408,2730.13,71.01,3
2018-05-16,1290.199951171875,0.0010080469002327,111.2292,2711.45,71.34,3.08
2018-05-17,1288.199951171875,-0.00155135004410755,111.3068,2722.46,71.43,3.09
2018-05-18,1290.199951171875,0.00155135004410755,111.3547,2720.13,71.47,3.11
2018-05-21,1290.199951171875,0,111.7171,2712.97,71.23,3.06
2018-05-22,1291.699951171875,0.00116193518377727,111.6394,2733.01,72.26,3.06
2018-05-23,1289.300048828125,-0.00185966914792423,111.1945,2724.44,72.09,3.06
2018-05-24,1303.699951171875,0.01110686492663326,111.6933,2733.29,71.85,3.01
2018-05-25,1303.300048828125,-3.067912135685802e-4,111.4885,2727.76,70.77,2.98
2018-05-29,1298.699951171875,-0.00353582048331624,111.5843,2721.33,67.92,2.93
2018-05-30,1301.5,0.00215371891627036,112.2127,2689.86,66.8,2.77
2018-05-31,1300.0999755859375,-0.00107627964510026,111.6731,2724.01,68.24,2.84
2018-06-01,1294.800048828125,-0.00408488502649095,111.9894,2705.27,66.98,2.83
2018-06-04,1293.0999755859375,-0.00131386334148153,111.8265,2734.62,65.81,2.89
2018-06-05,1297.5,0.00339691861849633,111.82470000000001,2746.87,64.76,2.94
2018-06-06,1297.0999755859375,-3.0835151545183237e-4,112.264,2748.8,65.51,2.92
2018-06-07,1298.699951171875,0.00123274199375789,111.7525,2772.35,64.75,2.97
2018-06-08,1298.0999755859375,-4.6208842693662433e-4,112.0725,2770.37,65.96,2.93
2018-06-11,1298.9000244140625,6.161331177771956e-4,112.1066,2779.03,65.77,2.93
2018-06-12,1295.0999755859375,-0.00292987783075115,112.1106,2782,66.1,2.96
2018-06-13,1296.9000244140625,0.00138892678819502,112.2138,2786.85,66.38,2.96
2018-06-14,1304,0.00545964331996451,112.2577,2775.63,66.63,2.98
2018-06-15,1274.5999755859375,-0.02280407876069823,112.8593,2782.49,66.91,2.94
2018-06-18,1276.199951171875,0.00125448944778661,113.3379,2779.66,65.01,2.93
2018-06-19,1275.5999755859375,-4.7023717706196e-4,113.4899,2773.75,65.91,2.92
2018-06-20,1271.199951171875,-0.00345533918516771,113.639,2762.59,65.09,2.89
2018-06-21,1267.199951171875,-0.00315159428359201,113.4784,2767.32,65.92,2.93
2018-06-22,1267.4000244140625,1.5787362465857768e-4,113.6109,2749.76,65.68,2.9
2018-06-25,1265.5999755859375,-0.00142127842963901,113.3047,2754.88,69.02,2.9
2018-06-26,1256.5999755859375,-0.00713665718270473,113.286,2717.07,69.91,2.87
2018-06-27,1252.800048828125,-0.00302855632844689,113.3016,2723.06,75.23,2.88
2018-06-28,1247.800048828125,-0.00399904540367668,113.8971,2699.63,77.41,2.83
2018-06-29,1251.300048828125,0.00280101008486965,113.8405,2716.31,73.45,2.84
2018-07-02,1239.800048828125,-0.00923293424123539,113.2586,2718.37,74.13,2.85
2018-07-03,1251.5999755859375,0.00947259763675401,114.1673,2726.71,73.89,2.87
2018-07-05,1257.300048828125,0.00454389014638945,113.3222,2713.22,74.19,2.83
2018-07-06,1254.300048828125,-0.00238891647562056,112.9759,2736.61,73.05,2.84
2018-07-09,1258.0999755859375,0.00302493999236919,112.6428,2759.82,73.78,2.82
2018-07-10,1253.800048828125,-0.00342364816760554,112.6425,2784.17,73.93,2.86
2018-07-11,1242.800048828125,-0.00881204097628263,112.5794,2793.84,74.11,2.87
2018-07-12,1245,0.00176859209111324,112.8582,2774.02,70.47,2.85
2018-07-13,1239.5999755859375,-0.00434680268032838,112.779,2798.29,70.28,2.85
2018-07-16,1238.0999755859375,-0.00121080051080824,113.0705,2801.31,71.03,2.83
2018-07-17,1225.699951171875,-0.01006585719748276,112.8437,2798.43,68.22,2.85
2018-07-18,1226.300048828125,4.894760752298666e-4,113.1504,2809.55,68.03,2.86
2018-07-19,1222.4000244140625,-0.00318538620092567,113.3348,2815.62,68.78,2.88
2018-07-20,1229.5,0.00579142327175485,113.9463,2804.49,69.42,2.84
2018-07-23,1224,-0.00448339858397606,113.3213,2801.83,70.31,2.89
2018-07-24,1223.9000244140625,-8.168273621933508e-5,113.4246,2806.98,67.9,2.96
2018-07-25,1231.4000244140625,0.00610925196732203,113.2045,2820.4,70.77,2.95
2018-07-26,1225.300048828125,-0.00496600149803949,112.9221,2846.07,71.13,2.94
2018-07-27,1222.5999755859375,-0.0022060331796796,112.9179,2837.44,71.59,2.98
2018-07-30,1221.300048828125,-0.00106381346816153,112.8125,2818.82,68.66,2.96
2018-07-31,1223.699951171875,0.00196311093208922,112.6044,2802.6,71.19,2.98
2018-08-01,1217.9000244140625,-0.00475093195048614,112.7299,2816.29,69.88,2.96
2018-08-02,1210.5999755859375,-0.00601199984842093,112.8899,2813.36,68.8,3
2018-08-03,1214.199951171875,0.00296929919142119,113.1679,2827.22,68.95,2.98
2018-08-06,1208.5999755859375,-0.00462273875492247,113.012,2840.35,68.49,2.95
2018-08-07,1209.5999755859375,8.270615145109517e-4,113.229,2850.4,69.01,2.94
2018-08-08,1212.5999755859375,0.00247708826229597,112.9759,2858.45,69.17,2.98
2018-08-09,1211.9000244140625,-5.773983842614072e-4,113.1411,2857.7,66.92,2.96
2018-08-10,1211.0999755859375,-6.603787513004278e-4,113.3806,2853.58,66.81,2.93
2018-08-13,1191.300048828125,-0.01648382857584263,114.3005,2833.28,67.61,2.87
2018-08-14,1193,0.00142595430533898,114.851,2821.93,67.25,2.88
2018-08-15,1177.5,-0.01307759620734305,114.658,2839.96,67.04,2.89
2018-08-16,1176.199951171875,-0.00110468537817265,115.1526,2818.37,65.07,2.86
2018-08-17,1176.5,2.550676550168163e-4,114.6416,2840.69,65.44,2.87
2018-08-20,1186.800048828125,0.00871672139192281,114.5339,2850.13,65.93,2.87
2018-08-21,1192.5999755859375,0.00487512665837375,114.3504,2857.05,66.5,2.82
2018-08-22,1196.300048828125,0.00309772377509709,113.8604,2862.96,67.32,2.85
2018-08-23,1187,-0.00780438538314243,113.663,2861.82,67.85,2.82
2018-08-24,1206.300048828125,0.01612874843926537,114.0932,2856.98,69.13,2.82
2018-08-27,1209,0.002235707565859,113.5985,2874.69,69.71,2.82
2018-08-28,1207.4000244140625,-0.00132426403210672,113.2721,2896.74,69.97,2.85
2018-08-29,1204.5,-0.00240476452775961,113.3444,2897.52,68.54,2.88
2018-08-30,1197.699951171875,-0.00566153286970916,113.6461,2914.04,69.68,2.89
2018-08-31,1200.300048828125,0.00216855602601562,114.0899,2901.13,70.25,2.86
2018-09-04,1192.699951171875,-0.00635196256576087,114.2755,2901.52,69.84,2.86
2018-09-05,1194.9000244140625,0.0018429166421238801,114.8584,2896.72,69.82,2.9
2018-09-06,1197.9000244140625,0.00250752383040797,114.7477,2888.6,68.69,2.9
2018-09-07,1193.5999755859375,-0.00359611412264815,114.6479,2878.05,67.81,2.88
2018-09-10,1193,-5.027868974396554e-4,114.5816,2871.68,67.73,2.94
2018-09-11,1195.4000244140625,0.00200973471557919,114.6802,2877.13,67.55,2.94
2018-09-12,1204.699951171875,0.00774965492795498,114.7051,2887.89,69.29,2.98
2018-09-13,1202,-0.00224369664629708,114.2192,2888.92,70.37,2.97
2018-09-14,1195,-0.00584065072954231,113.9268,2904.18,68.6,2.97
2018-09-17,1199.699951171875,0.00392529945499209,114.0657,2904.98,68.98,2.99
2018-09-18,1196.800048828125,-0.00242011580148915,113.9158,2888.8,68.86,2.99
2018-09-19,1202.199951171875,0.00450180197030469,113.7739,2904.31,69.87,3.05
2018-09-20,1206.199951171875,0.00332171054651464,113.6532,2907.95,71.08,3.08
2018-09-21,1196.199951171875,-0.00832505674484274,113.4989,2930.75,70.77,3.07
2018-09-24,1199.300048828125,0.00258826916043819,113.5099,2929.67,70.8,3.07
2018-09-25,1200,5.834628245633411e-4,113.5301,2919.37,73.23,3.08
2018-09-26,1194,-0.00501254182354404,113.7202,2915.56,73.4,3.1
2018-09-27,1182.300048828125,-0.0098472797842124,113.6739,2905.97,72.22,3.06
2018-09-28,1191.5,0.00775128237046196,113.9784,2914,72.18,3.06
2018-10-01,1187.0999755859375,-0.00369968004544762,113.8077,2913.98,73.16,3.05
2018-10-02,1202.4000244140625,0.012806242249857821,113.8235,2924.59,75.37,3.09
2018-10-03,1198.300048828125,-0.00341565330690674,113.8954,2923.43,75.16,3.05
2018-10-04,1197.199951171875,-9.184702430271584e-4,114.1569,2925.51,76.4,3.15
2018-10-05,1201.199951171875,0.00333556026644643,114.6867,2901.61,74.44,3.19
2018-10-08,1184.4000244140625,-0.01408467861926254,114.561,2885.57,74.26,3.23
2018-10-09,1187.199951171875,0.00236121444384629,114.561,2884.43,74.27,3.23
2018-10-10,1189.300048828125,0.0017673875050832,114.6583,2880.34,74.95,3.21
2018-10-11,1223.5,0.02835066409333908,114.6072,2785.68,73.18,3.22
2018-10-12,1218.0999755859375,-0.00442335621955347,114.4074,2728.37,70.97,3.14
2018-10-15,1226.4000244140625,0.0067908208015277,114.3691,2767.13,71.41,3.15
2018-10-16,1227.300048828125,7.336059237568193e-4,114.045,2750.79,71.84,3.16
2018-10-17,1223.699951171875,-0.00293765829887426,113.8963,2809.92,71.93,3.16
2018-10-18,1226.5,0.00228556860896134,114.1755,2809.21,69.63,3.19
2018-10-19,1225.300048828125,-9.78832893209436e-4,114.8164,2768.78,68.63,3.17
2018-10-22,1221.199951171875,-0.00335180992833805,114.8567,2767.78,69.16,3.2
2018-10-23,1233.4000244140625,0.00994066147451189,115.1782,2755.88,69.25,3.2
2018-10-24,1227.800048828125,-0.00455061358931985,115.1651,2740.69,66.49,3.17
2018-10-25,1229.0999755859375,0.00105818459538031,115.3755,2656.1,66.56,3.1
2018-10-26,1232.5,0.00276245255927598,115.4831,2705.57,67.25,3.14
2018-10-29,1224.5,-0.00651202952462259,115.473,2658.69,67.58,3.08
2018-10-30,1222.5999755859375,-0.00155287876656728,115.8936,2641.25,67,3.08
2018-10-31,1212.300048828125,-0.00846029659585578,116.2357,2682.63,66.18,3.12
2018-11-01,1236,0.01936093698783647,116.5281,2711.74,65.31,3.15
2018-11-02,1230.9000244140625,-0.00413473006706777,115.8657,2740.37,63.67,3.14
2018-11-05,1229.800048828125,-8.940347270804949e-4,115.643,2723.06,63.12,3.22
2018-11-06,1223.800048828125,-0.00489078229627004,115.703,2738.31,63.12,3.2
2018-11-07,1226.199951171875,0.00195910458068304,115.5622,2755.45,62.16,3.22
2018-11-08,1222.9000244140625,-0.00269480934850552,115.2519,2813.89,61.69,3.22
2018-11-09,1206.4000244140625,-0.01358436866858259,115.6478,2806.83,60.71,3.24
2018-11-12,1201.300048828125,-0.00423639411741305,116.4778,2781.01,60.19,3.19
2018-11-13,1199.199951171875,-0.00174971730226136,116.4778,2726.22,59.85,3.19
2018-11-14,1207.9000244140625,0.00722870775208406,116.6694,2722.18,55.63,3.14
2018-11-15,1212.800048828125,0.00404844132554149,116.498,2701.58,56.16,3.12
2018-11-16,1220.800048828125,0.00657464537825447,116.3861,2730.2,56.45,3.11
2018-11-19,1223.0999755859375,0.00188217800549228,115.9258,2736.27,56.49,3.08
2018-11-20,1219,-0.00335774905123908,115.9859,2690.73,57.16,3.06
2018-11-21,1225.800048828125,0.00556288140403982,116.2367,2641.89,53.39,3.06
2018-11-23,1221,-0.00392353677460644,116.092,2649.93,54.41,3.06
2018-11-26,1220.199951171875,-6.554554094462262e-4,116.4713,2632.56,54.41,3.05
2018-11-27,1211.199951171875,-0.00740317633191622,116.6208,2673.45,51.46,3.07
2018-11-28,1221.4000244140625,0.00838619840828069,116.9001,2682.17,51.31,3.06
2018-11-29,1224.0999755859375,0.00220809835934332,116.8343,2743.79,50.06,3.06
2018-11-30,1220.199951171875,-0.00319112043570779,116.1961,2737.76,51.46,3.03
2018-12-03,1233.9000244140625,0.01116516498932451,116.413,2760.17,50.78,3.01
2018-12-04,1241.0999755859375,0.00581815877358238,115.9057,2790.37,52.98,2.98
2018-12-06,1238.0999755859375,-0.00242013675649399,116.0028,2700.06,53.21,2.91
2018-12-07,1246.800048828125,0.00700238134826669,116.3991,2695.95,51.54,2.87
2018-12-10,1243.699951171875,-0.00248953965661602,116.0847,2633.08,52.76,2.85
2018-12-11,1241.9000244140625,-0.00144828378669714,116.6746,2637.72,51.07,2.85
2018-12-12,1244.4000244140625,0.00201102103000039,116.7564,2636.78,51.65,2.89
2018-12-13,1242.699951171875,-0.00136711312264203,116.2214,2651.07,51.04,2.91
2018-12-14,1237,-0.00459729912749562,116.3974,2650.54,52.69,2.91
2018-12-17,1247.4000244140625,0.0083723112714944,116.79,2599.95,51.26,2.89
2018-12-18,1249.199951171875,0.00144190265742505,116.4532,2545.94,49.8,2.86
2018-12-19,1252.0999755859375,0.00231881485500196,116.4127,2546.16,46.12,2.82
2018-12-20,1263.5999755859375,0.00914264843048418,116.0676,2506.96,47.96,2.77
2018-12-21,1253.800048828125,-0.00778579182291583,116.0183,2467.42,45.64,2.79
2018-12-24,1267.5,0.01086747768136131,116.2227,2416.62,45.38,2.79
2018-12-26,1269.199951171875,0.00134028577212497,116.2182,2351.1,45.38,2.74
2018-12-27,1277.300048828125,0.00636177103887547,116.1162,2467.7,46.04,2.81
2018-12-28,1279.9000244140625,0.00203345566038315,115.9927,2488.83,44.48,2.77
2018-12-31,1278.300048828125,-0.00125086056504297,115.7232,2485.74,45.15,2.72
2019-01-02,1281,0.00210991452505471,115.5674,2506.85,45.15,2.69
2019-01-03,1291.800048828125,0.00839560950015538,115.7689,2510.03,46.31,2.66
2019-01-04,1282.699951171875,-0.00706943915776037,115.4622,2447.89,46.92,2.56
2019-01-07,1286.800048828125,0.0031913610711296,114.9821,2531.94,47.76,2.67
2019-01-08,1283.199951171875,-0.00280163424985246,114.5628,2549.69,48.27,2.7
2019-01-09,1289.300048828125,0.00474255322819505,114.7281,2574.41,49.58,2.73
2019-01-10,1284.699951171875,-0.00357428325845177,114.1406,2584.96,52.19,2.74
2019-01-11,1287.0999755859375,0.00186641665691045,114.0496,2596.64,52.42,2.74
2019-01-14,1289.0999755859375,0.00155267482315579,114.0404,2596.26,51.44,2.71
2019-01-15,1286.199951171875,-0.00225218477254252,114.0404,2582.61,50.31,2.71
2019-01-16,1291.5999755859375,0.00418964424426171,114.3402,2610.3,51.8,2.72
2019-01-17,1291,-4.646291352923271e-4,114.137,2616.1,52.08,2.73
2019-01-18,1281.300048828125,-0.00754188622284335,114.4115,2635.96,51.83,2.75
2019-01-22,1282.5,9.360724211253668e-4,114.558,2670.71,53.6,2.79
2019-01-23,1283.0999755859375,4.67707828643249e-4,114.7541,2632.9,52.59,2.74
2019-01-24,1279.0999755859375,-0.00312231935512752,114.5759,2638.7,52.44,2.76
2019-01-25,1297.4000244140625,0.01420559407819777,114.617,2642.33,52.94,2.72
2019-01-28,1302.4000244140625,0.00384645439707842,114.0197,2664.76,53.53,2.76
2019-01-29,1308.199951171875,0.00444337420873175,114.0522,2643.85,51.79,2.75
2019-01-30,1309.9000244140625,0.00129870783926655,114.026,2640,53.07,2.72
2019-01-31,1319.699951171875,0.00745358398165585,114.0731,2681.05,54.18,2.7
2019-02-01,1316.9000244140625,-0.00212389276815549,113.5504,2704.1,53.84,2.63
2019-02-04,1314.300048828125,-0.00197626661582273,113.7548,2706.53,55.29,2.7
2019-02-05,1314.199951171875,-7.616332988291674e-5,113.8766,2724.87,54.57,2.73
2019-02-06,1309.5,-0.00358269336174288,114.0431,2737.7,53.69,2.71
2019-02-07,1309.4000244140625,-7.634929554711789e-5,114.2305,2731.61,53.94,2.7
2019-02-08,1313.699951171875,0.00327851065484363,114.4339,2706.05,52.68,2.65
2019-02-11,1307,-0.00511311168284134,114.5003,2707.88,52.75,2.63
2019-02-12,1309.199951171875,0.00168179170664917,115.031,2709.8,52.43,2.65
2019-02-13,1310.800048828125,0.00122144874441776,114.7297,2744.73,53.14,2.68
2019-02-14,1309.800048828125,-7.631840122668265e-4,114.9407,2753.03,53.84,2.71
2019-02-15,1318.0999755859375,0.00631679613323576,115.1007,2745.73,54.4,2.66
2019-02-19,1340.0999755859375,0.01655293261183477,114.9923,2775.6,55.58,2.66
2019-02-20,1343.300048828125,0.0023850896102564,114.57,2779.76,56.12,2.65
2019-02-21,1323.5,-0.01484956675119253,114.57,2784.7,56.9,2.65
2019-02-22,1329.199951171875,0.00429747807831049,114.5091,2774.88,56.95,2.69
2019-02-25,1325.9000244140625,-0.00248572821159331,114.2716,2792.67,57.01,2.65
2019-02-26,1325.0999755859375,-6.035826876003014e-4,114.1457,2796.11,55.32,2.67
2019-02-27,1317.699951171875,-0.00560015435063743,114.0687,2793.9,55.4,2.64
2019-02-28,1312.800048828125,-0.00372545752587605,114.0363,2792.38,56.92,2.69
2019-03-01,1296.4000244140625,-0.01257108687016828,114.1991,2784.49,57.21,2.73
2019-03-04,1284.800048828125,-0.00898810890263845,114.537,2803.69,55.76,2.76
2019-03-05,1282,-0.00218174371633761,114.6925,2792.81,56.6,2.72
2019-03-06,1284.9000244140625,0.00225955480956852,114.804,2789.65,56.55,2.72
2019-03-07,1283.800048828125,-8.564453784476456e-4,114.9714,2771.45,56.22,2.69
2019-03-08,1297,0.01022943740470783,115.4919,2748.93,56.6,2.64
2019-03-11,1288.800048828125,-0.00634231456717682,115.3599,2743.07,55.77,2.62
2019-03-12,1296.300048828125,0.005802499524032,115.2967,2783.3,56.79,2.64
2019-03-13,1307.5,0.00860282666577916,114.939,2791.52,56.89,2.61
2019-03-14,1293.4000244140625,-0.01084248805070675,114.7372,2810.92,58.27,2.61
2019-03-15,1301.800048828125,0.00647353075807632,114.79,2808.48,58.59,2.63
2019-03-18,1300.300048828125,-0.00115291503774361,114.5815,2822.48,58.51,2.59
2019-03-19,1305,0.00360799614808993,114.4375,2832.94,59.09,2.6
2019-03-20,1300.5,-0.00345423486808815,114.2324,2832.57,59.12,2.61
2019-03-21,1306.0999755859375,0.00429677300243103,114.1509,2824.23,60.12,2.54
2019-03-22,1311.5999755859375,0.00420216846540189,114.1684,2854.88,59.98,2.54
2019-03-25,1321.9000244140625,0.00782236669773261,114.6856,2800.71,58.87,2.44
2019-03-26,1314.300048828125,-0.00576587241487924,114.4171,2798.36,58.71,2.43
2019-03-27,1309.9000244140625,-0.00335342459767762,114.6414,2818.46,59.87,2.41
2019-03-28,1289.800048828125,-0.01546361160830933,115.1243,2805.37,59.39,2.39
2019-03-29,1293,0.00247789433845202,115.2581,2815.44,59.29,2.39
2019-04-01,1288.4000244140625,-0.00356394236568124,115.1371,2834.4,60.19,2.41
2019-04-02,1290,0.00124106094954168,114.9362,2867.19,61.59,2.49
2019-04-03,1289.9000244140625,-7.750345753088084e-5,115.1173,2867.24,62.53,2.48
2019-04-04,1289,-6.979909589999167e-4,114.7211,2873.4,62.46,2.52
2019-04-05,1290.4000244140625,0.00108554279157502,114.9697,2879.39,62.12,2.51
2019-04-08,1297.0999755859375,0.00517871779382961,114.9726,2892.74,63.1,2.5
2019-04-09,1303.5,0.00492196984896509,114.6893,2895.77,64.37,2.52
2019-04-10,1309.0999755859375,0.00428690516299479,114.5321,2878.2,64.05,2.51
2019-04-11,1288.5999755859375,-0.01578352077820088,114.4269,2888.21,64.62,2.48
2019-04-12,1290.5999755859375,0.0015508688265573,114.6303,2888.32,63.61,2.51
2019-04-15,1286.800048828125,-0.00294865327464943,114.3531,2907.41,63.86,2.56
2019-04-16,1272.5999755859375,-0.01109652169596309,114.495,2905.58,63.43,2.55
2019-04-17,1272.199951171875,-3.1438575044795414e-4,114.6756,2907.06,64.01,2.6
2019-04-18,1271.9000244140625,-2.357822114547048e-4,114.5141,2900.45,63.74,2.59
2019-04-22,1273.5,0.00125715076711863,114.7073,2905.03,64.02,2.57
2019-04-23,1269.300048828125,-0.00330340955683539,114.7694,2907.97,65.66,2.59
2019-04-24,1275.5,0.00487265271919046,115.1578,2933.68,66.24,2.57
2019-04-25,1275.800048828125,2.352124985423032e-4,115.4187,2927.25,65.96,2.53
2019-04-26,1284.9000244140625,0.00710744220977499,115.7709,2926.17,65.23,2.54
2019-04-29,1278.5999755859375,-0.0049152030519286,115.4767,2939.88,63.29,2.51
2019-04-30,1282.800048828125,0.00327951664445258,115.5227,2943.03,63.39,2.54
2019-05-01,1281.4000244140625,-0.00109197762513968,115.3281,2945.83,63.83,2.51
2019-05-02,1269.699951171875,-0.00917263563824999,115.0022,2923.73,63.55,2.52
2019-05-03,1279.199951171875,0.00745423072959638,115.5617,2917.52,61.75,2.55
2019-05-06,1281.699951171875,0.00195243929048682,115.2646,2945.64,61.98,2.54
2019-05-07,1283.5,0.00140343767179373,115.3811,2932.47,62.3,2.51
2019-05-08,1279.4000244140625,-0.00319948421272719,115.6116,2884.05,61.41,2.45
2019-05-09,1283.5,0.00319948421272719,115.5171,2879.42,62.13,2.49
2019-05-10,1285.699951171875,0.00171255780115497,115.8421,2870.72,61.58,2.45
2019-05-13,1300.0999755859375,0.01113788667716964,115.5334,2881.4,61.65,2.47
2019-05-14,1294.699951171875,-0.00416219543877183,115.915,2811.87,60.97,2.4
2019-05-15,1296.300048828125,0.00123511992255131,115.9425,2834.41,61.82,2.42
2019-05-16,1285,-0.00875537194397857,115.8565,2850.96,62.03,2.37
2019-05-17,1274.5,-0.00820477351315052,116.0346,2876.32,62.93,2.4
2019-05-20,1276.0999755859375,0.00125458779198162,116.448,2859.53,62.77,2.39
2019-05-21,1272,-0.00321806770808397,116.3119,2840.23,63.12,2.41
2019-05-22,1273.5999755859375,0.00125705202071735,116.2844,2864.36,63.02,2.43
2019-05-23,1284.800048828125,0.00875558527616782,116.2412,2856.27,61.42,2.39
2019-05-24,1283,-0.00140201658131644,116.2368,2822.24,57.65,2.31
2019-05-28,1276.5,-0.00507912793409826,116.0806,2826.06,58.4,2.32
2019-05-29,1280.5999755859375,0.0032067413386132,116.3174,2802.39,58.91,2.26
2019-05-30,1287.0999755859375,0.00506290766690842,116.5535,2783.02,58.84,2.25
2019-05-31,1305.800048828125,0.01442431045873693,116.3989,2788.86,56.47,2.22
2019-06-03,1322.699951171875,0.01285914797070919,116.7273,2752.06,53.49,2.14
2019-06-04,1323.4000244140625,5.291359094377057e-4,116.4764,2744.45,53.25,2.07
2019-06-05,1328.300048828125,0.00369576487237566,116.091,2803.27,53.5,2.12
2019-06-06,1337.5999755859375,0.00697697917997786,116.03,2826.15,51.57,2.12
2019-06-07,1341.199951171875,0.00268775410747945,115.9771,2843.49,52.59,2.12
2019-06-10,1324.699951171875,-0.01237871735532181,115.7368,2873.34,53.95,2.09
2019-06-11,1326.4000244140625,0.00128254195683474,115.5001,2886.73,53.33,2.15
2019-06-12,1331.9000244140625,0.00413798874994686,115.3794,2885.72,53.3,2.15
2019-06-13,1339.199951171875,0.00546587173730728,115.438,2879.84,51.13,2.13
2019-06-14,1340.0999755859375,6.718355335486592e-4,115.6275,2891.64,52.38,2.1
2019-06-17,1338.699951171875,-0.00104526249052572,115.9057,2886.98,52.47,2.09
2019-06-18,1346.5999755859375,0.00588392166346185,115.9684,2889.67,51.94,2.09
2019-06-19,1344.5999755859375,-0.00148632610321186,115.8797,2917.75,53.86,2.06
2019-06-20,1392.9000244140625,0.03529136934367472,115.7889,2926.46,53.74,2.03
2019-06-21,1396.199951171875,0.00236630334265264,114.8046,2954.18,56.88,2.01
2019-06-24,1414.300048828125,0.01288051798689782,114.8377,2950.46,57.35,2.07
2019-06-25,1414.9000244140625,4.241309058388154e-4,114.6559,2945.35,57.73,2.02
2019-06-26,1411.5999755859375,-0.00233507895107809,114.6363,2917.38,57.63,2
2019-06-27,1408.4000244140625,-0.00226946989029652,114.5608,2913.78,59.17,2.05
2019-06-28,1409.699951171875,9.225555241272332e-4,114.665,2924.92,59.18,2.01
2019-07-01,1385.5999755859375,-0.01724363995131117,114.5821,2941.76,58.2,2
2019-07-02,1404.5999755859375,0.01361930615509265,114.7239,2964.33,58.91,2.03
2019-07-03,1417.699951171875,0.00928325833838084,114.8258,2973.01,56,1.98
2019-07-05,1396.699951171875,-0.01492352932970764,114.8135,2995.82,57.06,1.96
2019-07-08,1397,2.148039048739392e-4,115.1132,2990.41,57.06,2.04
2019-07-09,1397.5,3.5784577229236447e-4,115.0254,2975.95,57.35,2.05
2019-07-10,1410.0999755859375,0.00897568050022012,115.1017,2979.63,57.57,2.07
2019-07-11,1404.300048828125,-0.00412161378490338,115.0879,2993.07,60.28,2.07
2019-07-12,1409.9000244140625,0.00397980444291068,114.8361,2999.91,59.93,2.13
2019-07-15,1411.4000244140625,0.00106333967701122,114.7685,3013.77,59.99,2.12
2019-07-16,1409.199951171875,-0.00156000404694633,114.6819,3014.3,59.3,2.09
2019-07-17,1421.300048828125,0.00854984728197116,115.0111,3004.04,57.44,2.13
2019-07-18,1426.0999755859375,0.00337144852374304,114.8819,2984.42,56.5,2.06
2019-07-19,1425.0999755859375,-7.014590755680672e-4,114.8744,2995.11,55.08,2.04
2019-07-22,1425.300048828125,1.4038257143056398e-4,114.8695,2976.61,55.42,2.05
2019-07-23,1420.0999755859375,-0.0036550776599471,115.0018,2985.03,55.87,2.05
2019-07-24,1422.800048828125,0.00189952093345713,115.2995,3005.47,56.58,2.08
2019-07-25,1413.9000244140625,-0.00627493452766092,115.2436,3019.56,55.9,2.05
2019-07-26,1418.5,0.00324811438393357,115.2982,3003.67,55.88,2.08
2019-07-29,1419.5999755859375,7.751493255891972e-4,115.5449,3025.86,56.04,2.08
2019-07-30,1429.699951171875,0.00708947330791609,115.5885,3020.97,56.85,2.06
2019-07-31,1426.0999755859375,-0.00252116925915046,115.6211,3013.18,58.04,2.06
2019-08-01,1420.9000244140625,-0.00365293779711972,115.4946,2980.38,58.53,2.02
2019-08-02,1445.5999755859375,0.0172339525633447,116.0499,2953.56,53.64,1.9
2019-08-05,1464.5999755859375,0.01305770756804314,116.1864,2932.05,55.67,1.86
2019-08-06,1472.4000244140625,0.00531158812847198,116.5851,2844.74,54.63,1.75
2019-08-07,1507.300048828125,0.02342626412491277,116.6904,2881.77,53.6,1.73
2019-08-08,1497.699951171875,-0.00638943781463741,116.7987,2883.98,51.14,1.71
2019-08-09,1496.5999755859375,-7.347130630357412e-4,116.474,2938.09,52.6,1.72
2019-08-12,1505.300048828125,0.0057963939706882,116.4419,2918.65,54.41,1.74
2019-08-13,1502.199951171875,-0.00206157855642796,116.7548,2883.75,54.98,1.65
2019-08-14,1515.9000244140625,0.00907867032379705,116.7267,2926.32,57.05,1.68
2019-08-15,1519.5999755859375,0.00243778817606177,117.0913,2840.6,55.16,1.59
2019-08-16,1512.5,-0.0046832153423626,117.2239,2847.6,54.51,1.52
2019-08-19,1500.4000244140625,-0.00803215542556223,117.0786,2888.68,54.83,1.55
2019-08-20,1504.5999755859375,0.0027953104204057,117.3886,2923.65,56.24,1.6
2019-08-21,1504.5999755859375,0,117.3726,2900.51,56.18,1.55
2019-08-22,1497.300048828125,-0.00486354714538528,117.1764,2924.43,55.65,1.59
2019-08-23,1526.5999755859375,0.01937950561747214,117.3558,2922.95,55.33,1.62
2019-08-26,1526.300048828125,-1.9648645968040057e-4,117.3009,2847.11,54.08,1.52
2019-08-27,1541,0.00958501840786851,117.6658,2878.38,53.54,1.54
2019-08-28,1537.800048828125,-0.00207870097010065,117.75,2869.16,54.99,1.49
2019-08-29,1526.5,-0.00737532217508185,117.8767,2887.94,55.76,1.47
2019-08-30,1519.0999755859375,-0.00485949503271498,118.0625,2924.58,56.67,1.5
2019-09-03,1545.9000244140625,0.01748824265285264,118.1575,2926.46,55.07,1.5
2019-09-04,1550.300048828125,0.00284221127316541,118.3113,2906.27,53.91,1.47
2019-09-05,1515.4000244140625,-0.02276904546032376,117.6729,2937.78,56.22,1.47
2019-09-06,1506.199951171875,-0.00608955635874952,117.4776,2976,56.33,1.57
2019-09-09,1502.199951171875,-0.00265922250166195,117.1292,2978.71,56.45,1.55
2019-09-10,1490.300048828125,-0.00795319302879704,117.0601,2978.43,57.88,1.63
2019-09-11,1494.4000244140625,0.00274733009290795,117.0887,2979.39,57.37,1.72
2019-09-12,1498.699951171875,0.00287322825901892,117.3125,3000.93,55.66,1.75
2019-09-13,1490.9000244140625,-0.00521805226089178,116.8375,3009.57,55.13,1.79
2019-09-16,1503.0999755859375,0.00814964508696736,116.7677,3007.39,54.76,1.9
2019-09-17,1505.0999755859375,0.00132969904071966,117.0251,2997.96,63.1,1.84
2019-09-18,1507.5,0.00159332466391504,116.9826,3005.7,59.26,1.81
2019-09-19,1498.4000244140625,-0.00605476117804126,116.9766,3006.73,58.19,1.8
2019-09-20,1507.300048828125,0.00592211478761406,117.0861,3006.79,58.19,1.79
2019-09-23,1523.699951171875,0.01082155221863434,117.1819,2992.07,57.92,1.74
2019-09-24,1532.0999755859375,0.00549777195712763,117.2986,2991.78,58.69,1.72
2019-09-25,1504.5999755859375,-0.0181122614868352,117.2227,2966.6,57.22,1.64
2019-09-26,1507.5,0.00192558370150042,117.6527,2984.87,56.38,1.73
2019-09-27,1499.0999755859375,-0.00558773786888533,117.7267,2977.62,56.24,1.7
2019-09-30,1465.699951171875,-0.02253200101306163,117.7218,2961.79,55.95,1.69
2019-10-01,1482,0.01105961613663808,117.9461,2976.74,54.09,1.68
2019-10-02,1501,0.0127390257774298,117.9595,2940.25,53.6,1.65
2019-10-03,1507.0999755859375,0.00405570559280388,117.9671,2887.61,52.67,1.6
2019-10-04,1506.199951171875,-5.973679771029694e-4,117.6608,2910.63,52.41,1.54
2019-10-07,1497.699951171875,-0.00565932485288644,117.5288,2952.01,52.84,1.52
2019-10-08,1497.199951171875,-3.33900978963797e-4,117.5533,2938.79,52.76,1.56
2019-10-09,1506.0999755859375,0.00592684759036998,117.7407,2893.06,52.64,1.54
2019-10-10,1494.800048828125,-0.00753106073103104,117.6835,2919.4,52.63,1.59
2019-10-11,1482.699951171875,-0.00812773418456913,117.2801,2938.13,53.57,1.67
2019-10-14,1491.699951171875,0.00605165933459517,116.8239,2970.27,54.76,1.76
2019-10-15,1477.5999755859375,-0.00949724306442956,116.8239,2966.15,53.57,1.76
2019-10-16,1488,0.00701380303078913,116.8111,2995.68,52.81,1.77
2019-10-17,1492.300048828125,0.00288565026443077,116.6425,2989.69,53.42,1.75
2019-10-18,1488.199951171875,-0.00275128350449715,116.2615,2997.95,53.89,1.76
2019-10-21,1482.4000244140625,-0.00390489071253963,116.1344,2986.2,53.75,1.76
2019-10-22,1481.699951171875,-4.7236817986640034e-4,116.0436,3006.72,53.28,1.8
2019-10-23,1489.9000244140625,0.00551897571910586,115.9851,2995.99,54.21,1.78
2019-10-24,1498.9000244140625,0.00602250204486587,116.0586,3004.52,55.9,1.77
2019-10-25,1499.5,4.001971645273272e-4,116.1278,3010.29,56.11,1.77
2019-10-28,1490,-0.00635559924955853,116.0774,3022.55,56.52,1.8
2019-10-29,1487,-0.00201545247935008,116.0222,3039.42,55.6,1.85
2019-10-30,1493.199951171875,0.00416076787994867,115.9797,3036.89,55.34,1.84
2019-10-31,1511.4000244140625,0.01211495439979248,116.1636,3046.77,54.85,1.78
2019-11-01,1508,-0.00225212017199449,115.9125,3037.56,54.02,1.69
2019-11-04,1508,0,115.7312,3066.91,56.04,1.73
2019-11-05,1480.800048828125,-0.01820175433446191,115.8624,3078.27,56.33,1.79
2019-11-06,1490.199951171875,0.00632779112003145,116.1138,3074.62,57.04,1.86
2019-11-07,1464.199951171875,-0.01760132148891813,116.1004,3076.78,56.15,1.81
2019-11-08,1461.300048828125,-0.00198250096977847,116.1172,3085.18,56.91,1.92
2019-11-11,1455.5,-0.00397699970909659,116.3436,3093.08,57.02,1.94
2019-11-12,1452.0999755859375,-0.00233871646192085,116.3436,3087.01,57.02,1.94
2019-11-13,1461.699951171875,0.00658934076646478,116.5837,3091.84,56.67,1.92
2019-11-14,1471.800048828125,0.00688606617806453,116.8397,3094.04,56.88,1.88
2019-11-15,1467.300048828125,-0.00306216417733207,116.8022,3096.63,56.57,1.82
2019-11-18,1470.9000244140625,0.00245046443238639,116.4401,3120.46,57.54,1.84
2019-11-19,1473.300048828125,0.00163034093197822,116.3625,3122.03,56.82,1.81
2019-11-20,1473.300048828125,0,116.5391,3120.18,54.93,1.79
2019-11-21,1463.0999755859375,-0.00694736015773322,116.828,3108.46,56.71,1.73
2019-11-22,1463.0999755859375,0,116.7435,3103.54,58.36,1.77
2019-11-25,1456.5999755859375,-0.00445251967476423,116.9137,3110.29,57.68,1.77
2019-11-26,1459.800048828125,0.00219453744321285,117.0098,3133.64,57.79,1.76
2019-11-27,1453.4000244140625,-0.00439381748560308,117.0513,3140.52,58.25,1.74
2019-11-29,1465.5999755859375,0.0083590422813673,117.1273,3153.63,58.12,1.77
2019-12-02,1462.300048828125,-0.0022541262526472,117.1204,3140.98,58.12,1.78
2019-12-03,1478.199951171875,0.01081452630948387,116.9647,3113.87,55.97,1.83
2019-12-04,1474,-0.0028453045693535,116.8898,3093.2,56.15,1.72
2019-12-05,1476.9000244140625,0.00196551921359589,116.692,3112.76,58.46,1.77
2019-12-06,1459.0999755859375,-0.01212552242517617,116.3838,3117.43,58.42,1.8
2019-12-09,1459.300048828125,1.3711159596141442e-4,116.5381,3145.91,59.2,1.84
2019-12-10,1462.5999755859375,0.00225875501095274,116.3283,3135.96,58.99,1.83
2019-12-11,1469.4000244140625,0.00463851365654832,116.2542,3132.52,59.22,1.85
2019-12-12,1466.699951171875,-0.00183922483960152,116.1478,3141.63,58.74,1.79
2019-12-13,1475.5999755859375,0.00604972421578153,115.8741,3168.57,59.18,1.9
2019-12-16,1475,-4.066804034241755e-4,115.6967,3168.8,60.11,1.82
2019-12-17,1474.5999755859375,-2.7123977476684047e-4,115.555,3191.45,60.21,1.89
2019-12-18,1472.5999755859375,-0.00135722064341958,115.5553,3192.52,60.88,1.89
2019-12-19,1478.199951171875,0.00379556896290189,115.6618,3191.14,60.93,1.92
2019-12-20,1474.699951171875,-0.00237055217228832,115.5988,3205.37,61.3,1.92
2019-12-23,1482.5,0.00527530572553391,115.7598,3221.22,60.43,1.92
2019-12-24,1499.0999755859375,0.01113505986057461,115.8059,3224.01,60.51,1.93
2019-12-26,1509.300048828125,0.00678108778443053,115.8059,3223.38,61.17,1.9
2019-12-27,1513.800048828125,0.00297707861351437,115.634,3239.91,61.72,1.9
2019-12-30,1514.5,4.622733368915277e-4,115.22,3240.02,61.76,1.88
2019-12-31,1519.5,0.00329598188955593,114.9631,3221.29,61.66,1.9
2020-01-02,1524.5,0.00328515407146134,114.669,3230.78,61.14,1.92
2020-01-03,1549.199951171875,0.01607214969400416,114.9745,3257.85,61.17,1.88
2020-01-06,1566.199951171875,0.01091363501834852,114.9867,3234.85,63,1.8
2020-01-07,1571.800048828125,0.00356921835651302,114.9557,3246.28,63.27,1.81
2020-01-08,1557.4000244140625,-0.00920371067812197,115.1477,3237.18,62.7,1.83
2020-01-09,1551.699951171875,-0.00366670719711859,115.1328,3253.05,59.65,1.87
2020-01-10,1557.5,0.00373089903967382,115.2331,3274.7,59.56,1.85
2020-01-13,1548.4000244140625,-0.00585981619083142,115.0677,3265.35,59.02,1.83
2020-01-14,1542.4000244140625,-0.00388249478587621,115.0342,3288.13,58.17,1.85
2020-01-15,1552.0999755859375,0.00626917624254108,115.0239,3283.15,58.34,1.82
2020-01-16,1549,-0.0019992755105731,114.9528,3289.29,57.86,1.79
2020-01-17,1558.800048828125,0.00630676437186039,115.0006,3316.81,58.52,1.81
2020-01-21,1556.4000244140625,-0.00154084799209108,115.0656,3329.62,58.55,1.84
2020-01-22,1555.300048828125,-7.069933514571858e-4,115.1876,3320.79,58.25,1.78
2020-01-23,1564.5999755859375,0.00596170020177133,115.2273,3321.75,56.76,1.77
2020-01-24,1571.0999755859375,0.00414581076712838,115.5545,3325.54,55.51,1.74
2020-01-27,1576.800048828125,0.0036215123910237,115.5556,3295.47,54.09,1.7
2020-01-28,1569.199951171875,-0.00483160358627898,115.8004,3243.63,53.09,1.61
2020-01-29,1569.800048828125,3.823495785670872e-4,115.7239,3276.24,53.33,1.65
2020-01-30,1583.5,0.00868933318130249,115.7003,3273.4,53.29,1.6
2020-01-31,1582.9000244140625,-3.789638633726611e-4,115.8077,3283.66,52.19,1.57
2020-02-03,1577.199951171875,-0.00360753107059075,115.7345,3225.52,51.58,1.51
2020-02-04,1550.4000244140625,-0.01713811416128496,116.1172,3248.92,50.06,1.54
2020-02-05,1557.800048828125,0.00476162294668469,115.9291,3297.59,49.59,1.61
2020-02-06,1565.0999755859375,0.00467510326728248,116.009,3334.69,50.87,1.66
2020-02-07,1568.5999755859375,0.0022337821169156,116.1518,3345.78,50.94,1.65
2020-02-10,1574.699951171875,0.0038812607041434,116.5086,3327.71,50.34,1.59
2020-02-11,1565.5999755859375,-0.00579562543066725,116.5711,3352.09,49.59,1.56
2020-02-12,1567.4000244140625,0.0011490897071118,116.3585,3357.75,50,1.59
2020-02-13,1575.0999755859375,0.00490053561276493,116.2794,3379.45,51.13,1.62
2020-02-14,1582.699951171875,0.00481347168039913,116.3999,3373.94,51.41,1.61
2020-02-18,1600,0.01087141073979136,116.4223,3380.16,52.03,1.59
2020-02-19,1607.5,0.0046765478839017,116.6039,3370.29,52.1,1.55
2020-02-20,1616.5999755859375,0.00564498608586472,116.7829,3386.15,53.31,1.56
2020-02-21,1644.5999755859375,0.0171720154941708,117.2454,3373.23,53.77,1.52
2020-02-24,1672.4000244140625,0.0167625563888194,117.0473,3337.75,53.36,1.46
2020-02-25,1646.9000244140625,-0.01536498737621361,117.4018,3225.89,51.36,1.38
2020-02-26,1640,-0.00419850588617176,117.2425,3128.21,49.78,1.33
2020-02-27,1640,0,117.405,3116.39,48.67,1.33
2020-02-28,1564.0999755859375,-0.04738567874706412,117.3678,2978.76,47.17,1.3
2020-03-02,1592.300048828125,0.01786897945635424,117.6568,2954.22,44.83,1.13
2020-03-03,1642.0999755859375,0.03079635310267203,116.8144,3090.23,46.78,1.1
2020-03-04,1641.0999755859375,-6.09161821269133e-4,116.4958,3003.37,47.27,1.02
2020-03-05,1666.4000244140625,0.01529889178860699,116.7802,3130.12,46.78,1.02
2020-03-06,1670.800048828125,0.00263695724987478,116.7901,3023.94,45.9,0.92
2020-03-09,1674.5,0.0022120303868407,116.7106,2972.37,41.14,0.74
2020-03-10,1659.0999755859375,-0.00923934130019432,117.1871,2746.56,31.05,0.54
2020-03-11,1641.4000244140625,-0.01072572086452794,117.9027,2882.23,34.47,0.76
2020-03-12,1589.300048828125,-0.03225585264372555,118.2505,2741.38,33.13,0.82
2020-03-13,1515.699951171875,-0.04741635220310147,120.4883,2480.64,31.56,0.88
2020-03-16,1485.9000244140625,-0.01985668052992029,120.4388,2711.02,31.72,0.94
2020-03-17,1524.9000244140625,0.02590818443844789,120.9352,2386.13,28.96,0.73
2020-03-18,1477.300048828125,-0.03171271975140133,122.4816,2529.19,26.96,1.02
2020-03-19,1478.5999755859375,8.795472315563657e-4,124.1623,2398.1,20.48,1.18
2020-03-20,1484,0.00364546711593316,125.0587,2409.39,25.09,1.12
2020-03-23,1567,0.05442181862869511,124.9362,2304.92,19.48,0.92
2020-03-24,1660.199951171875,0.05777508425392419,126.1262,2237.4,23.33,0.76
2020-03-25,1632.300048828125,-0.01694795453626074,125.5001,2447.33,21.03,0.84
2020-03-26,1650.0999755859375,0.01084578424956994,124.7916,2475.56,20.75,0.88
2020-03-27,1623.9000244140625,-0.01600519881799744,122.4308,2630.07,16.6,0.83
2020-03-30,1622,-0.00117072282989827,122.4007,2541.47,15.48,0.72
2020-03-31,1583.4000244140625,-0.02408550651926688,123.2883,2626.65,14.1,0.7
2020-04-01,1578.199951171875,-0.00328952300828078,122.5301,2584.59,20.51,0.7
2020-04-02,1625.699951171875,0.02965353605722853,123.7933,2470.5,20.28,0.62
2020-04-03,1633.699951171875,0.00490888893936247,123.5916,2526.9,25.18,0.63
2020-04-06,1677,0.02615913167880723,124.4152,2488.65,28.36,0.62
2020-04-07,1664.800048828125,-0.0073014574140604,124.16,2663.68,26.21,0.67
2020-04-08,1665.4000244140625,3.6032405214925234e-4,123.0956,2659.41,23.54,0.75
2020-04-09,1736.199951171875,0.04163343937284924,123.2216,2749.98,24.97,0.77
2020-04-13,1744.800048828125,0.00494117503821289,122.476,2789.82,22.9,0.73
2020-04-14,1756.699951171875,0.00679705735160762,122.5203,2761.63,22.36,0.76
2020-04-15,1727.199951171875,-0.01693544929347545,122.1121,2846.06,20.15,0.76
2020-04-16,1720.4000244140625,-0.00394473582998866,123.0752,2783.36,19.96,0.63
2020-04-17,1689.199951171875,-0.0183018209467809,123.4615,2799.55,19.82,0.61
2020-04-20,1701.5999755859375,0.00731395538459533,122.871,2874.56,18.31,0.65
2020-04-21,1678.199951171875,-0.01384720919788318,123.1033,2823.16,-36.98,0.63
2020-04-22,1728.699951171875,0.02964789134273093,123.9116,2736.56,8.91,0.58
2020-04-23,1733.300048828125,0.00265748143471267,123.9256,2799.31,13.64,0.63
2020-04-24,1723.5,-0.00567002716095821,123.7542,2797.8,15.06,0.61
2020-04-27,1711.9000244140625,-0.00675322791480415,124.1615,2836.74,15.99,0.6
2020-04-28,1710.5,-8.181536244569187e-4,123.8843,2878.48,12.17,0.67
2020-04-29,1703.4000244140625,-0.0041594573781305,123.3693,2863.39,12.4,0.62
2020-04-30,1684.199951171875,-0.0113356234355173,122.7782,2939.51,15.04,0.63
2020-05-01,1694.5,0.00609706744309423,122.327,2912.43,19.23,0.64
2020-05-04,1706.9000244140625,0.00729116202634116,123.1492,2830.71,19.72,0.64
2020-05-05,1704.4000244140625,-0.00146571712355125,123.2117,2842.74,20.47,0.64
2020-05-06,1684.199951171875,-0.01192251234588415,122.803,2868.44,24.56,0.66
2020-05-07,1721.800048828125,0.02207963897860931,123.609,2848.42,23.88,0.72
2020-05-08,1709.9000244140625,-0.00693538005000871,123.1249,2881.19,23.68,0.63
2020-05-11,1695.300048828125,-0.00857515842664913,122.5379,2929.8,24.73,0.69
2020-05-12,1704.4000244140625,0.00535341184393267,123.2333,2930.32,24.02,0.73
2020-05-13,1713.9000244140625,0.00555833269337213,123.0592,2870.12,25.76,0.69
2020-05-14,1738.0999755859375,0.01402105887975757,123.5408,2820,25.37,0.64
2020-05-15,1753.4000244140625,0.00876422555530087,123.6429,2852.5,27.4,0.63
2020-05-18,1731.800048828125,-0.01239541586961223,123.5991,2863.7,29.44,0.64
2020-05-19,1744.199951171875,0.0071346115896036,122.7968,2953.91,31.83,0.73
2020-05-20,1750.5999755859375,0.00366260255390837,122.5655,2922.94,32.3,0.7
2020-05-21,1720.5,-0.01734362611469109,122.1007,2971.61,33.56,0.68
2020-05-22,1734.5999755859375,0.00816187893807018,122.0914,2948.51,34.3,0.68
2020-05-26,1704.800048828125,-0.01732899474964178,122.3211,2955.45,33.49,0.66
2020-05-27,1710.300048828125,0.00322099182913238,121.3864,2991.77,34.7,0.69
2020-05-28,1713.300048828125,0.00175254158329085,121.5677,3036.13,32.8,0.68
2020-05-29,1736.9000244140625,0.01368056527769301,121.0138,3029.73,33.67,0.7
2020-06-01,1737.800048828125,5.18044386692118e-4,120.9458,3044.31,35.57,0.65
2020-06-02,1725.199951171875,-0.00727701603196173,120.2686,3055.73,35.49,0.66
2020-06-03,1697.800048828125,-0.01600963340729766,119.6854,3080.82,36.88,0.68
2020-06-04,1718.9000244140625,0.01235124147390465,119.2556,3122.87,37.33,0.77
2020-06-05,1676.199951171875,-0.02515526800286149,119.3014,3112.35,37.42,0.82
2020-06-08,1698.300048828125,0.01309848192734541,118.8138,3193.93,39.49,0.91
2020-06-09,1714.699951171875,0.00961033024671298,118.6621,3232.39,38.17,0.88
2020-06-10,1713.300048828125,-8.167458702272867e-4,118.5893,3207.18,38.98,0.84
2020-06-11,1732,0.01085544628399404,118.5231,3190.14,39.54,0.75
2020-06-12,1729.300048828125,-0.00156007955472947,119.2347,3002.1,36.43,0.66
2020-06-15,1720.300048828125,-0.00521800798116345,119.6645,3041.31,36.24,0.71
2020-06-16,1729.5999755859375,0.00539143118301765,119.9539,3066.59,37.07,0.71
2020-06-17,1729.199951171875,-2.3130821343642083e-4,119.567,3124.74,38.26,0.75
2020-06-18,1724.800048828125,-0.0025477155319491,119.9105,3113.49,37.91,0.74
2020-06-19,1745.9000244140625,0.0121590659502635,120.2173,3115.34,38.79,0.71
2020-06-22,1756.699951171875,0.00616682524958456,120.2186,3097.74,39.72,0.7
2020-06-23,1772.0999755859375,0.00872824898042168,119.7532,3117.86,40.6,0.71
2020-06-24,1765.800048828125,-0.00356139708478142,119.3285,3131.29,40.4,0.72
2020-06-25,1762.0999755859375,-0.00209760740001829,119.9744,3050.33,37.91,0.69
2020-06-26,1772.5,0.00588471368669285,120.2997,3083.76,38.66,0.68
2020-06-29,1774.800048828125,0.00129678861037429,120.533,3009.05,38.53,0.64
2020-06-30,1793,0.01020242658847614,120.6658,3053.24,39.67,0.64
2020-07-01,1773.199951171875,-0.01110439827096243,120.4649,3100.29,39.27,0.66
2020-07-02,1784,0.00607223780578447,120.0808,3115.86,39.88,0.69
2020-07-06,1788.5,0.00251924555911742,119.8555,3130.01,40.57,0.68
2020-07-07,1804.199951171875,0.00873997345987742,119.2852,3179.72,40.51,0.69
2020-07-08,1815.5,0.00624365869544085,119.5717,3145.32,40.59,0.65
2020-07-09,1799.199951171875,-0.00901881734808274,119.5525,3169.94,40.91,0.67
2020-07-10,1798.199951171875,-5.559571095261617e-4,119.5129,3152.05,39.64,0.62
2020-07-13,1811,0.00709304148663125,119.3509,3185.04,40.56,0.65
2020-07-14,1810.5999755859375,-2.209103260355505e-4,119.1891,3155.22,40.06,0.64
2020-07-15,1811.4000244140625,4.417718614782018e-4,119.3901,3197.52,40.3,0.63
2020-07-16,1798.699951171875,-0.00703588583127245,119.0331,3226.56,41.2,0.64
2020-07-17,1808.300048828125,0.00532304980557629,118.9275,3215.57,40.74,0.62
2020-07-20,1815.9000244140625,0.00419402161719872,119.124,3224.73,40.55,0.64
2020-07-21,1842.4000244140625,0.01448785674734498,119.0483,3251.84,40.83,0.62
2020-07-22,1864.0999755859375,0.01170926702052632,118.4042,3257.3,41.76,0.61
2020-07-23,1889.0999755859375,0.01332216246092965,118.1337,3276.02,41.88,0.6
2020-07-24,1897.300048828125,0.00433133636651295,118.0613,3235.66,40.99,0.59
2020-07-27,1931,0.01760615482284233,118.1329,3215.63,41.23,0.59
2020-07-28,1944.699951171875,0.00706969497401477,117.3869,3239.41,41.46,0.62
2020-07-29,1953.5,0.00451493709259587,117.3189,3218.44,40.89,0.59
2020-07-30,1942.300048828125,-0.00574977251770647,117.2126,3258.44,41.13,0.58
2020-07-31,1962.800048828125,0.01049918711509967,117.4008,3246.22,39.85,0.55
2020-08-03,1966,0.00162897161459341,117.2082,3271.12,40.1,0.55
2020-08-04,2001.199951171875,0.01774595450751537,117.8074,3294.61,40.83,0.56
2020-08-05,2031.0999755859375,0.01483052996269407,117.7833,3306.51,41.67,0.52
2020-08-06,2051.5,0.00999372670491993,116.8736,3327.77,42.25,0.55
2020-08-07,2010.0999755859375,-0.02038677296858626,117.0422,3349.16,41.93,0.55
2020-08-10,2024.4000244140625,0.00708891248616794,117.6239,3351.28,41.16,0.57
2020-08-11,1932.5999755859375,-0.04640713846737032,117.5821,3360.47,41.94,0.59
2020-08-12,1934.9000244140625,0.00118942422716905,117.3781,3333.69,41.53,0.64
2020-08-13,1956.699951171875,0.01120369767010753,117.2559,3380.35,42.6,0.69
2020-08-14,1937,-0.01011897142273365,117.1193,3373.43,42.26,0.71
2020-08-17,1985,0.02447852971429487,116.9395,3372.85,42.05,0.71
2020-08-18,1999.4000244140625,0.00722823362248448,116.749,3381.99,42.89,0.69
2020-08-19,1958.699951171875,-0.02056618481192096,116.5593,3389.78,42.89,0.67
2020-08-20,1933.800048828125,-0.01279395863257537,116.567,3374.85,42.91,0.68
2020-08-21,1934.5999755859375,4.135698294724932e-4,116.8126,3385.51,42.62,0.65
2020-08-24,1927.699951171875,-0.00357301705493817,117.0572,3397.16,42.32,0.64
2020-08-25,1911.800048828125,-0.00828232490375668,116.912,3431.28,42.44,0.65
2020-08-26,1940.699951171875,0.01500347538793445,116.8206,3443.62,43.17,0.69
2020-08-27,1921.5999755859375,-0.00989054793734123,116.6243,3478.73,43.21,0.69
2020-08-28,1964.5999755859375,0.02213049019313118,116.649,3484.55,42.88,0.74
2020-08-31,1967.5999755859375,0.00152586369936269,115.9374,3508.01,42.96,0.74
2020-09-01,1968.199951171875,3.048811432240228e-4,115.7586,3500.31,42.61,0.72
2020-09-02,1934.4000244140625,-0.01732218117483874,115.5687,3526.65,42.76,0.68
2020-09-03,1927.5999755859375,-0.00352152038087449,116.0304,3580.84,42.76,0.66
2020-09-04,1923.9000244140625,-0.00192130458784589,116.0685,3455.06,41.39,0.63
2020-09-08,1933,0.00471881169552279,116.0347,3426.96,39.69,0.72
2020-09-09,1944.699951171875,0.00603449819419843,116.4618,3331.84,36.87,0.69
2020-09-10,1954.199951171875,0.004873179121466,116.1291,3398.96,38.05,0.71
2020-09-11,1937.800048828125,-0.00842754337538043,115.8806,3339.19,37.25,0.68
2020-09-14,1953.0999755859375,0.00786450719407039,116.0866,3340.97,37.33,0.67
2020-09-15,1956.300048828125,0.0016371176840062,115.6428,3383.54,37.23,0.68
2020-09-16,1960.199951171875,0.00199152489862086,115.5908,3401.2,38.29,0.68
2020-09-17,1940,-0.01035851086793826,115.3537,3385.49,40.17,0.69
2020-09-18,1952.0999755859375,0.0062177306051101,115.4392,3357.01,40.99,0.69
2020-09-21,1901.199951171875,-0.02642046360542238,115.2395,3319.47,41.09,0.7
2020-09-22,1898.5999755859375,-0.00136848046834536,116.378,3281.06,39.26,0.68
2020-09-23,1859.9000244140625,-0.02059402364108997,116.5438,3315.57,39.55,0.68
2020-09-24,1868.300048828125,0.00450621665322081,117.2526,3236.92,39.92,0.68
2020-09-25,1857.699951171875,-0.00568981548767144,117.5473,3246.59,40.11,0.67
2020-09-28,1872.800048828125,0.0080955261357829,117.8679,3298.46,40.06,0.66
2020-09-29,1894.300048828125,0.01141473966161577,117.6178,3351.6,40.47,0.67
2020-09-30,1887.5,-0.00359620078739464,117.526,3335.47,39.03,0.66
2020-10-01,1908.4000244140625,0.01101200531171997,116.946,3363,40.05,0.69
2020-10-02,1900.199951171875,-0.00430608935855936,116.7227,3380.8,38.51,0.68
2020-10-05,1912.5,0.00645216862435038,116.7321,3348.44,36.9,0.7
2020-10-06,1901.0999755859375,-0.00597863354518146,116.1767,3408.63,39.12,0.78
2020-10-07,1883.5999755859375,-0.0092478267474938,116.2681,3360.95,40.52,0.76
2020-10-08,1888.5999755859375,0.00265097449388385,116.3447,3419.45,39.82,0.81
2020-10-09,1919.5,0.0162289345389528,116.1657,3446.83,41.04,0.78
2020-10-12,1922.5,0.0015616869389472,115.2757,3477.13,40.44,0.79
2020-10-13,1888.5,-0.01784355922728764,115.2757,3534.22,39.22,0.79
2020-10-14,1901.300048828125,0.00675502524446969,115.9107,3511.93,40.03,0.74
2020-10-15,1903.199951171875,9.987659359627088e-4,115.6872,3488.67,40.86,0.73
2020-10-16,1900.800048828125,-0.0012617784764215,116.0964,3483.34,40.84,0.74
2020-10-19,1906.4000244140625,0.00294178373437858,115.7679,3483.81,40.7,0.76
2020-10-20,1910.4000244140625,0.00209599738693722,115.4031,3426.92,40.69,0.78
2020-10-21,1924.5999755859375,0.00740548425919573,115.2485,3443.12,41.37,0.81
2020-10-22,1901.0999755859375,-0.01228548808152485,114.9108,3435.56,39.88,0.83
2020-10-23,1902,4.7331094982627775e-4,115.1158,3453.49,40.46,0.87
2020-10-26,1902.699951171875,3.6794027847353306e-4,115.0126,3465.39,39.73,0.85
2020-10-27,1908.800048828125,0.00320089354037733,115.2797,3400.97,38.39,0.81
2020-10-28,1876.199951171875,-0.01722636925734733,115.0131,3390.68,39.34,0.79
2020-10-29,1865.5999755859375,-0.00566572459710634,115.8023,3271.03,37.27,0.79
2020-10-30,1877.4000244140625,0.00630514983734631,116.3069,3310.11,35.94,0.85
2020-11-02,1890.4000244140625,0.00690060588037866,116.1354,3269.96,35.64,0.88
2020-11-03,1908.5,0.00952913339782668,116.2361,3310.24,36.6,0.87
2020-11-04,1894.5999755859375,-0.00730987162998086,115.4802,3369.16,37.44,0.9
2020-11-05,1945.300048828125,0.02640851034903058,115.1677,3443.44,38.97,0.78
2020-11-06,1950.300048828125,0.00256700001041032,114.4556,3510.45,38.56,0.79
2020-11-09,1853.199951171875,-0.05106938372025738,113.9919,3509.44,36.97,0.83
2020-11-10,1875.4000244140625,0.01190813480909369,114.0895,3550.5,40.05,0.96
2020-11-11,1860.699951171875,-0.00786924825179014,114.0757,3545.53,41.18,0.98
2020-11-12,1872.5999755859375,0.00637509171547634,114.0757,3572.66,41.23,0.98
2020-11-13,1885.699951171875,0.00697125237171025,114.2843,3537.01,40.9,0.88
2020-11-16,1887.300048828125,8.481832770623754e-4,114.2397,3585.15,39.93,0.89
2020-11-17,1884.5,-0.00148472840884927,113.8312,3626.91,41.14,0.91
2020-11-18,1873.5,-0.00585419447344826,113.682,3609.53,41.24,0.87
2020-11-19,1861.0999755859375,-0.00664064160190669,113.46,3567.79,41.64,0.88
2020-11-20,1872.5999755859375,0.0061601288354316,113.694,3581.87,41.57,0.86
2020-11-23,1837.800048828125,-0.01875859583169159,113.489,3557.54,41.99,0.83
2020-11-24,1804.800048828125,-0.01811942127724553,113.7548,3577.59,42.91,0.86
2020-11-25,1805.699951171875,4.984918223982504e-4,113.4316,3635.41,44.71,0.88
2020-11-27,1781.9000244140625,-0.01326807674621832,113.1823,3629.65,45.58,0.88
2020-11-30,1775.699951171875,-0.00348554056767991,113.1823,3638.35,45.58,0.84
2020-12-01,1814.0999755859375,0.02139477962249891,113.2256,3621.63,45.2,0.84
2020-12-02,1825.699951171875,0.00637398488525686,112.8063,3662.45,44.54,0.92
2020-12-03,1836.800048828125,0.00606150533391769,112.6115,3669.01,45.23,0.95
2020-12-04,1835.9000244140625,-4.90115944199232e-4,112.0236,3666.72,45.65,0.92
2020-12-07,1861.800048828125,0.01400895014438496,111.7778,3699.12,46.23,0.97
2020-12-08,1870.800048828125,0.00482238504317233,111.8385,3691.96,45.72,0.94
2020-12-09,1834.5999755859375,-0.01953971218387362,111.8639,3702.25,45.64,0.92
2020-12-10,1833.5999755859375,-5.452265623926422e-4,112.0305,3672.82,45.48,0.95
2020-12-11,1839.800048828125,0.00337566237737085,111.9788,3668.1,46.76,0.92
2020-12-14,1828.699951171875,-0.00605159140338251,112.1417,3663.46,46.59,0.9
2020-12-15,1852.300048828125,0.01282283130990169,112.1708,3647.49,47.02,0.9
2020-12-16,1856.0999755859375,0.00204936256214782,111.8601,3694.62,47.58,0.92
2020-12-17,1887.199951171875,0.01661672416851445,111.7157,3701.17,47.86,0.92
2020-12-18,1885.699951171875,-7.951443811702319e-4,111.2226,3722.48,48.34,0.94
2020-12-21,1879.199951171875,-0.00345295047773852,111.6071,3709.41,49.04,0.95
2020-12-22,1866.5999755859375,-0.0067275473090218,111.9415,3694.92,47.79,0.95
2020-12-23,1874.699951171875,0.00433003950509469,112.1947,3687.26,47.02,0.93
2020-12-24,1879.9000244140625,0.00276997634949793,111.9807,3690.01,47.94,0.96
2020-12-28,1877.199951171875,-0.00143731799769408,111.9807,3703.06,48.18,0.94
2020-12-29,1879.699951171875,0.00133088473688136,111.9752,3735.36,47.5,0.94
2020-12-30,1891,0.00599362601246067,111.5172,3727.04,47.85,0.94
2020-12-31,1893.0999755859375,0.00110989446106568,111.3084,3732.04,48.24,0.93
2021-01-04,1944.699951171875,0.02689201428300602,111.3169,3756.07,48.35,0.93
2021-01-05,1952.699951171875,0.00410530683848087,111.2075,3700.65,47.47,0.93
2021-01-06,1906.9000244140625,-0.02373410559741806,110.9574,3726.86,49.78,0.96
2021-01-07,1912.300048828125,0.00282783195905178,110.8502,3748.14,50.45,1.04
2021-01-08,1834.0999755859375,-0.041752846956852,111.3042,3803.79,50.63,1.08
2021-01-11,1849.5999755859375,0.00841550163262194,111.2847,3824.68,52.14,1.13
2021-01-12,1842.9000244140625,-0.00362895519278971,111.8257,3799.61,52.15,1.15
2021-01-13,1853.5999755859375,0.00578924986138229,111.5501,3801.19,53.08,1.15
2021-01-14,1850.300048828125,-0.00178186647003464,111.3622,3809.84,52.81,1.1
2021-01-15,1829.300048828125,-0.01141440778747426,111.1567,3795.54,53.47,1.15
2021-01-19,1839.5,0.00556038885533194,111.5106,3768.25,52.25,1.11
2021-01-20,1865.9000244140625,0.01424972794271006,111.4527,3798.91,52.87,1.1
2021-01-21,1865.300048828125,-3.2159925993369143e-4,111.4527,3851.85,53.16,1.1
2021-01-22,1855.699951171875,-0.00515996718982325,111.1973,3853.07,53,1.12
2021-01-25,1854.9000244140625,-4.311576432209918e-4,111.5516,3841.47,52.28,1.1
2021-01-26,1850.699951171875,-0.00226687989445739,111.8676,3855.36,52.78,1.05
2021-01-27,1844.9000244140625,-0.00313883080311327,111.6572,3849.62,52.61,1.05
2021-01-28,1837.9000244140625,-0.00380145994189007,112.0782,3750.77,52.81,1.04
2021-01-29,1847.300048828125,0.00510151124164792,112.0059,3787.38,52.26,1.07
2021-02-01,1860.800048828125,0.00728138900804431,111.9511,3714.24,52.16,1.11
2021-02-02,1830.5,-0.01641737544450183,112.4189,3773.86,53.55,1.09
2021-02-03,1832.199951171875,9.28250370819228e-4,112.2862,3826.31,54.77,1.12
2021-02-04,1788.9000244140625,-0.02391648448641259,112.2567,3830.17,55.67,1.15
2021-02-05,1810.9000244140625,0.01222305328432771,112.7469,3871.74,56.19,1.15
2021-02-08,1831.9000244140625,0.01152972018956877,112.2379,3886.83,56.8,1.19
2021-02-09,1835.300048828125,0.00185428955081423,112.0428,3915.59,57.95,1.19
2021-02-10,1840.5999755859375,0.00288360967116041,111.7675,3911.23,58.34,1.18
2021-02-11,1824.9000244140625,-0.00856638776749818,111.5834,3909.88,58.69,1.15
2021-02-12,1821.5999755859375,-0.00180998202607884,111.5272,3916.38,58.22,1.16
2021-02-16,1797.199951171875,-0.01348535131998662,111.4889,3934.83,59.5,1.2
2021-02-17,1771.0999755859375,-0.01462906234910743,111.7879,3932.59,60.07,1.3
2021-02-18,1773.4000244140625,0.00129781303481912,112.0204,3931.33,61.09,1.29
2021-02-19,1775.800048828125,0.00135243138191931,112.1603,3913.97,60.4,1.29
2021-02-22,1806.699951171875,0.01725089665910584,111.7058,3906.71,59.12,1.34
2021-02-23,1804.4000244140625,-0.00127380968920753,111.918,3876.5,61.67,1.37
2021-02-24,1796.4000244140625,-0.00444346426040276,111.8981,3881.37,61.66,1.37
2021-02-25,1774.4000244140625,-0.01232232444897718,111.7212,3925.43,63.21,1.38
2021-02-26,1728.0999755859375,-0.02643982642289977,111.9253,3829.34,63.43,1.54
2021-03-01,1722.5,-0.00324580104444116,112.8306,3811.15,61.55,1.44
2021-03-02,1733.0999755859375,0.00613497448058364,112.5263,3901.82,60.54,1.45
2021-03-03,1715.300048828125,-0.0103236774863884,112.5342,3870.29,59.7,1.42
2021-03-04,1700.199951171875,-0.00884215841779845,112.7617,3819.72,61.33,1.47
2021-03-05,1698,-0.00129477459291837,112.7037,3768.47,63.81,1.54
2021-03-08,1677.699951171875,-0.01202730919914341,113.7487,3841.94,66.08,1.56
2021-03-09,1716.5999755859375,0.02292179738963451,114.2678,3821.35,65.03,1.59
2021-03-10,1721.5,0.00285042771679489,113.928,3875.44,64.02,1.55
2021-03-11,1722.300048828125,4.646314136564911e-4,113.5881,3898.81,64.45,1.53
2021-03-12,1719.5,-0.00162708431991376,112.9214,3939.34,66.02,1.54
2021-03-15,1728.9000244140625,0.00545183135956328,113.0269,3943.34,65.59,1.64
2021-03-16,1730.5999755859375,9.82772833472367e-4,113.1928,3968.94,65.36,1.62
2021-03-17,1726.800048828125,-0.00219814210738089,112.9839,3962.71,64.82,1.62
2021-03-18,1732.199951171875,0.0031222357504656602,113.1589,3974.12,64.55,1.63
2021-03-19,1741.4000244140625,0.00529715270586361,112.7744,3915.46,59.95,1.71
2021-03-22,1737.800048828125,-0.00206942791153341,112.9756,3913.1,61.43,1.74
2021-03-23,1724.699951171875,-0.00756687951650025,113.0023,3940.59,61.48,1.69
2021-03-24,1732.9000244140625,0.00474322574848695,113.2916,3910.52,57.75,1.63
2021-03-25,1724.9000244140625,-0.0046272278102748,113.6565,3889.14,61.12,1.62
2021-03-26,1732.199951171875,0.0042231567839579,114.0016,3909.52,58.47,1.63
2021-03-29,1712.0999755859375,-0.0116715757573873,113.7406,3974.54,60.93,1.67
2021-03-30,1683.9000244140625,-0.01660812683626833,113.9314,3971.09,61.49,1.73
2021-03-31,1713.800048828125,0.0176006096113781,114.203,3958.55,60.55,1.73
2021-04-01,1726.5,0.0073830821038836,113.8234,3972.89,59.19,1.74
2021-04-05,1727,2.895613166309374e-4,113.7389,4019.87,61.41,1.69
2021-04-06,1741.5,0.0083610116593773,113.394,4077.91,58.73,1.73
2021-04-07,1740.0999755859375,-8.042420147873486e-4,113.1464,4073.94,59.34,1.67
2021-04-08,1756.800048828125,0.00955143131773006,113.2436,4079.95,59.77,1.68
2021-04-09,1743.300048828125,-0.00771410335080879,113.0917,4097.17,59.61,1.64
2021-04-12,1731.199951171875,-0.00696511531081345,113.2028,4128.8,59.29,1.67
2021-04-13,1746.199951171875,0.00862718896682679,113.1815,4127.99,59.7,1.69
2021-04-14,1734.9000244140625,-0.00649218150960351,113.0391,4141.59,60.2,1.64
2021-04-15,1765.4000244140625,0.0174275185107291,112.7849,4124.66,63.15,1.64
2021-04-16,1779,0.00767410125050638,112.6181,4170.42,63.42,1.56
2021-04-19,1769.4000244140625,-0.00541088881861639,112.4814,4185.47,63.16,1.59
2021-04-20,1777.300048828125,0.0044548663919306,112.1835,4163.26,63.33,1.61
2021-04-21,1792.300048828125,0.00840435224167901,112.2354,4134.94,62.61,1.58
2021-04-22,1781.199951171875,-0.00621247144633141,112.1771,4173.42,61.34,1.57
2021-04-23,1777,-0.0023607178798457,112.2297,4134.98,61.45,1.57
2021-04-26,1779.199951171875,0.00123724845774653,112.0889,4180.17,62.18,1.58
2021-04-27,1778,-6.74660538547478e-4,111.8109,4187.62,62.02,1.58
2021-04-28,1773.199951171875,-0.00270334073967948,111.9097,4186.72,63.03,1.63
2021-04-29,1768.0999755859375,-0.00288028645820492,111.7909,4183.18,63.81,1.63
2021-04-30,1767.300048828125,-4.5252405155782327e-4,111.7464,4211.47,65,1.65
2021-05-03,1791.4000244140625,0.01354446484516902,112.0839,4181.17,63.5,1.65
2021-05-04,1775.800048828125,-0.00874639757494044,112.005,4192.66,64.46,1.63
2021-05-05,1784.0999755859375,0.00466301960177606,112.2896,4164.66,65.72,1.61
2021-05-06,1815.5,0.01744683915797829,112.1514,4167.59,65.63,1.59
2021-05-07,1831.0999755859375,0.00855595396027375,111.8401,4201.62,64.73,1.58
2021-05-10,1837.5,0.00348908627232713,111.0249,4232.6,64.96,1.6
2021-05-11,1835.9000244140625,-8.71114322687383e-4,110.7905,4188.43,64.92,1.63
2021-05-12,1822.5999755859375,-0.007270798097462,110.8921,4152.1,65.31,1.64
2021-05-13,1823.800048828125,6.58223605463526e-4,111.5636,4063.04,65.96,1.69
2021-05-14,1837.9000244140625,0.00770136548279509,111.5955,4112.5,63.82,1.66
2021-05-17,1867.5,0.01597700925187162,111.1353,4173.85,65.32,1.63
2021-05-18,1867.800048828125,1.6065581069657495e-4,111.079,4163.29,66.24,1.64
2021-05-19,1881.300048828125,0.00720175935387512,110.8317,4127.83,65.49,1.64
2021-05-20,1881.800048828125,2.6573834868415247e-4,110.8807,4115.68,63.28,1.68
2021-05-21,1876.699951171875,-0.00271390224107914,110.8605,4159.12,61.95,1.63
2021-05-24,1884.5999755859375,0.00420069453900051,111.0576,4155.86,63.61,1.63
2021-05-25,1898.0999755859375,0.00713778914042961,110.9118,4197.05,66.13,1.61
2021-05-26,1901.300048828125,0.0016845154384022,110.842,4188.13,66.27,1.56
2021-05-27,1895.699951171875,-0.00294975070676883,110.8677,4195.99,66.41,1.58
2021-05-28,1902.5,0.00358067304562847,110.8688,4200.88,66.87,1.61
2021-06-01,1902.9000244140625,2.102404020440929e-4,110.7576,4204.11,66.31,1.58
2021-06-02,1907.5,0.00241443302072674,110.5046,4202.04,67.8,1.62
2021-06-03,1871.199951171875,-0.01921357398319489,110.5799,4208.12,68.79,1.59
2021-06-04,1889.800048828125,0.00989111901082928,111.1782,4192.85,68.81,1.63
2021-06-07,1896.800048828125,0.00369725230731798,110.7521,4229.89,69.57,1.56
2021-06-08,1892.199951171875,-0.00242813402816999,110.5155,4226.52,69.21,1.57
2021-06-09,1893.199951171875,5.283457753790799e-4,110.649,4227.26,70.11,1.53
2021-06-10,1894.199951171875,5.280667735245714e-4,110.5707,4219.55,69.9,1.5
2021-06-11,1877.4000244140625,-0.00890870610721883,110.5456,4239.18,70.34,1.45
2021-06-14,1864,-0.00716313766154286,111.0933,4247.44,71,1.47
2021-06-15,1854.5,-0.00510959831589108,110.9659,4255.15,70.94,1.51
2021-06-16,1859.5,0.00269251643547985,111.3507,4246.59,72.06,1.51
2021-06-17,1773.800048828125,-0.04718346889536029,111.1165,4223.7,72.03,1.57
2021-06-18,1767.9000244140625,-0.00333175014814735,112.5772,4221.86,71.06,1.52
2021-06-21,1781.800048828125,0.00783170136874478,113.0408,4166.45,71.64,1.45
2021-06-22,1776.300048828125,-0.00309153999585198,112.8391,4224.79,73.64,1.5
2021-06-23,1782.300048828125,0.00337211573142592,112.9174,4246.44,73.15,1.48
2021-06-24,1775.5999755859375,-0.00376631221580936,112.3819,4241.84,73.11,1.5
2021-06-25,1776.5999755859375,5.630313834590339e-4,112.326,4266.49,73.31,1.49
2021-06-28,1779.5999755859375,0.00168719461945254,111.9655,4280.7,74.21,1.54
2021-06-29,1762.800048828125,-0.00948512454602124,112.0248,4290.61,72.98,1.49
2021-06-30,1770.800048828125,0.00452796776501696,112.2613,4291.8,73.14,1.49
2021-07-01,1775.9000244140625,0.00287590097594581,112.5533,4297.5,73.52,1.45
2021-07-02,1782.5999755859375,0.00376560859287611,112.74,4319.94,75.33,1.48
2021-07-06,1793.5,0.00609605897148135,112.5425,4352.34,75.37,1.44
2021-07-07,1801.5,0.00445063321581074,112.9516,4343.54,73.62,1.37
2021-07-08,1799.5999755859375,-0.001055246787514,113.1048,4358.13,72.22,1.33
2021-07-09,1810,0.00576244085923693,113.0776,4320.82,72.98,1.3
2021-07-12,1805.5,-0.00248928354235822,112.8375,4369.55,74.56,1.37
2021-07-13,1809.4000244140625,0.0021577503670338,112.7611,4384.63,74.21,1.38
2021-07-14,1824.300048828125,0.0082010664750296,113.0063,4369.21,75.24,1.42
2021-07-15,1828.4000244140625,0.00224490225070539,112.8801,4374.3,73.06,1.37
2021-07-16,1814.5,-0.00763133315715691,113.0041,4360.03,71.67,1.31
2021-07-19,1808.699951171875,-0.00320161948590946,113.0428,4327.16,71.76,1.31
2021-07-20,1810.9000244140625,0.00121564456181033,113.5472,4258.49,66.45,1.19
2021-07-21,1802.9000244140625,-0.00442747963931999,113.7502,4323.06,67.32,1.23
2021-07-22,1805,0.0011640986772754,113.3926,4358.69,70.26,1.3
2021-07-23,1801.4000244140625,-0.00199643786451186,113.4695,4367.48,72.15,1.27
2021-07-26,1798.699951171875,-0.00149999931488586,113.4398,4411.79,72.24,1.3
2021-07-27,1799.5,4.446939315023712e-4,113.2238,4422.3,72.15,1.29
2021-07-28,1799.5,0,113.2227,4401.46,71.68,1.25
2021-07-29,1831.199951171875,0.01746261445472008,113.1807,4400.64,72.37,1.26
2021-07-30,1812.5999755859375,-0.01020919782220897,112.4834,4419.15,73.62,1.28
2021-08-02,1818.0999755859375,0.00302972114529165,112.6714,4395.26,73.93,1.24
2021-08-03,1810.0999755859375,-0.00440990743206803,112.6691,4387.16,71.31,1.2
2021-08-04,1810.5,2.209713408758418e-4,112.8228,4423.15,70.64,1.19
2021-08-05,1805.0999755859375,-0.00298707183632807,112.8953,4402.66,68.19,1.19
2021-08-06,1760,-0.02530216933717088,112.7674,4429.1,69.1,1.23
2021-08-09,1723.4000244140625,-0.02101471106031116,113.3088,4436.52,68.26,1.31
2021-08-10,1728.800048828125,0.00312845646473025,113.4521,4432.35,66.56,1.33
2021-08-11,1750.4000244140625,0.01241679273875018,113.4973,4436.75,68.33,1.36
2021-08-12,1749,-8.001511567643504e-4,113.282,4447.7,69.3,1.35
2021-08-13,1775.199951171875,0.01486886909407836,113.2691,4460.83,69.12,1.36
2021-08-16,1786.9000244140625,0.00656922343473809,113.0615,4468,68.36,1.29
2021-08-17,1785,-0.00106387333367941,113.1698,4479.71,67.44,1.26
2021-08-18,1781.5999755859375,-0.00190659197402887,113.6174,4448.08,66.5,1.26
2021-08-19,1780.199951171875,-7.86133143328982e-4,113.6959,4400.27,65.36,1.27
2021-08-20,1781,4.493141932799816e-4,114.1106,4405.8,63.69,1.24
2021-08-23,1803.199951171875,0.01238783291725376,114.5009,4441.67,62.25,1.26
2021-08-24,1805.5999755859375,0.001330095775109,113.9418,4479.53,65.65,1.25
2021-08-25,1788.199951171875,-0.00968343298654694,113.6795,4486.23,67.5,1.29
2021-08-26,1792.199951171875,0.00223438820984434,113.6322,4496.19,68.54,1.35
2021-08-27,1816.5999755859375,0.01352272042336455,113.7883,4470,67.42,1.34
2021-08-30,1809,-0.00419240223339123,113.3404,4509.37,68.84,1.31
2021-08-31,1815,0.00331126130365611,113.246,4528.79,69.28,1.29
2021-09-01,1813.0999755859375,-0.00104739373255835,113.1076,4522.68,68.43,1.3
2021-09-02,1808.699951171875,-0.00242974579917731,112.8732,4524.09,68.63,1.31
2021-09-03,1830.9000244140625,0.01219933438580334,112.7863,4536.95,70.07,1.29
2021-09-07,1795.9000244140625,-0.01930135993399506,112.5476,4535.43,69.34,1.33
2021-09-08,1790.699951171875,-0.0028997250439291,112.9795,4520.03,68.49,1.38
2021-09-09,1797.4000244140625,0.00373461223216686,113.2319,4514.07,69.36,1.35
2021-09-10,1789.5999755859375,-0.00434907227353154,113.043,4493.28,68.26,1.3
2021-09-13,1792,0.00134019700114595,112.9425,4458.58,69.82,1.35
2021-09-14,1804.699951171875,0.0070620313762868,113.0341,4468.73,70.54,1.33
2021-09-15,1792.4000244140625,-0.00683882837829585,113.0061,4443.05,70.53,1.28
2021-09-16,1754.5999755859375,-0.0213146207529018,112.9773,4480.7,72.59,1.31
2021-09-17,1749.4000244140625,-0.00296801083853281,113.3036,4473.75,72.69,1.34
2021-09-20,1761.800048828125,0.00706315544917046,113.5989,4432.99,72.09,1.37
2021-09-21,1776,0.00802760316151296,113.9422,4357.73,70.41,1.31
2021-09-22,1776.699951171875,3.9403900726320273e-4,113.8179,4354.19,70.51,1.33
2021-09-23,1747.699951171875,-0.0164570737255687,113.6223,4395.64,72.37,1.32
2021-09-24,1749.699951171875,0.00114370691019427,113.513,4448.98,73.43,1.41
2021-09-27,1750,1.7147117355520436e-4,113.7597,4455.48,74.18,1.47
2021-09-28,1735.800048828125,-0.00814735757737494,113.7432,4443.11,75.54,1.48
2021-09-29,1721.5,-0.00827242656160631,114.2469,4352.63,75.44,1.54
2021-09-30,1755.300048828125,0.01944380650125943,114.7092,4359.46,75.06,1.55
2021-10-01,1757,9.679989072592932e-4,114.6403,4307.54,75.22,1.52
2021-10-04,1766.199951171875,0.00522250920174016,114.3798,4357.04,76.01,1.48
2021-10-05,1759.5999755859375,-0.00374382178905197,114.2739,4300.46,77.68,1.49
2021-10-06,1760.5,5.113629953221732e-4,114.3654,4345.72,79.17,1.54
2021-10-07,1757.9000244140625,-0.00147793090106418,114.7185,4363.55,77.66,1.53
2021-10-08,1756.300048828125,-9.10577464654061e-4,114.5044,4399.76,78.46,1.58
2021-10-11,1754.5999755859375,-9.68454449424172e-4,114.5986,4391.34,79.55,1.61
2021-10-12,1758.300048828125,0.00210656414060395,114.5986,4361.19,80.64,1.61
2021-10-13,1793.699951171875,0.01993303741238605,114.7542,4350.65,80.75,1.59
2021-10-14,1796.699951171875,0.00167112342901099,114.4705,4363.8,80.67,1.56
2021-10-15,1767.199951171875,-0.01655527628627862,114.2053,4438.26,81.43,1.52
2021-10-18,1764.800048828125,-0.00135894830865446,114.0905,4471.37,82.39,1.59
2021-10-19,1769.699951171875,0.00277261591891875,113.9899,4486.46,82.62,1.59
2021-10-20,1784.0999755859375,0.0081040596104609,113.647,4519.63,83.19,1.65
2021-10-21,1781.199951171875,-0.00162680566191575,113.5083,4536.19,84.4,1.65
2021-10-22,1795.5,0.00799626763164074,113.6188,4549.78,82.64,1.68
2021-10-25,1806,0.00583092031079335,113.67,4544.9,84.53,1.66
2021-10-26,1792.699951171875,-0.00739161895333673,113.605,4566.48,84.64,1.64
2021-10-27,1797.9000244140625,0.00289649468786556,113.674,4574.79,85.64,1.63
2021-10-28,1801.5999755859375,0.0020558146825893,113.6218,4551.68,82.66,1.54
2021-10-29,1783,-0.0103778065309088,113.4389,4596.42,82.78,1.57
2021-11-01,1795.0999755859375,0.00676337821349282,114.1349,4605.38,83.5,1.55
2021-11-02,1788.699951171875,-0.00357164537554055,114.2067,4613.67,84.08,1.58
2021-11-03,1763.5999755859375,-0.01413191106062061,114.2847,4630.65,83.91,1.56
2021-11-04,1793,0.01653303396466121,114.3593,4660.57,80.82,1.6
2021-11-05,1816.4000244140625,0.01296633905956934,114.3558,4680.06,78.88,1.53
2021-11-08,1827.4000244140625,0.00603767125981669,114.0732,4697.53,81.25,1.45
2021-11-09,1830.199951171875,0.00153101887763895,113.8256,4701.7,81.96,1.51
2021-11-10,1847.5999755859375,0.00946226254035931,113.762,4685.25,84.12,1.46
2021-11-11,1863.199951171875,0.00840792702102,114.1484,4646.71,81.23,1.56
2021-11-12,1867.9000244140625,0.00251940487204649,114.1484,4649.27,81.47,1.56
2021-11-15,1866.0999755859375,-9.641397790911554e-4,114.5144,4682.85,80.87,1.58
2021-11-16,1853.5999755859375,-0.00672099750948618,114.5876,4682.8,80.85,1.63
2021-11-17,1869.699951171875,0.00864828310873555,115.136,4700.9,80.76,1.63
2021-11-18,1861,-0.00466398641349119,115.0263,4688.67,78.32,1.6
2021-11-19,1851.199951171875,-0.00527992657931086,115.0678,4704.54,78.92,1.59
2021-11-22,1806,-0.02471959608600915,115.2187,4697.96,76.11,1.54
2021-11-23,1783.5,-0.01253672917798454,115.6481,4682.94,76.74,1.63
2021-11-24,1784.0999755859375,3.3634689746619983e-4,116.0118,4690.7,78.32,1.67
2021-11-26,1785.300048828125,6.724229725980635e-4,116.2711,4701.46,78.32,1.64
2021-11-29,1782.300048828125,-0.00168180324307432,116.5103,4594.62,78.32,1.48
2021-11-30,1773.5999755859375,-0.00489332688909271,116.581,4655.27,69.88,1.52
2021-12-01,1781.5999755859375,0.00450045770286688,116.2071,4567,66.14,1.43
2021-12-02,1760.699951171875,-0.01180039373953523,115.889,4513.04,65.44,1.43
2021-12-03,1782,0.01202489953057917,116.018,4577.1,66.6,1.44
2021-12-06,1777.5,-0.00252844635335858,116.2377,4538.43,66.39,1.35
2021-12-07,1782.5999755859375,0.00286507632346033,116.1538,4591.67,69.62,1.43
2021-12-08,1783.4000244140625,4.4870938953955886e-4,115.8555,4686.75,71.94,1.48
2021-12-09,1774.5999755859375,-0.00494663674666018,115.4418,4701.21,72.43,1.52
2021-12-10,1782.9000244140625,0.00466623409044508,115.7784,4667.45,70.87,1.49
2021-12-13,1786.300048828125,0.0019052030554425,115.5732,4712.02,71.71,1.48
2021-12-14,1770.4000244140625,-0.0089409452626441,115.842,4668.97,71.19,1.42
2021-12-15,1762.5999755859375,-0.0044155457125834,116.2397,4634.09,70.57,1.44
2021-12-16,1796.5999755859375,0.01910599839167481,116.4219,4709.85,70.89,1.47
2021-12-17,1803.800048828125,0.00399960159512602,115.7146,4668.67,72.34,1.44
2021-12-20,1793.699951171875,-0.00561507946824146,115.791,4620.64,70.93,1.41
2021-12-21,1787.9000244140625,-0.00323873792001982,116.0092,4568.02,68.69,1.43
2021-12-22,1801.5999755859375,0.00763338498111387,116.1089,4649.23,71.1,1.48
2021-12-23,1811.199951171875,0.00531443665582287,115.7485,4696.56,72.82,1.46
2021-12-27,1808.0999755859375,-0.00171302539536988,115.5337,4725.79,73.89,1.5
2021-12-28,1810.199951171875,0.00116075276468397,115.4684,4791.19,75.49,1.48
2021-12-29,1805.0999755859375,-0.00282133104981774,115.4192,4786.35,76.01,1.49
2021-12-30,1812.699951171875,0.00420144116282195,115.3678,4793.06,76.58,1.55
2021-12-31,1827.5,0.0081314930917431,115.283,4778.73,76.83,1.52
2022-01-03,1799.4000244140625,-0.01549562307302387,115.283,4766.18,75.33,1.52
2022-01-04,1814,0.00808106212417225,115.4101,4796.56,75.99,1.63
2022-01-05,1824.5999755859375,0.00582641985579091,115.3103,4793.54,77,1.66
2022-01-06,1788.699951171875,-0.0198716998297801,115.137,4700.58,77.83,1.71
2022-01-07,1797,0.00462953608246685,115.4046,4696.05,79.47,1.73
2022-01-10,1798.4000244140625,7.787864912476294e-4,115.0451,4677.03,79,1.76
2022-01-11,1818.5999755859375,0.01116956659235857,115.2216,4670.29,78.11,1.78
2022-01-12,1827.199951171875,0.00471775287160181,114.8332,4713.07,81.17,1.75
2022-01-13,1821.199951171875,-0.00328911608910331,114.355,4726.35,82.51,1.74
2022-01-14,1816.5,-0.00258402498840748,114.177,4659.03,81.97,1.7
2022-01-18,1812.300048828125,-0.00231478890582348,114.3825,4662.85,83.82,1.78
2022-01-19,1843.0999755859375,0.01685213955594911,114.7373,4577.11,85.42,1.87
2022-01-20,1842.5,-3.2557824789059e-4,114.6109,4532.76,86.84,1.83
2022-01-21,1831.800048828125,-0.00582422843878838,114.4642,4482.73,86.29,1.83
2022-01-24,1841.699951171875,0.0053899149643275,114.6125,4397.94,85.16,1.75
2022-01-25,1852.699951171875,0.00595497661181898,115.2034,4410.13,84.48,1.75
2022-01-26,1829.9000244140625,-0.0123826743254618,115.1654,4356.45,86.61,1.78
2022-01-27,1793.300048828125,-0.02020380869292459,115.0922,4349.93,88.33,1.85
2022-01-28,1784.9000244140625,-0.00469512026888896,115.978,4326.51,87.61,1.81
2022-01-31,1795,0.0056426170088048604,116.0393,4431.85,87.67,1.78
2022-02-01,1800.300048828125,0.00294832286341328,115.566,4515.55,89.16,1.79
2022-02-02,1809.199951171875,0.0049313868291021,115.3685,4546.54,88.22,1.81
2022-02-03,1803,-0.00343278741157693,115.1538,4589.38,88.16,1.78
2022-02-04,1806.5999755859375,0.00199466799860825,114.9065,4477.44,90.17,1.82
2022-02-07,1820.5999755859375,0.00771949145936368,115.1362,4500.53,92.27,1.93
2022-02-08,1826.5999755859375,0.00329019823043807,115.0098,4483.87,91.25,1.92
2022-02-09,1835.199951171875,0.00469713887694567,115.0892,4521.54,89.32,1.96
2022-02-10,1836.199951171875,5.447513489835742e-4,114.8232,4587.18,89.57,1.94
2022-02-11,1840.800048828125,0.0025020941289906,114.5527,4504.08,89.83,2.03
2022-02-14,1868,0.01466805354214084,114.8413,4418.64,93.1,1.92
2022-02-15,1854.800048828125,-0.00709143994620475,115.1946,4401.67,95.52,1.98
2022-02-16,1870.199951171875,0.00826845105025775,114.93,4471.07,92.07,2.05
2022-02-17,1900.699951171875,0.01617686277440189,114.6886,4475.01,93.83,2.03
2022-02-18,1898.5999755859375,-0.00110545407852669,114.6755,4380.26,91.78,1.97
2022-02-22,1906.0999755859375,0.00394249733792584,114.7982,4348.87,91.26,1.92
2022-02-23,1909.199951171875,0.00162502362992356,114.7002,4304.76,92.11,1.94
2022-02-24,1925.0999755859375,0.00829362118604226,114.6668,4225.5,92.14,1.99
2022-02-25,1886.5,-0.02025464133824339,115.9419,4288.7,92.77,1.96
2022-02-28,1899.4000244140625,0.00681479925805295,115.2577,4384.65,91.68,1.97
2022-03-01,1942.4000244140625,0.02238627477178045,115.2224,4373.94,96.13,1.83
2022-03-02,1920.9000244140625,-0.01113049553163225,115.7962,4306.26,103.66,1.72
2022-03-03,1934.4000244140625,0.0070033745789626,115.7623,4386.54,110.74,1.86
2022-03-04,1965.0999755859375,0.01574590868836622,115.9495,4363.49,107.69,1.86
2022-03-07,1993.9000244140625,0.01454940988733533,116.6503,4328.87,115.77,1.74
2022-03-08,2040.0999755859375,0.0229062822203625,117.3278,4201.09,119.26,1.78
2022-03-09,1985.9000244140625,-0.02692659011377163,117.6176,4170.7,123.64,1.86
2022-03-10,1998.0999755859375,0.00612449262362702,116.5961,4277.88,108.81,1.94
2022-03-11,1982.699951171875,-0.00773718927001798,116.7401,4259.52,105.93,1.98
2022-03-14,1959.5999755859375,-0.01171916921170712,117.0192,4204.31,109.31,2
2022-03-15,1928.5,-0.01599785965743994,117.1506,4173.11,103.22,2.14
2022-03-16,1908,-0.01068692564005147,117.246,4262.45,96.42,2.15
2022-03-17,1942.0999755859375,0.01771427625221378,116.8073,4357.86,94.85,2.19
2022-03-18,1928.199951171875,-0.00718294935332952,116.0467,4411.67,102.97,2.2
2022-03-21,1928.5999755859375,2.0743851021265416e-4,116.1378,4463.12,104.69,2.14
2022-03-22,1920.699951171875,-0.00410466092856864,115.9398,4461.18,112.14,2.32
2022-03-23,1936.5999755859375,0.00824416808200823,116.0824,4511.61,111.03,2.38
2022-03-24,1961.5999755859375,0.0128266087251303,116.005,4456.24,114.89,2.32
2022-03-25,1953.800048828125,-0.00398423508569312,115.9599,4520.16,114.2,2.34
2022-03-28,1939.5999755859375,-0.0072944655661713,115.7921,4543.06,116.2,2.48
2022-03-29,1912,-0.01433193903268748,116.1911,4575.52,107.55,2.46
2022-03-30,1933.5,0.01118201743600533,115.5679,4631.6,104.25,2.41
2022-03-31,1949.199951171875,0.00808717487165822,115.0818,4602.45,107.81,2.35
2022-04-01,1919.0999755859375,-0.01556269351642924,115.2218,4530.41,100.53,2.32
2022-04-04,1929.199951171875,0.00524907048219791,115.4814,4545.86,99.32,2.39
2022-04-05,1922.9000244140625,-0.003270908031757,115.4112,4582.64,103.29,2.42
2022-04-06,1918.4000244140625,-0.00234295785350902,115.73,4525.12,101.98,2.54
2022-04-07,1933.800048828125,0.00799548629976598,115.9995,4481.15,96.39,2.61
2022-04-08,1941.5999755859375,0.00402535853891539,116.3512,4500.21,96.05,2.66
2022-04-11,1944.300048828125,0.00138967737705808,116.4176,4488.28,98.35,2.72
2022-04-12,1972.0999755859375,0.0141969122210428,116.5401,4412.53,94.22,2.79
2022-04-13,1981,0.00450281526225637,116.3866,4397.45,100.52,2.72
2022-04-14,1970.9000244140625,-0.00511146411283647,116.2796,4446.59,104.26,2.7
2022-04-18,1982.9000244140625,0.00607012833134668,116.7558,4392.59,106.84,2.83
2022-04-19,1955.699951171875,-0.0138122712855413,116.8441,4391.69,108.24,2.85
2022-04-20,1952.300048828125,-0.00173997093219924,117.1324,4462.21,102.54,2.93
2022-04-21,1944.9000244140625,-0.00379761529739841,116.7306,4459.45,102.56,2.85
2022-04-22,1931,-0.00717257097340784,117.1432,4393.66,103.89,2.9
2022-04-25,1893.199951171875,-0.01976951018774109,118.0186,4271.78,102.86,2.9
2022-04-26,1901.4000244140625,0.00432197652420196,118.6271,4296.12,99.6,2.81
2022-04-27,1885.9000244140625,-0.00818529630107978,118.9624,4175.2,102.62,2.77
2022-04-28,1888.699951171875,0.00148356238513525,119.4708,4183.96,101.96,2.82
2022-04-29,1909.300048828125,0.01084797244422386,120.0675,4287.5,105.47,2.85
2022-05-02,1861.800048828125,-0.02519292038456555,119.4933,4131.93,104.59,2.89
2022-05-03,1868.800048828125,0.00375275185328138,119.8825,4155.38,105.18,2.99
2022-05-04,1867,-9.636752202482056e-4,119.7043,4175.48,102.53,2.97
2022-05-05,1874,0.00374231925664503,119.5592,4300.17,107.84,2.93
2022-05-06,1881.199951171875,0.00383466131668619,120.0068,4146.87,108.17,3.05
2022-05-09,1857.0999755859375,-0.01289372706238367,119.8577,4123.34,109.72,3.12
2022-05-10,1839.9000244140625,-0.00930488248338878,120.4972,3991.24,103.08,3.05
2022-05-11,1852.5999755859375,0.00687880907237659,120.7742,4001.05,99.74,2.99
2022-05-12,1823.800048828125,-0.01566778136935198,120.3925,3935.18,105.5,2.91
2022-05-13,1807.4000244140625,-0.0090329012966146,121.2796,3930.08,106.15,2.84
2022-05-16,1813.5,0.003369317747266,120.8442,4023.89,110.52,2.93
2022-05-17,1818.199951171875,0.00258829410960004,120.6881,4008.01,114.07,2.88
2022-05-18,1815.9000244140625,-0.0012657478221989,119.8871,4088.85,112.31,2.98
2022-05-19,1841.199951171875,0.013836280412999,120.0274,3923.68,109.67,2.89
2022-05-20,1841.800048828125,3.2587437499831395e-4,119.4278,3900.79,112.21,2.84
2022-05-23,1847.800048828125,0.00325238786329418,119.3677,3901.36,112.63,2.78
2022-05-24,1865.0999755859375,0.00931888919180323,118.7169,3973.75,110.32,2.86
2022-05-25,1846.199951171875,-0.01018521174530917,118.6245,3941.48,112.55,2.76
2022-05-26,1847.4000244140625,6.498122657294658e-4,118.9598,3978.73,112.88,2.75
2022-05-27,1851.300048828125,0.00210886299630441,118.7687,4057.84,116.19,2.75
2022-05-31,1842.699951171875,-0.00465626052750423,118.2834,4158.24,114.96,2.74
2022-06-01,1843.300048828125,3.256091489705071e-4,118.0704,4132.15,114.38,2.85
2022-06-02,1866.5,0.01250754936299447,118.6954,4101.23,115.26,2.94
2022-06-03,1845.4000244140625,-0.01136894998049697,118.0658,4176.82,116.88,2.92
2022-06-06,1839.199951171875,-0.00336540147373742,118.2153,4108.54,118.97,2.96
2022-06-07,1847.5,0.00450270592195245,118.3081,4121.43,118.41,3.04
2022-06-08,1851.9000244140625,0.00237877842885403,118.4414,4160.68,119.55,2.98
2022-06-09,1848.800048828125,-0.00167534588032758,118.3951,4115.77,121.94,3.03
2022-06-10,1871.5,0.01220344197360034,118.9226,4017.82,121.52,3.04
2022-06-13,1828,-0.02351777533038834,119.9981,3900.86,120.73,3.15
2022-06-14,1809.5,-0.01017190901029785,121.1523,3749.63,120.92,3.43
2022-06-15,1815.300048828125,0.00320020619068994,121.6669,3735.48,118.92,3.49
2022-06-16,1845.699951171875,0.01660781266368705,121.6403,3789.99,115.32,3.33
2022-06-17,1835.5999755859375,-0.00548719263781283,120.6714,3666.77,117.56,3.28
2022-06-21,1834.5999755859375,-5.449294523733883e-4,121.2369,3674.84,109.56,3.25
2022-06-22,1834.300048828125,-1.634968281960525e-4,120.6427,3764.79,110.49,3.31
2022-06-23,1825.699951171875,-0.00469951556520609,120.5197,3759.89,106.22,3.16
2022-06-24,1826.5,4.3811886075140194e-4,120.76220000000001,3795.73,105.75,3.09
2022-06-27,1820.9000244140625,-0.00307066948984946,120.4853,3911.74,109.07,3.13
2022-06-28,1817.5,-0.00186896733781338,120.1736,3900.11,111.44,3.2
2022-06-29,1813.699951171875,-0.00209299970612786,120.62,3821.55,113.66,3.2
2022-06-30,1804.0999755859375,-0.00530709177533328,120.9616,3818.83,111.65,3.1
2022-07-01,1798.9000244140625,-0.00288645838591072,120.9652,3785.38,107.76,2.98
2022-07-05,1761.800048828125,-0.02083933914969993,121.5058,3825.33,110.3,2.88
2022-07-06,1734.9000244140625,-0.01538625248600311,122.6203,3831.39,101.55,2.82
2022-07-07,1737.9000244140625,0.00172771291411333,123.0073,3845.08,100.31,2.93
2022-07-08,1740.5999755859375,0.00155236551046655,122.7257,3902.62,104.62,3.01
2022-07-11,1730,-0.006108458837355,122.4662,3899.38,106.78,3.09
2022-07-12,1723.300048828125,-0.00388032287021022,123.2974,3854.43,106.09,2.99
2022-07-13,1734.199951171875,0.0063050981654511,123.4524,3818.8,97.69,2.96
2022-07-14,1704.5,-0.01727437120910746,123.2834,3801.78,98.44,2.91
2022-07-15,1702.4000244140625,-0.00123277808966548,124.0622,3790.38,97.79,2.96
2022-07-18,1709.199951171875,0.00398636171375343,123.4765,3863.16,99.59,2.93
2022-07-19,1710,4.6797429465961216e-4,122.7727,3830.85,104.48,2.96
2022-07-20,1699.5,-0.00615928036053414,122.4819,3936.69,106.12,3.01
2022-07-21,1712.699951171875,0.00773695399270746,122.5997,3959.9,104.45,3.04
2022-07-22,1727.0999755859375,0.00837264308512431,122.9032,3998.95,98.44,2.91
2022-07-25,1719,-0.0047009608311539,122.451,3961.63,97.71,2.77
2022-07-26,1717.699951171875,-7.565681663264101e-4,122.4594,3966.84,99.83,2.81
2022-07-27,1719.0999755859375,8.147256292714289e-4,122.7581,3921.05,97.74,2.81
2022-07-28,1750.300048828125,0.01798634584799874,122.8169,4023.61,100.03,2.78
2022-07-29,1762.9000244140625,0.00717296444671244,122.1161,4072.43,99.11,2.68
2022-08-01,1769,0.00345422101927983,121.7678,4130.29,101.31,2.67
2022-08-02,1771.0999755859375,0.00118639351811289,121.4109,4118.63,96.59,2.6
2022-08-03,1758,-0.00742400943277576,121.9486,4091.19,97.14,2.75
2022-08-04,1788.5,0.01720048045395028,122.3888,4155.17,93.25,2.73
2022-08-05,1772.9000244140625,-0.00876064202404425,121.8333,4151.94,91.29,2.68
2022-08-08,1786.800048828125,0.00780970013007031,122.321,4145.19,91.77,2.83
2022-08-09,1794,0.00402142581364284,121.8783,4140.06,93.52,2.77
2022-08-10,1795.5999755859375,8.914506924311283e-4,121.8614,4122.47,93.18,2.8
2022-08-11,1789.699951171875,-0.00329123357066496,120.7543,4210.24,94.68,2.78
2022-08-12,1798.5999755859375,0.00496059016598149,120.7163,4207.27,97.02,2.87
2022-08-15,1781.4000244140625,-0.00960898520373376,121.018,4280.15,94.86,2.84
2022-08-16,1773.199951171875,-0.00461378936858469,121.4315,4297.14,92.24,2.79
2022-08-17,1760.300048828125,-0.00730151954372004,121.6807,4305.2,89.23,2.82
2022-08-18,1755.300048828125,-0.00284446651061287,122.0711,4274.04,90.85,2.89
2022-08-19,1747.5999755859375,-0.00439640617260828,122.3627,4283.74,93.2,2.88
2022-08-22,1734,-0.00781252576674251,123.0501,4228.48,93.55,2.98
2022-08-23,1746.800048828125,0.00735469222381812,123.605,4137.99,93.42,3.03
2022-08-24,1747.800048828125,5.723115660449807e-4,123.0547,4128.73,96.46,3.05
2022-08-25,1757.699951171875,0.00564822630894656,123.109,4140.77,95.52,3.11
2022-08-26,1736.0999755859375,-0.01236490425398351,123.0586,4199.12,93.33,3.03
2022-08-29,1736.5999755859375,2.87960382690855e-4,123.0656,4057.66,93.63,3.04
2022-08-30,1723.199951171875,-0.00774616550160711,123.4686,4030.61,97.4,3.12
2022-08-31,1712.800048828125,-0.00605351228314443,123.6848,3986.16,92.08,3.11
2022-09-01,1696.5999755859375,-0.00950325279961106,123.535,3955,90.09,3.15
2022-09-02,1709.800048828125,0.00775019916629116,124.4006,3966.85,87.09,3.26
2022-09-06,1700.4000244140625,-0.00551290130746284,123.7743,3924.26,87.29,3.2
2022-09-07,1715.300048828125,0.00872448903953948,124.767,3908.19,87.35,3.33
2022-09-08,1708,-0.00426492553349344,124.8408,3979.87,82.5,3.27
2022-09-09,1716.199951171875,0.00478942057320264,124.578,4006.18,84.04,3.29
2022-09-12,1728.0999755859375,0.00691000901053673,123.7874,4067.36,87.27,3.33
2022-09-13,1705,-0.01345741421463753,123.3332,4110.41,88.18,3.37
2022-09-14,1696.5,-0.00499780549333284,124.4242,3932.69,87.84,3.42
2022-09-15,1665.4000244140625,-0.01850195576298663,124.4509,3946.01,88.88,3.41
2022-09-16,1671.699951171875,0.00377569403862221,124.8843,3901.35,85.72,3.45
2022-09-19,1666.199951171875,-0.00329548826419223,124.8794,3873.33,85.57,3.45
2022-09-20,1659.699951171875,-0.00390872152890509,125.0104,3899.89,86.15,3.49
2022-09-21,1664.5999755859375,0.00294800593854738,125.1248,3855.93,84.69,3.57
2022-09-22,1670.800048828125,0.00371774320204831,125.7399,3789.93,83.38,3.51
2022-09-23,1645.300048828125,-0.01537981477747596,126.1667,3757.99,84.02,3.7
2022-09-26,1623.300048828125,-0.01346162367359937,127.2853,3693.23,79.07,3.69
2022-09-27,1626.699951171875,0.00209224835938925,128.4539,3655.04,77.17,3.88
2022-09-28,1660.4000244140625,0.02050515912687434,128.4386,3647.29,78.91,3.97
2022-09-29,1658.5,-0.00114497249549927,128.0884,3719.04,82.61,3.72
2022-09-30,1662.4000244140625,0.00234877664388921,127.5437,3640.47,81.78,3.76
2022-10-03,1692.9000244140625,0.01818069303365099,127.5148,3585.62,79.91,3.83
2022-10-04,1721.0999755859375,0.01652055802613716,127.0813,3678.43,84.05,3.67
2022-10-05,1711.4000244140625,-0.0056518438412807,126.1819,3790.93,86.87,3.62
2022-10-06,1711.699951171875,1.7523692601439933e-4,126.8616,3783.28,88.22,3.76
2022-10-07,1700.5,-0.00656467472826882,127.2493,3744.52,88.9,3.83
2022-10-10,1667.300048828125,-0.01971674459509032,127.3111,3639.66,93.07,3.89
2022-10-11,1678.699951171875,0.00681407438934034,127.3111,3612.39,91.6,3.89
2022-10-12,1670.300048828125,-0.00501637501245166,127.6641,3588.84,89.75,3.93
2022-10-13,1670,-1.7965381824769366e-4,128.1481,3577.03,87.83,3.91
2022-10-14,1641.699951171875,-0.01709136585274517,127.7286,3669.91,89.59,3.97
2022-10-17,1657,0.00927647786850727,128.3325,3583.07,86.1,4
2022-10-18,1649,-0.00483969486696356,127.6448,3677.95,86,4.02
2022-10-19,1627.5,-0.01312394847687503,127.9153,3719.98,83.29,4.01
2022-10-20,1630.800048828125,0.00202562680358386,128.3968,3695.16,86,4.14
2022-10-21,1651,0.01231044303382056,128.0052,3665.78,86.02,4.24
2022-10-24,1648.699951171875,-0.00139409596913253,127.6735,3752.75,85.47,4.21
2022-10-25,1652.800048828125,0.00248377995704807,128.0304,3797.34,86.12,4.25
2022-10-26,1664,0.00675349347311016,127.3771,3859.11,86.93,4.1
2022-10-27,1660.699951171875,-0.00198517157058208,126.4723,3830.6,89.39,4.04
2022-10-28,1639.5999755859375,-0.01278687607064466,126.7028,3807.3,89.06,3.96
2022-10-31,1635.9000244140625,-0.00225916821586835,127.2135,3901.06,87.85,4.02
2022-11-01,1645,0.00554725767541341,127.6219,3871.98,86.54,4.1
2022-11-02,1645.699951171875,4.2541173173926694e-4,127.3987,3856.1,88.36,4.07
2022-11-03,1627.300048828125,-0.01124356625903644,127.3115,3759.69,90.06,4.1
2022-11-04,1672.5,0.02739728333020874,128.1743,3719.89,88.14,4.14
2022-11-07,1676.5,0.00238877390389902,127.1468,3770.55,92.58,4.17
2022-11-08,1712.0999755859375,0.02101238604477107,126.3062,3806.8,91.8,4.22
2022-11-09,1710.0999755859375,-0.00116883890844032,125.633,3828.11,88.8,4.14
2022-11-10,1750.300048828125,0.02323539565117904,125.9861,3748.57,85.79,4.12
2022-11-11,1766,0.00892987247011234,124.7044,3956.37,86.52,3.82
2022-11-14,1773.5999755859375,0.00429426337293836,124.7044,3992.93,89.14,3.82
2022-11-15,1773.800048828125,1.1279993292134805e-4,123.4277,3957.25,85.85,3.88
2022-11-16,1773,-4.511383955572157e-4,123.039,3991.73,86.87,3.8
2022-11-17,1760.800048828125,-0.00690474813130848,123.2817,3958.79,85.62,3.67
2022-11-18,1751.9000244140625,-0.00506735176536032,123.977,3946.56,81.69,3.77
2022-11-21,1737.4000244140625,-0.00831117029965078,123.8524,3965.34,80.07,3.82
2022-11-22,1738.300048828125,5.17895339190666e-4,124.7009,3949.94,79.74,3.83
2022-11-23,1744.9000244140625,0.00378960917877435,124.2365,4003.58,80.83,3.76
2022-11-25,1753.300048828125,0.00480249292949874,123.7574,4027.26,77.93,3.71
2022-11-28,1740.0999755859375,-0.00755718553408346,123.3386,4026.12,76.45,3.68
2022-11-29,1748.4000244140625,0.00475852916155084,123.6032,3963.94,77.1,3.69
2022-11-30,1746,-0.00137364055327182,123.6615,3957.63,77.96,3.75
2022-12-01,1801.0999755859375,0.03107011838837969,123.5175,4080.11,80.48,3.68
2022-12-02,1795.9000244140625,-0.00289127316890347,122.0045,4076.57,81.06,3.53
2022-12-05,1767.4000244140625,-0.01599674872157308,122.0102,4071.7,79.86,3.51
2022-12-06,1769.300048828125,0.00107446181893156,122.6384,3998.84,76.83,3.6
2022-12-07,1785.5,0.0091144723181209,123.0191,3941.26,74.21,3.51
2022-12-08,1788.699951171875,0.00179058366658946,122.7608,3933.92,71.93,3.42
2022-12-09,1798.0999755859375,0.00524146655879942,122.4152,3963.51,71.3,3.48
2022-12-12,1780.5,-0.00983631454205902,122.4201,3934.38,71.05,3.57
2022-12-13,1813.9000244140625,0.01858501310552185,122.7714,3990.56,72.96,3.61
2022-12-14,1807.5,-0.00353456179043476,121.8493,4019.65,75.44,3.51
2022-12-15,1777.199951171875,-0.01690561044591643,121.8226,3995.32,77.14,3.49
2022-12-16,1790,0.00717655524779736,122.5519,3895.75,75.89,3.44
2022-12-19,1787.699951171875,-0.00128576972713556,122.6505,3852.36,74.19,3.48
2022-12-20,1815.9000244140625,0.01565137590269305,122.5275,3817.66,75.05,3.57
2022-12-21,1815.9000244140625,0,122.1357,3821.62,75.92,3.69
2022-12-22,1787,-0.01604298985093066,122.2828,3878.44,78.17,3.68
2022-12-23,1795.9000244140625,0.00496806645959591,122.2419,3822.39,77.68,3.67
2022-12-27,1814.800048828125,0.010468993076298,121.9743,3844.82,79.57,3.75
2022-12-28,1807.9000244140625,-0.00380933150325279,121.7539,3829.25,79.45,3.84
2022-12-29,1819.5,0.00639577386014611,122.0075,3783.22,78.89,3.88
2022-12-30,1819.699951171875,1.0988743391848745e-4,121.6577,3849.28,78.43,3.83
2023-01-03,1839.699951171875,0.01093086280425215,121.4256,3839.5,80.16,3.88
2023-01-04,1852.800048828125,0.00709554644198462,122.0905,3824.14,76.87,3.79
2023-01-05,1834.800048828125,-0.00976252439712066,121.5008,3852.97,72.82,3.69
2023-01-06,1864.199951171875,0.01589647009927119,122.1017,3808.1,73.61,3.71
2023-01-09,1872.699951171875,0.0045492332582917,121.0852,3895.08,73.77,3.55
2023-01-10,1871.5999755859375,-5.875467452387539e-4,120.1508,3892.09,74.69,3.53
2023-01-11,1874.5999755859375,0.00160162334119995,120.2483,3919.25,75.11,3.61
2023-01-12,1895.5,0.01108736566761603,120.1614,3969.61,77.46,3.54
2023-01-13,1918.4000244140625,0.0120088620431229,119.4218,3983.17,78.32,3.43
2023-01-17,1907.199951171875,-0.00585534573047752,119.1673,3999.09,79.9,3.49
2023-01-18,1904.4000244140625,-0.00146916112885264,119.2121,3990.97,80.25,3.53
2023-01-19,1922.0999755859375,0.00925131447113791,119.0755,3928.86,79.53,3.37
2023-01-20,1926.4000244140625,0.00223466317659415,119.6107,3898.85,80.31,3.39
2023-01-23,1927.0999755859375,3.632807471509736e-4,119.3486,3972.61,81.27,3.48
2023-01-24,1933.9000244140625,0.00352243245745054,119.1434,4019.81,81.62,3.52
2023-01-25,1941.199951171875,0.00376761138496739,119.0958,4016.95,79.86,3.46
2023-01-26,1929.0999755859375,-0.00625275313931439,118.9686,4016.22,79.78,3.46
2023-01-27,1928.5999755859375,-2.5922182084059386e-4,119.021,4060.43,80.64,3.49
2023-01-30,1922.9000244140625,-0.0029598625643068,118.9223,4070.56,79.73,3.52
2023-01-31,1929.5,0.00342642612465216,118.8953,4017.77,77.97,3.55
2023-02-01,1927.800048828125,-8.814202993878695e-4,118.9802,4076.6,78.95,3.52
2023-02-02,1916.300048828125,-0.00598321272341895,118.6259,4119.21,76.34,3.39
2023-02-03,1862.9000244140625,-0.02826184255379704,118.3421,4179.76,75.87,3.4
2023-02-06,1866.199951171875,0.00176982523438606,119.5095,4136.48,73.4,3.53
2023-02-07,1871.699951171875,0.00294283106181314,120.541,4111.08,74.11,3.63
2023-02-08,1877.4000244140625,0.00304077120981016,120.3475,4164,77.17,3.67
2023-02-09,1866.199951171875,-0.00598360227162331,120.1436,4117.86,78.47,3.63
2023-02-10,1862.800048828125,-0.00182349331501363,119.9781,4081.5,78.04,3.67
2023-02-13,1851.9000244140625,-0.00586860606923167,120.1419,4090.46,79.74,3.74
2023-02-14,1854,0.00113331487458978,119.9828,4137.29,80.14,3.72
2023-02-15,1834.199951171875,-0.0107370746218951,119.9229,4136.13,79.08,3.77
2023-02-16,1842,0.00424354531134696,120.4557,4147.6,78.57,3.81
2023-02-17,1840.4000244140625,-8.689852683101407e-4,120.4651,4090.41,78.45,3.86
2023-02-21,1833,-0.00402898370723736,120.5526,4079.09,76.31,3.82
2023-02-22,1832,-5.457026056294723e-4,120.6256,3997.34,76.28,3.95
2023-02-23,1818,-0.00767127049665106,120.8389,3991.05,73.95,3.93
2023-02-24,1808.800048828125,-0.00507332677890293,121.0896,4012.32,75.26,3.88
2023-02-27,1817,0.0045231204376499,121.5681,3970.04,76.19,3.95
2023-02-28,1828.9000244140625,0.0065279171634005,121.3941,3982.24,75.57,3.92
2023-03-01,1837.699951171875,0.00480005657156912,121.3341,3970.15,76.88,3.92
2023-03-02,1833.5,-0.00228805461976033,120.6347,3951.39,77.57,4.01
2023-03-03,1847.699951171875,0.00771488742329129,121.1302,3981.35,78.05,4.08
2023-03-06,1847.9000244140625,1.0827646049538232e-4,120.7742,4045.64,79.62,3.97
2023-03-07,1813.9000244140625,-0.01857063557181248,120.485,4048.42,80.39,3.98
2023-03-08,1812.699951171875,-6.618172911645459e-4,121.4623,3986.37,77.45,3.97
2023-03-09,1829.300048828125,0.00911598715730743,121.4511,3992.01,76.56,3.98
2023-03-10,1862,0.01771777214751502,121.4458,3918.32,75.6,3.93
2023-03-13,1911.699951171875,0.02634169415622977,121.2421,3861.59,76.55,3.7
2023-03-14,1906.199951171875,-0.00288116710514341,120.8897,3855.76,74.68,3.55
2023-03-15,1926.5999755859375,0.01064507276332715,121.0141,3919.29,71.18,3.64
2023-03-16,1919,-0.00395256164372614,122.1079,3891.93,67.38,3.51
2023-03-17,1969.800048828125,0.02612782251626821,121.7221,3960.28,68.15,3.56
2023-03-20,1979.199951171875,0.00476065844361794,121.5643,3916.64,66.61,3.39
2023-03-21,1938,-0.02103618451687428,121.0141,3951.57,67.56,3.47
2023-03-22,1946.800048828125,0.00453051058981035,120.8958,4002.87,69.4,3.59
2023-03-23,1993.800048828125,0.02385536603806226,120.6217,3936.97,70.71,3.48
2023-03-24,1982.0999755859375,-0.00588551369190604,119.7587,3948.72,69.77,3.38
2023-03-27,1952.4000244140625,-0.01509747886904477,120.4598,3970.99,69.22,3.38
2023-03-28,1972.4000244140625,0.01019169021018306,120.2541,3977.53,72.87,3.53
2023-03-29,1966.0999755859375,-0.0031992150318798,119.7138,3971.27,73.12,3.55
2023-03-30,1980.300048828125,0.00719650032383079,119.7258,4027.81,72.95,3.57
2023-03-31,1969,-0.00572257338064208,119.4078,4050.83,74.32,3.55
2023-04-03,1983.9000244140625,0.00753881701569625,119.3602,4109.31,75.68,3.48
2023-04-04,2022.199951171875,0.01912138685643505,119.3204,4124.51,80.4,3.43
2023-04-05,2020.9000244140625,-6.430347062673647e-4,119.142,4100.6,80.7,3.35
2023-04-06,2011.9000244140625,-0.00446340747496964,119.2953,4090.38,80.69,3.3
2023-04-10,1989.0999755859375,-0.01139729849292869,119.3072,4105.02,80.7,3.3
2023-04-11,2004.800048828125,0.00786206666032107,119.7948,4109.11,79.79,3.41
2023-04-12,2010.9000244140625,0.00303806567547315,119.5248,4108.94,81.54,3.43
2023-04-13,2041.300048828125,0.01500448852676505,119.003,4091.95,83.26,3.41
2023-04-14,2002.199951171875,-0.01934033210150421,118.3915,4146.22,82.16,3.45
2023-04-17,1994.199951171875,-0.00400360868852356,118.8567,4137.64,82.58,3.52
2023-04-18,2007.4000244140625,0.00659742163210896,119.2787,4151.32,80.93,3.6
2023-04-19,1995.199951171875,-0.00609609308875747,119.1049,4154.87,80.85,3.58
2023-04-20,2007.5999755859375,0.00619569516698437,119.303,4154.52,79.18,3.6
2023-04-21,1979.5,-0.0140956790737734,119.1199,4129.79,77.27,3.54
2023-04-24,1989.0999755859375,0.00483797529090601,119.3117,4133.52,77.86,3.57
2023-04-25,1994,0.00246040868469243,119.2039,4137.04,78.64,3.52
2023-04-26,1985.699951171875,-0.00417119931867748,119.613,4071.63,77.05,3.4
2023-04-27,1989.9000244140625,0.00211292626550374,119.3228,4055.99,74.33,3.43
2023-04-28,1990.0999755859375,1.0047797590040376e-4,119.4298,4135.35,74.77,3.53
2023-05-01,1983.4000244140625,-0.00337232038328849,119.2248,4169.48,76.78,3.44
2023-05-02,2014.300048828125,0.0154592086638976,119.4435,4167.87,75.65,3.59
2023-05-03,2028.5999755859375,0.00707412318184452,119.6105,4119.58,71.71,3.44
2023-05-04,2048,0.00951781925243455,119.1233,4090.75,68.62,3.38
2023-05-05,2017.4000244140625,-0.01505414143691741,119.0465,4061.22,68.52,3.37
2023-05-08,2026.300048828125,0.00440192824598639,118.5548,4136.25,71.32,3.44
2023-05-09,2036.199951171875,0.00487380772460355,118.5759,4138.12,73.13,3.52
2023-05-10,2030.5,-0.00280323356671896,118.8239,4119.17,73.68,3.53
2023-05-11,2014.699951171875,-0.00781179144041743,118.5864,4137.64,72.53,3.43
2023-05-12,2014.5,-9.92510545323455e-5,119.0303,4130.62,70.81,3.39
2023-05-15,2018,0.00173589628215165,119.3671,4124.08,70.02,3.46
2023-05-16,1988.4000244140625,-0.01477661441479139,119.1608,4136.28,71.07,3.5
2023-05-17,1980.699951171875,-0.00388001458749798,119.1743,4109.9,70.85,3.54
2023-05-18,1956.5,-0.01229313026079737,119.607,4158.77,72.78,3.57
2023-05-19,1978.699951171875,0.01128287607105527,120.0886,4198.05,71.82,3.65
2023-05-22,1974.800048828125,-0.00197288661120964,119.7751,4191.98,71.57,3.7
2023-05-23,1972.4000244140625,-0.0012160643824961,120.0875,4192.63,71.81,3.72
2023-05-24,1962.800048828125,-0.00487903763529828,120.3204,4145.58,72.87,3.7
2023-05-25,1943.0999755859375,-0.01008742680002861,120.4752,4115.24,74.37,3.73
2023-05-26,1944.0999755859375,5.145091760763165e-4,120.8413,4151.28,71.68,3.83
2023-05-30,1958,0.00712441162188959,120.6304,4205.45,72.35,3.8
2023-05-31,1963.9000244140625,0.00300876046213982,120.5546,4205.52,69.45,3.69
2023-06-01,1978,0.00715392863006147,120.9662,4179.83,68.11,3.64
2023-06-02,1952.4000244140625,-0.01302683566502338,120.0491,4221.02,70.09,3.61
2023-06-05,1958,0.00286414657282207,120.0049,4282.37,71.76,3.69
2023-06-06,1965.5,0.00382312177145927,120.0048,4273.79,72.14,3.69
2023-06-07,1942.699951171875,-0.01166793295133672,119.9718,4283.85,71.71,3.7
2023-06-08,1963.5999755859375,0.01070077784000123,119.859,4267.52,72.52,3.79
2023-06-09,1962.199951171875,-7.132429056664336e-4,119.5712,4293.93,71.28,3.73
2023-06-12,1955.300048828125,-0.00352260854049291,119.4322,4298.86,70.16,3.75
2023-06-13,1944.5999755859375,-0.00548737148366296,119.6376,4338.93,67.08,3.73
2023-06-14,1955.300048828125,0.00548737148366296,119.1899,4369.01,69.39,3.84
2023-06-15,1957.800048828125,0.00127775946321229,118.776,4372.59,68.22,3.83
2023-06-16,1958.4000244140625,3.0640701670581194e-4,118.5521,4425.84,70.61,3.72
2023-06-20,1935.5,-0.01176213476663523,118.4184,4409.59,71.81,3.77
2023-06-21,1933.300048828125,-0.00113727842288469,118.938,4388.71,70.94,3.74
2023-06-22,1912.699951171875,-0.01071258172670663,118.727,4365.69,72.55,3.72
2023-06-23,1919.0999755859375,0.00334048253446894,118.7552,4381.89,69.22,3.8
2023-06-26,1923.699951171875,0.00239407612715325,119.152,4348.33,68.91,3.74
2023-06-27,1914,-0.00505509651683411,119.0761,4328.82,69.09,3.72
2023-06-28,1912.300048828125,-8.885614102558392e-4,118.8949,4378.41,67.68,3.77
2023-06-29,1909.199951171875,-0.00162245104607805,119.3382,4376.86,69.54,3.71
2023-06-30,1921.0999755859375,0.00621364536945456,119.527,4396.44,69.85,3.85
2023-07-03,1921.699951171875,3.122596035431968e-4,119.3606,4450.38,70.66,3.81
2023-07-05,1919.5999755859375,-0.00109336726378028,119.2119,4455.59,69.71,3.86
2023-07-06,1908.699951171875,-0.00569446181181199,119.3483,4446.82,71.78,3.95
2023-07-07,1926.199951171875,0.00912676832333492,119.8193,4411.59,71.76,4.05
2023-07-10,1925,-6.231570554220411e-4,119.0761,4398.95,73.91,4.06
2023-07-11,1931.300048828125,0.00326740883918574,118.9548,4409.53,73.05,4.01
2023-07-12,1956.199951171875,0.01281041433461993,118.7344,4439.26,74.87,3.99
2023-07-13,1959.199951171875,0.00153241081978627,117.6385,4472.16,75.77,3.86
2023-07-14,1960.0999755859375,4.592781602346108e-4,117.1831,4510.04,76.86,3.76
2023-07-17,1952.4000244140625,-0.00393608235807718,117.0463,4505.42,75.44,3.83
2023-07-18,1977.199951171875,0.01262228021957767,117.1267,4522.79,74.17,3.81
2023-07-19,1977.5,1.5174290459807338e-4,117.0264,4554.98,75.76,3.8
2023-07-20,1968.300048828125,-0.00466316981561032,117.3462,4565.72,75.4,3.75
2023-07-21,1964.300048828125,-0.00203427822819524,117.5947,4534.87,75.65,3.85
2023-07-24,1960.300048828125,-0.00203842495312933,117.9418,4536.34,77.06,3.84
2023-07-25,1962.0999755859375,9.177681383585324e-4,117.8124,4554.64,78.81,3.86
2023-07-26,1968.9000244140625,0.00345970776440296,117.8565,4567.46,79.76,3.91
2023-07-27,1945.4000244140625,-0.01200739956265994,117.76,4566.75,79.11,3.86
2023-07-28,1960.4000244140625,0.00768092250402929,117.8938,4537.41,80.17,4.01
2023-07-31,1970.5,0.00513877114605332,117.788,4582.23,80.55,3.96
2023-08-01,1940.699951171875,-0.01523861007706806,117.8241,4588.96,81.8,3.97
2023-08-02,1937.4000244140625,-0.00170182696424969,118.5738,4576.73,81.37,4.05
2023-08-03,1932,-0.00279114482127784,119.1268,4513.39,79.5,4.08
2023-08-04,1939.5999755859375,0.00392601787157076,119.3963,4501.89,81.56,4.2
2023-08-07,1933.5,-0.00314992159668214,118.821,4478.03,82.76,4.05
2023-08-08,1924.0999755859375,-0.00487351880894326,119.0809,4518.44,81.94,4.09
2023-08-09,1915.4000244140625,-0.00453182240469463,119.6407,4499.38,82.94,4.02
2023-08-10,1914.4000244140625,-5.222204866965896e-4,119.476,4467.71,84.35,4
2023-08-11,1912.9000244140625,-7.838424255561804e-4,119.1581,4468.83,82.81,4.09
2023-08-14,1910.5999755859375,-0.00120311186377097,119.6268,4464.05,83.17,4.16
2023-08-15,1902.5,-0.00424850532184883,120.0725,4489.72,82.5,4.19
2023-08-16,1896.0999755859375,-0.00336967857161951,120.2127,4437.86,81.06,4.21
2023-08-17,1884.0999755859375,-0.0063488918382113,120.3551,4404.33,79.4,4.28
2023-08-18,1886.0999755859375,0.00106095178691134,120.5242,4370.36,80.43,4.3
2023-08-21,1893.300048828125,0.0038101719353385,120.4321,4369.71,81.25,4.26
2023-08-22,1896.4000244140625,0.00163600085360204,120.4627,4399.77,80.71,4.34
2023-08-23,1918.5,0.01158626578514443,120.3554,4387.55,80.25,4.34
2023-08-24,1918.199951171875,-1.564098483353149e-4,120.0307,4436.01,78.91,4.19
2023-08-25,1911.0999755859375,-0.00370824111861001,120.2354,4376.31,79.52,4.23
2023-08-28,1917.9000244140625,0.00355187045030991,120.5137,4405.71,80.47,4.25
2023-08-29,1936.5,0.00965136978443581,120.3155,4433.31,80.65,4.2
2023-08-30,1944.300048828125,0.00401982026044489,120.2669,4497.63,81.14,4.12
2023-08-31,1938.199951171875,-0.003142358107314,119.7937,4514.87,81.64,4.12
2023-09-01,1939.800048828125,8.252180232357631e-4,120.225,4507.66,83.55,4.09
2023-09-05,1926.199951171875,-0.00703577535386745,120.759,4515.77,85.52,4.18
2023-09-06,1918.0999755859375,-0.00421402477791765,121.4345,4496.83,86.74,4.27
2023-09-07,1917.5,-3.128457579775201e-4,121.8671,4465.48,87.55,4.3
2023-09-08,1918.4000244140625,4.692637581014125e-4,121.9528,4451.14,86.87,4.27
2023-09-11,1923.300048828125,0.00255096804948884,121.9475,4457.49,87.51,4.26
2023-09-12,1911.300048828125,-0.00625882171137437,121.3386,4487.46,87.3,4.29
2023-09-13,1909.0999755859375,-0.00115175032527137,121.2913,4461.9,88.87,4.27
2023-09-14,1910,4.713280283201726e-4,121.0549,4467.44,88.59,4.25
2023-09-15,1923.699951171875,0.00714714748905809,121.2395,4505.1,90.13,4.29
2023-09-18,1931.5,0.00404651357660235,121.199,4450.32,90.83,4.33
2023-09-19,1932,2.58832666126807e-4,121.1938,4453.53,91.47,4.32
2023-09-20,1945.5999755859375,0.00701466445103804,121.1645,4443.95,91.16,4.37
2023-09-21,1919.199951171875,-0.01366199313993288,120.9648,4402.2,89.2,4.35
2023-09-22,1925.4000244140625,0.00322534394029272,121.5528,4330,89.56,4.49
2023-09-25,1916.5999755859375,-0.0045809808524142,121.5306,4320.06,90,4.44
2023-09-26,1900.4000244140625,-0.00848836701187849,122.1143,4337.44,89.68,4.55
2023-09-27,1871.5999755859375,-0.01527073621199459,122.4742,4273.53,91.43,4.56
2023-09-28,1860.4000244140625,-0.00600213547461425,122.9895,4274.51,93.67,4.61
2023-09-29,1848.0999755859375,-0.0066334603916065,122.5342,4299.7,91.65,4.59
2023-10-02,1830,-0.00984210424588649,122.3077,4288.05,90.77,4.59
2023-10-03,1824.5999755859375,-0.00295519530459387,123.0545,4288.39,88.81,4.69
2023-10-04,1818.5,-0.00334878610382904,123.7848,4229.45,89.26,4.81
2023-10-05,1816.5999755859375,-0.00104537679835736,123.5946,4263.75,84.32,4.73
2023-10-06,1830.199951171875,0.0074586151734719,123.8993,4258.19,82.3,4.72
2023-10-09,1849.5,0.01049010847035081,123.3563,4308.5,82.83,4.78
2023-10-10,1861,0.00619864536974201,123.3563,4335.66,82.83,4.78
2023-10-11,1872.800048828125,0.00632068560670795,122.9282,4358.24,85.89,4.66
2023-10-12,1869.300048828125,-0.00187060790959847,122.7697,4376.95,83.7,4.58
2023-10-13,1927.4000244140625,0.03060790174466454,123.2101,4349.61,82.87,4.7
2023-10-16,1921.0999755859375,-0.00327403115800439,123.5954,4327.78,87.67,4.63
2023-10-17,1922.699951171875,8.324968566677526e-4,123.3185,4373.63,86.65,4.71
2023-10-18,1955.300048828125,0.01681323652173194,123.1202,4373.2,86.66,4.83
2023-10-19,1968.4000244140625,0.00667738309040188,123.8148,4314.6,88.35,4.91
2023-10-20,1982.5,0.00713763211418072,123.798,4278,89.35,4.98
2023-10-23,1976.300048828125,-0.00313224015577606,123.612,4224.16,89.12,4.93
2023-10-24,1975,-6.580360180041822e-4,123.2846,4217.04,85.49,4.86
2023-10-25,1984.0999755859375,0.0045970001603468,123.6416,4247.68,84.58,4.83
2023-10-26,1987.199951171875,0.00156118967227136,123.7871,4186.77,86.07,4.95
2023-10-27,1988.5999755859375,7.042731011219772e-4,124.0064,4137.23,83.8,4.86
2023-10-30,1996.199951171875,0.00381448752298574,123.62,4117.37,86.04,4.84
2023-10-31,1985.199951171875,-0.00552570867473622,123.4076,4166.82,83.03,4.88
2023-11-01,1978.800048828125,-0.00322901508803497,123.8364,4193.8,81.64,4.88
2023-11-02,1985.5999755859375,0.00343049812560636,123.7922,4237.86,81.05,4.77
2023-11-03,1991.5,0.00296700046691533,122.8818,4317.78,83.04,4.67
2023-11-06,1981.5999755859375,-0.00498353676692797,121.7564,4358.34,81.19,4.57
2023-11-07,1966.800048828125,-0.00749670549080949,121.6484,4365.98,81.54,4.67
2023-11-08,1951.5,-0.00780957374329194,122.0777,4378.38,77.96,4.58
2023-11-09,1964.199951171875,0.00648670524396433,122.0926,4382.78,75.85,4.49
2023-11-10,1932.5999755859375,-0.01621877893218126,122.1281,4347.35,76.34,4.62
2023-11-13,1945.5,0.00665277949215603,122.1281,4415.24,76.34,4.61
2023-11-14,1961.800048828125,0.00834343059505737,122.4264,4411.55,78.86,4.63
2023-11-15,1960.0999755859375,-8.669641439551512e-4,121.35,4495.7,78.9,4.44
2023-11-16,1983.9000244140625,0.01206913677911103,121.0749,4502.88,77.15,4.53
2023-11-17,1981.5999755859375,-0.00116002980005092,121.1754,4508.24,73.5,4.45
2023-11-20,1977.699951171875,-0.00197005821614038,120.8477,4514.02,76.47,4.44
2023-11-21,1999.300048828125,0.01086261506176633,120.2533,4547.38,78.1,4.42
2023-11-22,1991.4000244140625,-0.00395922248666469,120.2241,4538.19,78.35,4.41
2023-11-24,2002.199951171875,0.00540863038441408,120.6802,4556.62,76.8,4.42
2023-11-27,2011.800048828125,0.00478331637295603,120.2105,4559.34,74.83,4.47
2023-11-28,2039.699951171875,0.01377284629054553,120.173,4550.43,74.46,4.39
2023-11-29,2047.0999755859375,0.00362143125875746,119.5904,4554.89,76.09,4.34
2023-11-30,2038.0999755859375,-0.00440615620690643,119.8159,4550.58,77.56,4.27
2023-12-01,2071,0.01601359308208572,120.2434,4567.8,75.66,4.37
2023-12-04,2024.0999755859375,-0.02290643715578344,119.9424,4594.63,73.7,4.22
2023-12-05,2018.5,-0.00277048394680523,120.4727,4569.78,72.73,4.28
2023-12-06,2030.5,0.00592740683335613,120.7913,4567.18,71.95,4.18
2023-12-07,2029.9000244140625,-2.955253604053354e-4,120.5334,4549.34,68.98,4.12
2023-12-08,1998.300048828125,-0.01568969924387175,120.6013,4585.59,69,4.14
2023-12-11,1978,-0.01021061033941794,120.7607,4604.37,70.87,4.23
2023-12-12,1977.800048828125,-1.0109265866642404e-4,120.9279,4622.44,70.95,4.23
2023-12-13,1982.300048828125,0.00227267080423043,120.6817,4643.7,68.27,4.2
2023-12-14,2030.199951171875,0.0238764749712157,121.1571,4707.09,69.09,4.04
2023-12-15,2021.0999755859375,-0.00449238074430446,119.5683,4719.55,71.21,3.92
2023-12-18,2026.300048828125,0.00256958841333521,119.7382,4719.19,71.05,3.91
2023-12-19,2038.4000244140625,0.00595370438644771,119.9102,4740.56,72.16,3.95
2023-12-20,2034.5,-0.00191510991317045,119.4632,4768.37,73.23,3.93
2023-12-21,2039.0999755859375,0.00225843360599764,119.5435,4698.35,73.87,3.86
2023-12-22,2057.10009765625,0.00878874938346196,119.3168,4746.75,73.59,3.89
2023-12-26,2058.199951171875,5.345192470835869e-4,119.0625,4754.63,73.29,3.9
2023-12-27,2081.89990234375,0.01144910069616678,118.8875,4774.75,75.84,3.89
2023-12-28,2073.89990234375,-0.00385004584334236,118.4729,4781.58,74.31,3.79
2023-12-29,2062.39990234375,-0.00556053969697156,118.4104,4783.35,72.02,3.84
2024-01-02,2064.39990234375,9.692741355236124e-4,118.4208,4769.83,71.89,3.88
2024-01-03,2034.199951171875,-0.01473698278176982,119.2686,4742.83,70.62,3.95
2024-01-04,2042.300048828125,0.00397405044361676,119.6958,4704.81,72.97,3.91
2024-01-05,2042.4000244140625,4.895124937753792e-5,119.6208,4688.68,72.38,3.99
2024-01-08,2026.5999755859375,-0.00776609891348023,119.388,4697.24,74,4.05
2024-01-09,2026.4000244140625,-9.866823194570884e-5,119.2506,4763.54,71.06,4.01
2024-01-10,2021.699951171875,-0.00232211426719519,119.6666,4756.5,72.43,4.02
2024-01-11,2014.300048828125,-0.00366695274314832,119.7614,4783.45,71.57,4.04
2024-01-12,2046.699951171875,0.01595695140328246,119.8916,4780.24,72.15,3.98
2024-01-16,2026,-0.01016531031977319,119.534,4783.83,72.94,3.96
2024-01-17,2002.5999755859375,-0.01161708172610875,120.5759,4765.98,72.63,4.07
2024-01-18,2018.5999755859375,0.00795786562768707,121.0402,4739.21,72.79,4.1
2024-01-19,2026.5,0.00390597735815667,120.8895,4780.94,74.32,4.14
2024-01-22,2019.800048828125,-0.00331164630117442,120.6442,4839.81,73.69,4.15
2024-01-23,2023.699951171875,0.0019289741822801,120.6178,4850.43,75.26,4.11
2024-01-24,2013.9000244140625,-0.00485434221387581,121.1001,4864.6,74.72,4.14
2024-01-25,2016.9000244140625,0.00148853851225361,120.4916,4868.55,75.48,4.18
2024-01-26,2016.800048828125,-4.957016344508958e-5,120.8311,4894.16,77.91,4.14
2024-01-29,2025.199951171875,0.00415631590107867,120.6173,4890.97,78.45,4.15
2024-01-30,2031.5,0.00310599944230105,120.8538,4927.93,77.25,4.08
2024-01-31,2048.39990234375,0.0082845164862082,120.6025,4924.97,78.3,4.06
2024-02-01,2053,0.00224318510494381,120.4331,4845.65,76.28,3.99
2024-02-02,2036.0999755859375,-0.00826593663171237,120.3335,4906.19,74.36,3.87
2024-02-05,2025.699951171875,-0.00512090567178269,120.902,4958.61,72.72,4.03
2024-02-06,2034.5,0.00433479272630599,121.349,4942.81,73.21,4.17
2024-02-07,2035.199951171875,3.4398171225102914e-4,120.9588,4954.23,73.83,4.09
2024-02-08,2032.199951171875,-0.00147514412943916,120.9049,4995.06,74.26,4.09
2024-02-09,2023.300048828125,-0.00438906010649375,121.0798,4997.91,76.67,4.15
2024-02-12,2018.199951171875,-0.00252386508153268,121.039,5026.61,77.26,4.17
2024-02-13,1992.9000244140625,-0.01261512424670474,120.9378,5021.84,77.34,4.17
2024-02-14,1990.300048828125,-0.00130547093160338,121.5202,4953.17,78.28,4.31
2024-02-15,2002.0999755859375,0.00591121182520471,121.4002,5000.62,77.09,4.27
2024-02-16,2011.5,0.00468409490641619,121.2121,5029.73,78.47,4.24
2024-02-20,2027.5,0.00792279459972533,121.1505,5005.57,79.65,4.3
2024-02-21,2022.300048828125,-0.0025680053172179,121.0199,4975.51,78.72,4.27
2024-02-22,2019.699951171875,-0.00128654033393793,121.0379,4981.8,78.89,4.32
2024-02-23,2038.5999755859375,0.00931432442000357,121.102,5087.03,79.64,4.33
2024-02-26,2028.5,-0.00496668211191408,121.0369,5088.8,77.6,4.26
2024-02-27,2034,0.00270769396200343,121.0592,5069.53,78.53,4.28
2024-02-28,2033,-4.917629801584056e-4,120.9647,5078.18,79.8,4.31
2024-02-29,2045.699951171875,0.00622747069770657,121.128,5069.76,79.44,4.27
2024-03-01,2086.89990234375,0.01993965913984308,121.1824,5096.27,79.22,4.25
2024-03-04,2117.699951171875,0.01465090654648992,121.0111,5137.08,80.9,4.19
2024-03-05,2133.5,0.00743325261566774,120.872,5130.95,79.67,4.22
2024-03-06,2150.300048828125,0.00784356635087579,120.8846,5078.65,79.11,4.13
2024-03-07,2158,0.0035744768391499002,120.4649,5104.76,80.08,4.11
2024-03-08,2178.60009765625,0.00950064665549632,120.1909,5157.36,79.81,4.09
2024-03-11,2182.5,0.00178849524018076,119.975,5123.69,78.96,4.09
2024-03-12,2160.39990234375,-0.01017766419787769,120.0394,5117.94,78.87,4.1
2024-03-13,2175.39990234375,0.00691916625270039,120.1668,5175.27,78.51,4.16
2024-03-14,2163,-0.00571636381552131,119.9642,5165.31,80.67,4.19
2024-03-15,2157.300048828125,-0.00263868454259519,120.241,5150.48,82.16,4.29
2024-03-18,2160.699951171875,0.00157475824287089,120.4003,5117.09,81.94,4.31
2024-03-19,2156.300048828125,-0.0020384080923117,120.5752,5149.42,83.68,4.34
2024-03-20,2157.89990234375,7.416687251717846e-4,120.9332,5178.51,84.39,4.3
2024-03-21,2182.39990234375,0.01128966261576547,120.9289,5224.62,82.79,4.27
2024-03-22,2158.10009765625,-0.01119689370351206,120.8086,5241.53,81.99,4.27
2024-03-25,2174.800048828125,0.00770847852509515,121.1842,5234.18,81.1,4.22
2024-03-26,2175.60009765625,3.678047123045758e-4,121.0295,5218.19,82.41,4.25
2024-03-27,2190.60009765625,0.00687099003347935,121.0742,5203.58,82.41,4.24
2024-03-28,2217.39990234375,0.01215977082804276,121.0089,5248.49,82.15,4.2
2024-04-01,2236.5,0.00857684957553317,121.0635,5254.35,83.96,4.2
2024-04-02,2261,0.01089504940506724,121.5151,5243.77,84.54,4.33
2024-04-03,2294.39990234375,0.01466413556445989,121.3035,5205.81,85.95,4.36
2024-04-04,2288.800048828125,-0.00244364477302472,121.0198,5211.49,86.22,4.36
2024-04-05,2325.699951171875,0.01599336391178152,120.7613,5147.21,87.37,4.31
2024-04-08,2331.699951171875,0.00257654633276249,120.9646,5204.34,87.69,4.39
